rcid,total_postings,n_years,first_year,last_year
99709804,20363,4,2023,2026
952420,10377,5,2022,2026
779820,10279,7,2020,2026
94762324,9890,5,2022,2026
1393437,7105,7,2020,2026
4826857,7080,7,2020,2026
20937770,6779,8,2019,2026
1187448,6694,6,2021,2026
1301557,6350,7,2020,2026
1109560,6198,7,2020,2026
3178295,5891,7,2020,2026
331805,5081,7,2020,2026
4821893,5006,6,2021,2026
1411325,4554,1,2023,2023
22193373,4354,5,2022,2026
1262959,4333,1,2023,2023
369884,4009,6,2021,2026
2753762,3953,4,2021,2024
1230770,3811,7,2020,2026
371671,3787,7,2020,2026
100120747,3607,2,2024,2025
57206,3601,3,2018,2022
4834309,3593,6,2021,2026
5184192,3577,4,2022,2025
5797611,3519,7,2020,2026
2934290,3403,7,2020,2026
25674,3390,7,2020,2026
6497971,3325,6,2021,2026
1171338,3274,7,2020,2026
7375,3251,6,2021,2026
16572390,3173,6,2021,2026
22144692,3140,7,2020,2026
5874,3121,5,2021,2025
6328177,2902,8,2019,2026
160134,2801,7,2020,2026
1093894,2720,8,2019,2026
812980,2585,1,2024,2024
4067634,2584,7,2020,2026
4329571,2554,8,2019,2026
22165252,2547,6,2021,2026
94151392,2531,6,2021,2026
92791438,2487,9,2017,2026
906630,2483,7,2020,2026
188574,2460,1,2025,2025
15777661,2391,3,2024,2026
22208096,2358,7,2020,2026
24229018,2313,3,2024,2026
940229,2281,9,2018,2026
51306,2272,6,2021,2026
4960281,2213,7,2020,2026
2379241,2147,7,2020,2026
703686,2098,7,2020,2026
101618793,2028,2,2025,2026
915905,1943,7,2020,2026
1642938,1936,6,2021,2026
22233107,1858,6,2021,2026
689248,1852,7,2020,2026
1112079,1823,7,2020,2026
2401605,1784,6,2021,2026
20972224,1782,5,2022,2026
1804841,1776,8,2018,2026
5371666,1739,6,2021,2026
22789272,1734,7,2020,2026
320121,1715,7,2020,2026
22151255,1691,6,2021,2026
1352892,1672,7,2020,2026
21047943,1632,5,2021,2025
875126,1626,7,2020,2026
1091691,1617,6,2021,2026
9144053,1565,6,2021,2026
906377,1564,8,2019,2026
1656258,1508,7,2020,2026
11570823,1488,5,2021,2025
1083012,1486,8,2015,2026
781017,1481,6,2021,2026
1134784,1444,7,2020,2026
22178039,1438,7,2020,2026
1653581,1430,7,2020,2026
12003118,1402,6,2020,2025
936658,1386,7,2020,2026
7050618,1383,7,2020,2026
4129372,1374,6,2021,2026
984909,1368,7,2020,2026
7194204,1364,6,2021,2026
6130074,1358,7,2020,2026
506904,1347,5,2022,2026
15598236,1332,3,2022,2024
4129369,1313,8,2019,2026
7834861,1312,6,2021,2026
5819484,1302,5,2022,2026
93195609,1266,6,2021,2026
830673,1251,7,2020,2026
9080,1249,7,2020,2026
748242,1217,7,2020,2026
709929,1207,7,2020,2026
4441748,1196,6,2021,2026
93128095,1194,8,2018,2026
417547,1165,8,2019,2026
169360,1152,7,2020,2026
5528766,1150,4,2021,2024
243073,1139,7,2020,2026
465081,1131,7,2020,2026
61643,1128,7,2020,2026
802435,1121,6,2021,2026
1451417,1120,7,2020,2026
144359,1114,3,2024,2026
567403,1106,6,2021,2026
96165922,1101,4,2022,2025
996610,1100,7,2020,2026
3599360,1086,7,2020,2026
95828750,1077,5,2022,2026
1036263,1068,6,2018,2026
936611,1066,7,2020,2026
4392281,1062,4,2021,2026
9279668,1060,5,2022,2026
8078440,1046,7,2020,2026
24018989,1046,8,2018,2026
22247947,1035,5,2021,2025
355092,1034,6,2021,2026
7646045,1032,7,2020,2026
20933904,1026,7,2020,2026
760720,1019,2,2023,2024
534669,1002,7,2020,2026
97713944,996,2,2024,2025
581558,994,6,2021,2026
21597170,992,8,2019,2026
1124974,979,4,2022,2025
1232808,971,7,2020,2026
239923,970,7,2020,2026
22239664,966,5,2022,2026
9245519,954,5,2022,2026
20517181,944,7,2020,2026
1165843,943,7,2020,2026
23453910,940,7,2020,2026
1666636,937,6,2021,2026
981501,933,7,2020,2026
443107,931,7,2020,2026
1214801,930,5,2022,2026
4806592,928,4,2022,2025
16241616,922,6,2021,2026
457987,919,6,2021,2026
2359425,911,7,2020,2026
101031440,907,3,2024,2026
22155844,902,7,2020,2026
5827739,900,4,2021,2024
350953,882,7,2020,2026
15844,878,7,2018,2026
96486200,872,3,2024,2026
10146245,864,4,2023,2026
174957,862,6,2021,2026
3844800,860,3,2023,2025
22148556,853,7,2020,2026
5216313,851,3,2022,2024
1682563,849,6,2021,2026
1869656,843,8,2018,2026
8742431,840,7,2020,2026
14068384,827,6,2021,2026
96545310,820,7,2020,2026
1411349,819,5,2022,2026
1640006,817,6,2021,2026
4425398,809,6,2021,2026
8902213,804,6,2021,2026
17568641,803,5,2021,2026
1262285,794,7,2020,2026
96617644,794,5,2022,2026
96501934,792,3,2024,2026
966158,789,7,2020,2026
12004415,786,7,2020,2026
89119,782,5,2022,2026
1055042,782,6,2021,2026
287155,781,7,2020,2026
98270936,759,3,2024,2026
817161,755,3,2024,2026
280087,751,7,2020,2026
647056,749,6,2021,2026
4881345,747,3,2024,2026
7209799,746,6,2020,2025
93218364,741,6,2021,2026
26615515,737,4,2023,2026
1524339,731,6,2021,2026
22251670,731,5,2022,2026
769064,724,5,2022,2026
7723950,723,7,2020,2026
1451949,720,7,2020,2026
8054215,719,7,2020,2026
1368743,716,7,2020,2026
169939,711,7,2020,2026
649820,710,5,2020,2024
1399622,709,3,2024,2026
302463,706,7,2020,2026
935792,701,7,2020,2026
639812,698,7,2019,2026
10987211,697,7,2020,2026
1145983,694,6,2021,2026
93320952,692,4,2023,2026
305012,689,6,2021,2026
7534776,687,6,2021,2026
800066,686,6,2021,2026
5819478,675,6,2021,2026
5337915,674,6,2021,2026
604502,672,5,2022,2026
6400398,670,6,2021,2026
547116,669,7,2020,2026
606079,667,6,2018,2026
583678,663,7,2020,2026
826245,660,7,2020,2026
7730775,656,7,2020,2026
2568794,654,7,2020,2026
20701990,654,7,2020,2026
444215,653,6,2021,2026
1084122,653,7,2020,2026
1355972,652,6,2021,2026
465947,648,5,2022,2026
1058565,647,7,2020,2026
7194636,643,5,2022,2026
449862,625,5,2022,2026
687161,625,5,2022,2026
114861,618,7,2020,2026
827410,615,7,2020,2026
668132,606,7,2020,2026
415089,605,5,2022,2026
1237142,604,7,2020,2026
397105,603,7,2020,2026
6426199,595,6,2021,2026
187106,593,7,2020,2026
22169337,591,5,2020,2024
6715068,590,7,2020,2026
467759,588,7,2020,2026
241524,587,6,2021,2026
509865,587,5,2020,2025
272995,585,6,2021,2026
1076325,585,7,2020,2026
1295406,583,6,2021,2026
1401115,582,4,2023,2026
20922659,582,7,2020,2026
7827882,572,5,2022,2026
1669173,571,7,2020,2026
1446123,570,5,2022,2026
7170444,567,7,2020,2026
803275,566,5,2022,2026
4675641,566,7,2020,2026
62507,564,6,2021,2026
2184651,561,7,2020,2026
1075991,559,6,2021,2026
4280403,558,6,2021,2026
2562438,557,7,2020,2026
385118,554,6,2021,2026
917454,554,5,2021,2025
1304415,554,7,2020,2026
354943,552,5,2022,2026
1706855,552,7,2019,2026
90557615,552,5,2022,2026
166182,549,4,2022,2026
373045,548,6,2021,2026
806872,548,7,2020,2026
93935114,548,4,2022,2025
772171,547,6,2021,2026
1498016,544,4,2023,2026
1626101,544,7,2020,2026
93368720,541,6,2021,2026
7963787,540,7,2020,2026
7387455,538,7,2020,2026
664191,535,5,2022,2026
1207382,534,7,2020,2026
6196444,533,7,2020,2026
4356319,532,2,2023,2024
3915065,530,6,2021,2026
754343,528,6,2021,2026
411620,524,6,2021,2026
92776493,524,4,2023,2026
561009,522,6,2021,2026
188011,518,5,2022,2026
1033568,516,6,2021,2026
100585255,516,3,2024,2026
678932,512,7,2020,2026
886975,512,5,2021,2025
22163960,511,4,2023,2026
977104,508,3,2020,2022
8097940,508,7,2020,2026
22142761,508,7,2020,2026
234743,506,7,2020,2026
27888956,505,4,2023,2026
101562517,505,2,2024,2025
163188,504,7,2020,2026
5284017,504,6,2021,2026
22152675,501,7,2020,2026
1012780,498,7,2020,2026
8047187,498,7,2020,2026
4148535,496,6,2020,2026
4603309,495,6,2021,2026
998659,494,3,2023,2025
207187,492,7,2020,2026
849413,489,7,2020,2026
1136927,483,7,2020,2026
21226722,483,5,2022,2026
94177929,481,3,2024,2026
53775,479,7,2020,2026
424716,477,5,2022,2026
3023003,475,6,2021,2026
22151191,475,7,2020,2026
28786,474,6,2021,2026
14896444,474,7,2020,2026
20180152,471,7,2020,2026
897372,470,7,2020,2026
17804686,469,6,2021,2026
27372,468,7,2020,2026
4185752,467,6,2021,2026
803508,465,6,2021,2026
353245,461,6,2021,2026
81479,459,5,2021,2025
22171236,459,3,2024,2026
973789,457,5,2022,2026
3723260,457,7,2020,2026
1013183,454,3,2022,2024
481889,453,6,2021,2026
7150431,449,7,2020,2026
586943,444,7,2020,2026
16955785,444,5,2022,2026
689327,442,5,2022,2026
172880,441,6,2021,2026
17641136,440,8,2019,2026
800980,439,7,2020,2026
20960728,437,6,2021,2026
991132,436,7,2020,2026
267301,435,6,2021,2026
17322523,429,6,2021,2026
20931761,429,7,2020,2026
23454047,428,7,2020,2026
22205569,427,5,2022,2026
1280089,426,7,2020,2026
516944,425,6,2021,2026
603606,425,6,2021,2026
1643560,424,4,2023,2026
644352,423,6,2021,2026
2268400,422,7,2020,2026
3191580,421,7,2020,2026
3326661,421,6,2021,2026
94754785,420,4,2023,2026
407120,419,7,2019,2025
3060800,418,5,2022,2026
3683189,418,6,2021,2026
15016018,415,6,2021,2026
92798495,414,7,2020,2026
98261904,414,5,2022,2026
9136436,413,7,2020,2026
912957,412,6,2021,2026
421785,411,7,2020,2026
93236580,411,7,2020,2026
93310730,410,5,2021,2026
5227248,408,6,2021,2026
21121986,407,4,2023,2026
268870,403,7,2020,2026
626405,402,7,2020,2026
5101861,402,7,2020,2026
165816,401,6,2021,2026
1243534,401,7,2020,2026
6276357,401,4,2022,2025
1058616,400,6,2021,2026
2446453,397,3,2021,2023
5328127,393,3,2023,2025
7646047,393,7,2020,2026
1394564,392,7,2020,2026
6904409,391,6,2021,2026
4590673,389,6,2021,2026
7235360,389,6,2021,2026
92919859,389,5,2022,2026
1491955,388,6,2021,2026
3733580,387,7,2020,2026
3387243,386,7,2020,2026
479978,384,7,2020,2026
1261598,383,6,2021,2026
20931521,383,7,2020,2026
2149319,376,7,2020,2026
564809,374,6,2021,2026
988603,374,2,2023,2024
4534652,374,7,2020,2026
23515329,374,7,2020,2026
966644,371,5,2022,2026
24016792,371,5,2021,2025
8026302,369,7,2020,2026
950225,367,7,2020,2026
100757181,367,3,2024,2026
7376,366,7,2020,2026
923076,365,7,2020,2026
92836065,361,2,2022,2023
1674457,357,6,2021,2026
1034775,356,7,2020,2026
4824038,356,7,2020,2026
6320242,356,7,2020,2026
23454058,356,5,2022,2026
604112,355,6,2020,2025
3456533,355,5,2022,2026
6608200,354,5,2022,2026
5147576,353,2,2024,2025
111394,352,5,2022,2026
101076978,352,2,2025,2026
4544220,351,4,2022,2025
507038,349,7,2020,2026
821361,349,6,2021,2026
1206854,349,5,2019,2024
5525608,349,7,2020,2026
1401576,348,6,2021,2026
9206902,348,6,2021,2026
21009516,347,7,2020,2026
27599,342,7,2020,2026
51704,341,7,2020,2026
6723490,340,7,2020,2026
14239571,340,4,2021,2025
2439128,339,6,2021,2026
93890077,339,2,2023,2024
24148786,338,5,2022,2026
2397881,336,6,2021,2026
1080387,335,6,2021,2026
1485785,331,1,2025,2025
2162069,331,6,2021,2026
557847,330,7,2020,2026
1039716,329,5,2022,2026
16252707,329,7,2020,2026
22142390,329,7,2020,2026
23169969,328,6,2021,2026
394317,327,6,2021,2026
7721721,327,5,2022,2026
22145052,327,7,2020,2026
1130030,326,7,2020,2026
1154107,326,5,2022,2026
96737402,326,5,2020,2025
3495120,325,6,2021,2026
675034,324,7,2020,2026
410578,323,5,2021,2025
608676,323,6,2021,2026
5579907,322,5,2022,2026
22525098,321,6,2021,2026
1173615,320,7,2020,2026
2000281,319,6,2021,2026
4391718,319,6,2021,2026
398788,318,6,2021,2026
5853551,318,7,2019,2026
22170579,318,6,2021,2026
56971,315,6,2021,2026
1315932,315,5,2022,2026
95386656,315,4,2023,2026
1371198,313,6,2021,2026
3332110,313,5,2022,2026
1685096,312,7,2018,2026
9631137,312,7,2020,2026
472640,311,7,2020,2026
1047242,311,5,2021,2025
571059,310,6,2021,2026
4663354,310,4,2023,2026
25181522,310,7,2020,2026
3629548,308,7,2020,2026
674,307,6,2019,2026
22154506,306,5,2022,2026
1155093,305,7,2020,2026
1627038,305,6,2021,2026
352687,304,5,2022,2026
452955,303,7,2020,2026
169754,302,2,2025,2026
361063,302,7,2020,2026
20932373,302,6,2021,2026
253214,301,7,2020,2026
1228310,301,6,2021,2026
807572,300,7,2020,2026
1643137,300,6,2021,2026
1275619,299,7,2020,2026
1103286,298,7,2020,2026
792770,297,7,2020,2026
93200336,297,5,2021,2025
18790246,296,6,2021,2026
96658663,296,4,2023,2026
5411546,295,5,2021,2025
17423703,293,5,2022,2026
11992520,290,4,2023,2026
961512,289,7,2020,2026
2013919,289,7,2020,2026
5288410,289,5,2022,2026
4606710,288,7,2020,2026
75884,287,7,2020,2026
1293016,287,2,2024,2025
8092980,287,6,2021,2026
139978,286,6,2021,2026
6086025,286,7,2020,2026
374859,285,7,2020,2026
1146176,285,4,2023,2026
271636,284,7,2020,2026
101298673,284,2,2025,2026
18937002,283,2,2024,2025
195396,282,7,2020,2026
1333510,282,7,2020,2026
1075288,281,6,2021,2026
1386992,280,7,2020,2026
4531682,280,7,2020,2026
7858145,280,5,2022,2026
1134295,279,7,2020,2026
1374224,279,6,2021,2026
1336028,278,7,2020,2026
26998758,278,7,2020,2026
5179398,277,6,2021,2026
7065566,277,4,2023,2026
3397459,276,6,2021,2026
8901366,276,6,2021,2026
1378856,275,2,2025,2026
513460,274,7,2020,2026
20922195,274,5,2022,2026
35494941,274,3,2023,2025
6976051,273,7,2020,2026
93855304,273,4,2023,2026
146162,272,6,2021,2026
1179475,272,7,2020,2026
1206341,272,7,2020,2026
13824324,272,4,2023,2026
196290,271,3,2024,2026
357873,271,7,2020,2026
7148322,271,6,2021,2026
1279557,270,7,2020,2026
716940,269,7,2019,2026
3138672,269,6,2020,2025
36240,268,6,2021,2026
976078,268,7,2020,2026
5448213,268,4,2023,2026
7061993,268,7,2020,2026
12705635,268,4,2023,2026
95786473,267,3,2024,2026
989362,266,4,2023,2026
1314485,265,7,2020,2026
602119,264,5,2022,2026
4207355,264,1,2025,2025
21033153,264,5,2022,2026
472149,263,2,2025,2026
1321217,263,6,2021,2026
33645,262,6,2021,2026
581427,261,6,2021,2026
602849,261,5,2022,2026
1130353,261,7,2020,2026
304187,260,6,2021,2026
962613,260,2,2024,2025
2811890,260,7,2020,2026
6041474,260,6,2021,2026
93540105,259,6,2021,2026
6442,258,7,2020,2026
686791,258,7,2020,2026
39932,257,6,2021,2026
518852,256,5,2022,2026
761068,256,3,2022,2024
231874,255,6,2021,2026
6722921,255,6,2021,2026
494205,254,5,2021,2026
4481311,254,6,2021,2026
5824093,254,7,2020,2026
543448,253,6,2021,2026
5453032,252,5,2022,2026
7014191,252,8,2018,2026
21789139,252,5,2022,2026
45434,251,6,2021,2026
2790031,251,6,2021,2026
7385320,251,4,2023,2026
6277099,250,6,2021,2026
20930884,250,7,2020,2026
794753,249,4,2021,2025
961854,249,5,2022,2026
93035092,249,5,2022,2026
350981,247,7,2020,2026
1034730,247,5,2022,2026
1157815,247,6,2020,2025
5337650,247,4,2023,2026
775676,246,6,2021,2026
864479,246,6,2021,2026
889739,246,7,2020,2026
1396468,246,7,2020,2026
13438586,246,4,2023,2026
27786207,246,4,2023,2026
4129368,245,5,2022,2026
94832250,245,6,2021,2026
5209161,243,7,2020,2026
10533,242,7,2020,2026
534729,242,7,2020,2026
3687997,242,6,2021,2026
4880103,242,2,2024,2025
6815236,242,7,2020,2026
7999045,241,5,2022,2026
21021880,241,7,2020,2026
22251866,241,5,2022,2026
431851,240,6,2021,2026
1118377,240,6,2021,2026
23274118,240,7,2020,2026
1089615,239,7,2020,2026
5324545,239,6,2021,2026
471430,238,5,2022,2026
9151100,238,2,2023,2024
4689492,237,6,2020,2025
6929933,237,7,2020,2026
22147471,237,7,2020,2026
22262640,237,5,2021,2025
635178,236,5,2021,2025
955435,236,2,2024,2025
3348178,236,4,2023,2026
23183378,235,4,2023,2026
96068534,235,3,2024,2026
4878745,233,7,2020,2026
999597,232,3,2024,2026
21049311,232,4,2023,2026
260694,231,7,2020,2026
1149359,231,6,2021,2026
3942929,231,7,2020,2026
319577,230,7,2020,2026
1097713,230,6,2021,2026
441760,229,7,2020,2026
1087633,229,2,2024,2025
6488194,229,6,2021,2026
1198647,228,6,2021,2026
1352588,228,7,2020,2026
514654,227,5,2021,2025
3985046,227,6,2021,2026
14993965,227,6,2021,2026
93141641,227,4,2023,2026
2483236,226,6,2021,2026
22152622,226,7,2020,2026
317091,225,6,2021,2026
807796,225,5,2021,2025
3081243,225,4,2020,2023
3372236,225,5,2022,2026
4921249,225,6,2021,2026
11322400,225,5,2022,2026
1029474,224,6,2021,2026
93280606,224,3,2024,2026
743353,223,5,2022,2026
1498711,223,7,2020,2026
1749484,223,4,2021,2024
102301774,223,2,2025,2026
508991,222,6,2021,2026
27916858,222,7,2020,2026
103243,221,4,2022,2025
1118760,221,2,2021,2022
736980,220,6,2021,2026
22249212,220,5,2022,2026
92776843,220,5,2022,2026
17337702,219,4,2022,2025
672859,218,6,2021,2026
13203637,218,7,2020,2026
197643,217,5,2022,2026
939114,217,7,2020,2026
967071,217,5,2021,2025
1674868,217,7,2020,2026
9208895,217,6,2020,2025
16010174,217,2,2024,2025
94356465,216,3,2024,2026
3178281,215,6,2021,2026
5317183,215,6,2021,2026
8595421,215,5,2022,2026
22253123,215,5,2022,2026
39939,214,7,2020,2026
154611,214,6,2021,2026
957281,214,6,2021,2026
6550560,214,6,2021,2026
1449531,213,6,2021,2026
876608,211,6,2020,2025
1382244,211,7,2020,2026
4318865,211,6,2021,2026
217553,210,3,2024,2026
1103142,210,8,2017,2026
1260731,210,5,2021,2025
20932668,210,4,2023,2026
15799035,209,4,2021,2024
20475980,209,5,2022,2026
22151717,208,6,2021,2026
59924,207,7,2020,2026
122917,207,2,2021,2022
878034,207,4,2022,2025
1139889,207,4,2023,2026
1464975,207,6,2021,2026
1925544,207,7,2020,2026
19818149,207,2,2025,2026
22267048,206,6,2021,2026
7116892,205,6,2021,2026
15877927,205,6,2021,2026
575399,204,2,2023,2024
693463,204,6,2018,2025
7876208,204,4,2022,2025
873932,203,7,2020,2026
1176642,203,7,2020,2026
3145371,203,6,2021,2026
16002605,203,4,2022,2025
22254759,203,6,2020,2025
92773281,203,5,2022,2026
32853,202,7,2020,2026
289812,202,6,2021,2026
955185,202,6,2021,2026
1263422,202,4,2020,2023
6280164,202,6,2021,2026
7262934,202,5,2021,2025
488735,201,8,2019,2026
1265557,201,5,2022,2026
22155196,201,7,2020,2026
719989,200,4,2023,2026
23288702,200,6,2021,2026
100168843,200,3,2024,2026
375566,199,6,2020,2026
560804,199,7,2020,2026
1332121,199,7,2020,2026
1800898,199,6,2021,2026
6818829,199,7,2020,2026
13073143,199,6,2020,2025
290236,198,2,2024,2025
348972,198,7,2020,2026
611331,198,7,2020,2026
1356605,198,7,2020,2026
24022693,198,4,2021,2024
2924665,197,6,2021,2026
4050180,197,6,2020,2026
21513312,197,5,2022,2026
92810923,197,5,2021,2025
15149656,196,6,2021,2026
97894579,196,1,2024,2024
2805950,195,5,2022,2026
328198,194,5,2021,2025
1378319,194,5,2022,2026
7068828,194,7,2020,2026
7465573,194,4,2023,2026
338316,193,7,2020,2026
4286793,193,6,2021,2026
5511127,193,3,2024,2026
7196918,193,3,2023,2025
24048857,193,5,2021,2026
288896,192,6,2021,2026
1902063,192,6,2021,2026
4481037,191,6,2021,2026
21662373,191,5,2022,2026
98062769,191,1,2024,2024
566155,190,7,2020,2026
8914936,190,7,2020,2026
26708397,190,3,2024,2026
2194359,189,6,2021,2026
3434742,189,6,2021,2026
21254292,189,5,2021,2026
611043,188,4,2023,2026
1457547,187,7,2020,2026
22270931,187,2,2024,2025
95548319,187,3,2024,2026
865958,186,1,2022,2022
197273,185,7,2020,2026
754950,185,5,2021,2025
1148859,185,5,2021,2025
1646953,185,4,2022,2025
1647886,185,6,2021,2026
5242704,185,7,2020,2026
5414079,185,7,2020,2026
22147382,184,6,2021,2026
4722778,183,7,2020,2026
15648225,183,7,2020,2026
21910087,183,7,2020,2026
1950166,182,7,2020,2026
3832010,182,6,2021,2026
5641012,182,7,2020,2026
21012406,181,7,2020,2026
21703549,181,5,2022,2026
2397514,180,7,2020,2026
5339338,180,6,2020,2025
6191955,180,4,2023,2026
11915440,180,5,2022,2026
14145717,180,4,2021,2024
1178080,179,7,2020,2026
2901783,179,6,2021,2026
5596094,179,6,2020,2026
22236713,179,7,2018,2026
22250159,179,7,2020,2026
24499525,179,4,2022,2025
1178504,178,4,2022,2025
6501514,178,6,2021,2026
18939604,178,6,2020,2025
22148136,178,7,2020,2026
92767751,178,5,2021,2026
93185141,178,6,2021,2026
64012,177,7,2020,2026
75741,177,3,2024,2026
703943,177,2,2024,2025
961059,177,5,2022,2026
1312093,177,2,2024,2025
1703352,177,5,2022,2026
2870123,177,6,2021,2026
3334683,177,7,2020,2026
3984688,177,5,2022,2026
6396159,177,5,2021,2025
19738089,177,5,2022,2026
22142075,177,7,2020,2026
547606,176,4,2023,2026
634775,176,6,2021,2026
1246081,176,6,2020,2025
1336881,176,7,2020,2026
1359692,176,6,2021,2026
1997351,176,4,2021,2026
2448134,176,7,2020,2026
70806,175,3,2023,2026
190657,173,4,2022,2025
786006,173,5,2022,2026
95061913,173,3,2023,2025
20422,172,7,2020,2026
1406814,172,6,2021,2026
7636690,172,4,2022,2025
23406126,172,6,2021,2026
49748870,172,3,2024,2026
94428655,172,4,2023,2026
1319584,171,6,2021,2026
4137094,171,3,2022,2024
22754955,171,3,2023,2026
102452261,171,2,2024,2025
1093338,170,6,2021,2026
1184244,170,2,2024,2025
185897,169,6,2021,2026
222132,169,6,2020,2025
582313,169,3,2024,2026
583473,169,4,2022,2025
789371,169,7,2020,2026
970845,169,7,2020,2026
12664049,169,6,2021,2026
22180268,169,5,2021,2025
25706261,169,7,2020,2026
560591,168,9,2018,2026
601111,168,6,2021,2026
665603,168,5,2021,2025
3682540,168,7,2018,2026
5212240,168,5,2022,2026
6952531,168,6,2021,2026
341573,167,7,2020,2026
1164198,167,6,2021,2026
1372296,167,7,2020,2026
1487851,167,6,2021,2026
1673520,167,5,2022,2026
4632021,167,1,2025,2025
7780178,167,7,2020,2026
26648106,167,2,2024,2025
392937,166,7,2020,2026
5828033,166,1,2023,2023
23760109,166,1,2023,2023
99069160,166,4,2023,2026
408724,165,6,2021,2026
451551,165,5,2021,2025
882528,165,5,2022,2026
22151064,165,4,2023,2026
7237568,164,5,2022,2026
247928,163,6,2021,2026
997744,163,4,2023,2026
1057604,163,7,2020,2026
1211388,163,6,2021,2026
4761795,163,6,2021,2026
5122832,163,7,2020,2026
18579758,163,5,2022,2026
27897133,163,7,2020,2026
96296933,163,5,2022,2026
137861,162,5,2022,2026
344989,162,5,2021,2025
425643,162,6,2020,2025
5359083,162,1,2025,2025
26538033,162,6,2020,2026
98752274,162,3,2024,2026
102115757,162,5,2022,2026
4428872,161,7,2020,2026
6671398,161,6,2021,2026
20333791,161,7,2020,2026
22789553,161,3,2022,2025
245774,160,5,2021,2026
574320,160,6,2020,2026
11319781,160,7,2020,2026
21789805,160,7,2020,2026
361294,159,4,2022,2025
987964,159,5,2022,2026
4846338,159,4,2023,2026
7221326,159,6,2021,2026
253152,158,5,2022,2026
2018197,158,7,2020,2026
2077166,158,6,2020,2025
6347267,158,5,2022,2026
331833,157,5,2022,2026
358589,157,6,2021,2026
5324810,157,6,2021,2026
92784263,157,5,2021,2025
93776908,157,5,2022,2026
740328,156,2,2024,2025
2954788,156,6,2021,2026
24035426,156,7,2020,2026
221175,155,7,2020,2026
521899,155,5,2022,2026
826107,155,5,2021,2025
462023,154,6,2020,2025
1086481,154,5,2022,2026
2327290,154,5,2022,2026
3550994,154,6,2021,2026
5191716,154,5,2022,2026
160174,153,7,2020,2026
1034308,153,3,2024,2026
1083697,153,6,2021,2026
5507891,153,6,2021,2026
5804314,153,5,2021,2025
7721540,153,7,2020,2026
22197520,153,4,2023,2026
550854,152,4,2022,2025
282992,151,5,2022,2026
738062,151,6,2020,2025
946234,151,3,2024,2026
1063578,151,6,2021,2026
1080992,151,3,2023,2025
1396619,151,7,2020,2026
2812108,151,5,2022,2026
7649337,151,4,2023,2026
1413816,150,3,2022,2025
13659604,150,6,2020,2025
69817,149,7,2020,2026
845422,149,6,2021,2026
883647,149,6,2020,2026
3197091,149,6,2021,2026
6159170,149,7,2020,2026
12334257,149,3,2024,2026
21776175,149,5,2022,2026
527069,148,4,2022,2025
2722935,148,6,2021,2026
374762,147,4,2022,2025
708051,147,4,2023,2026
81895,146,7,2020,2026
344364,146,7,2020,2026
1016034,146,6,2021,2026
1501743,146,5,2022,2026
5122887,146,7,2020,2026
5327631,146,5,2021,2025
17869070,146,7,2020,2026
92991356,146,2,2021,2022
405971,145,4,2022,2025
656788,145,4,2023,2026
1267310,145,5,2022,2026
1675107,145,6,2021,2026
2592631,145,7,2020,2026
6817056,145,5,2022,2026
27271,144,2,2022,2025
983733,144,7,2020,2026
1481923,144,2,2021,2022
5090971,144,7,2020,2026
8446780,144,5,2022,2026
93332260,144,4,2023,2026
98887508,144,2,2025,2026
1009367,143,2,2024,2025
2162071,143,5,2021,2025
4841911,143,6,2021,2026
19808330,143,4,2022,2025
22086644,143,6,2021,2026
166241,142,7,2020,2026
558472,142,6,2020,2025
994746,142,6,2021,2026
6279126,142,6,2021,2026
7156329,142,6,2021,2026
7868609,142,7,2020,2026
9984689,142,5,2022,2026
3773805,141,2,2024,2025
7728776,141,7,2020,2026
7947520,141,5,2022,2026
13357270,141,5,2022,2026
218,140,6,2020,2026
3655970,140,7,2020,2026
4288574,140,4,2021,2024
7609894,140,6,2020,2025
17591490,140,4,2023,2026
93486378,140,2,2024,2025
10230,139,6,2021,2026
1007314,139,6,2021,2026
1290088,139,6,2018,2026
1324546,139,7,2020,2026
4140380,139,6,2021,2026
618356,138,6,2021,2026
1035624,138,1,2025,2025
1333549,138,3,2024,2026
1662029,138,7,2020,2026
3420405,138,7,2020,2026
6822236,138,6,2021,2026
7782087,138,5,2022,2026
8335350,138,5,2021,2025
8949021,138,7,2020,2026
22141982,138,6,2021,2026
459800,137,7,2020,2026
774155,137,5,2021,2026
1122239,137,7,2020,2026
1142749,137,7,2020,2026
1186980,137,3,2023,2025
2793144,137,6,2021,2026
9039136,137,7,2020,2026
22655814,137,4,2022,2025
982074,136,5,2022,2026
1140291,136,4,2022,2025
2105768,136,7,2020,2026
3220436,136,6,2020,2025
4192958,136,7,2020,2026
4211192,136,7,2020,2026
5089056,136,3,2024,2026
7289624,136,1,2021,2021
16243570,136,3,2024,2026
20925158,136,7,2020,2026
27778230,136,5,2022,2026
30127375,136,4,2023,2026
93459877,136,6,2021,2026
867020,135,6,2020,2025
3763281,135,5,2021,2025
11689870,135,7,2020,2026
594642,134,7,2020,2026
677128,134,5,2022,2026
1010836,134,7,2020,2026
4215423,134,6,2021,2026
6112652,134,6,2021,2026
22142783,134,6,2021,2026
22968654,134,6,2021,2026
60692,133,6,2021,2026
956391,133,5,2022,2026
1024728,133,5,2022,2026
1057287,133,6,2021,2026
1087812,133,5,2021,2025
1128458,133,6,2021,2026
1429420,133,2,2023,2024
6976033,133,4,2023,2026
283525,132,4,2022,2025
999603,132,6,2020,2025
17799646,132,6,2021,2026
93138466,132,7,2020,2026
95833930,132,2,2025,2026
594264,131,7,2020,2026
769966,131,7,2020,2026
947678,131,7,2020,2026
1156586,131,6,2020,2025
3945911,131,7,2020,2026
100204481,131,2,2025,2026
196582,130,3,2024,2026
1214091,130,6,2021,2026
93954413,130,2,2023,2024
71069,129,5,2022,2026
242992,129,6,2021,2026
268764,129,6,2021,2026
504011,129,6,2021,2026
767167,129,3,2024,2026
1340308,129,7,2020,2026
6528829,129,5,2022,2026
22648629,129,7,2020,2026
96198592,129,3,2024,2026
498611,128,5,2021,2025
667712,128,7,2020,2026
703726,128,5,2022,2026
737353,128,6,2021,2026
860286,128,5,2022,2026
1469500,128,5,2022,2026
1872551,128,5,2021,2025
7706278,128,3,2023,2025
11897717,128,5,2022,2026
22173634,128,7,2020,2026
98323627,128,2,2025,2026
100093104,128,2,2024,2025
105731,127,3,2024,2026
185643,127,3,2024,2026
562042,127,7,2020,2026
689328,127,5,2021,2025
689845,127,4,2021,2024
852862,127,5,2022,2026
1003872,127,4,2020,2023
1140182,127,3,2024,2026
1178963,127,5,2021,2026
1184303,127,6,2021,2026
4321869,127,7,2020,2026
22142834,127,5,2022,2026
26527031,127,7,2020,2026
619531,126,5,2022,2026
6736719,126,5,2022,2026
7916988,126,4,2023,2026
665146,125,5,2022,2026
949223,125,6,2020,2025
2077339,125,5,2022,2026
16008729,125,4,2023,2026
24383,124,5,2022,2026
291022,124,2,2024,2025
451046,124,4,2023,2026
701586,124,4,2023,2026
1843096,124,7,2020,2026
2108254,124,4,2022,2025
4649243,124,3,2024,2026
11149307,124,5,2022,2026
324813,123,4,2020,2024
416530,123,6,2020,2025
428262,123,5,2021,2026
576809,123,7,2020,2026
588257,123,2,2024,2025
730487,123,7,2020,2026
821873,123,5,2021,2025
2144791,123,6,2021,2026
6115488,123,6,2021,2026
22187273,123,4,2023,2026
98799993,123,3,2024,2026
56698,122,6,2021,2026
1023796,122,3,2022,2024
1341157,122,6,2021,2026
6930101,122,7,2020,2026
22160794,122,6,2021,2026
94425399,122,2,2024,2025
351560,121,6,2021,2026
430977,121,6,2021,2026
500528,121,6,2021,2026
568021,121,7,2020,2026
576374,121,6,2021,2026
600578,121,6,2021,2026
837693,121,4,2023,2026
1295844,121,5,2022,2026
1353141,121,9,2016,2025
6588526,121,3,2023,2025
6836175,121,5,2022,2026
23472868,121,6,2020,2026
23969162,121,7,2020,2026
95461956,121,5,2022,2026
5646,120,6,2021,2026
367127,120,7,2020,2026
783845,120,7,2020,2026
898454,120,3,2023,2025
1268269,120,5,2022,2026
3225725,120,5,2022,2026
7538240,120,6,2020,2025
24856405,120,7,2020,2026
95028902,120,2,2023,2024
2630,119,4,2023,2026
473361,119,6,2021,2026
669197,119,4,2022,2025
1214854,119,3,2023,2025
2860072,119,5,2021,2025
14265545,119,3,2024,2026
17322559,119,3,2023,2025
22166856,119,5,2022,2026
94963487,119,4,2022,2025
97019933,119,3,2024,2026
47793,118,5,2022,2026
296044,118,7,2020,2026
317866,118,5,2022,2026
730244,118,5,2020,2025
1058117,118,6,2020,2025
1507569,118,5,2021,2026
1956610,118,6,2021,2026
2066582,118,7,2020,2026
3149937,118,6,2020,2025
5680687,118,6,2021,2026
6218317,118,2,2022,2023
7705172,118,4,2021,2024
16908528,118,4,2023,2026
22250475,118,7,2020,2026
460720,117,1,2025,2025
700291,117,7,2020,2026
783519,117,5,2021,2025
903784,117,7,2020,2026
936534,117,1,2025,2025
1053167,117,6,2021,2026
27757234,117,7,2020,2026
101433,116,5,2022,2026
241013,116,6,2021,2026
947501,116,7,2020,2026
1976080,116,4,2020,2023
7192553,116,6,2021,2026
27778278,116,6,2021,2026
668707,115,6,2021,2026
718542,115,7,2020,2026
1196384,115,5,2020,2024
2558511,115,4,2023,2026
3104837,115,7,2020,2026
4235843,115,6,2021,2026
4477424,115,7,2020,2026
5531438,115,7,2020,2026
97205371,115,3,2024,2026
92840,114,4,2023,2026
929428,114,4,2023,2026
1159876,114,3,2024,2026
5009456,114,5,2021,2025
5072852,114,5,2022,2026
6410406,114,7,2020,2026
7076975,114,6,2021,2026
7259634,114,3,2023,2025
21022883,114,5,2020,2024
99364211,114,2,2024,2025
357335,113,4,2022,2026
437737,113,7,2020,2026
979991,113,3,2022,2024
1115680,113,5,2021,2025
1307111,113,7,2020,2026
2043131,113,7,2020,2026
5067501,113,6,2021,2026
24664174,113,4,2023,2026
279660,112,2,2024,2025
1195145,112,6,2021,2026
1679512,112,5,2022,2026
4509141,112,6,2021,2026
5317083,112,6,2021,2026
5614155,112,7,2020,2026
6671750,112,6,2021,2026
35512540,112,4,2023,2026
92783014,112,2,2025,2026
94777225,112,5,2022,2026
96975672,112,4,2023,2026
117901,111,3,2022,2025
302170,111,3,2021,2023
914182,111,7,2020,2026
1082994,111,5,2021,2025
3082857,111,5,2022,2026
3180150,111,6,2021,2026
4525717,111,2,2024,2025
10518950,111,5,2022,2026
85103,110,5,2022,2026
163509,110,5,2021,2025
358580,110,5,2021,2025
2326185,110,6,2021,2026
4923934,110,2,2025,2026
4957772,110,6,2021,2026
5967830,110,6,2021,2026
93232634,110,5,2022,2026
325475,109,2,2021,2022
996644,109,7,2020,2026
1063462,109,6,2021,2026
3135090,109,5,2022,2026
4331586,109,4,2022,2025
5206108,109,6,2021,2026
7289708,109,1,2021,2021
7713600,109,6,2020,2025
7770704,109,4,2022,2025
9546777,109,6,2021,2026
13702231,109,4,2022,2025
48518558,109,5,2022,2026
93070479,109,4,2023,2026
199380,108,4,2022,2025
320260,108,3,2024,2026
366870,108,6,2020,2025
768076,108,5,2022,2026
17715055,108,2,2025,2026
22151288,108,6,2021,2026
385675,107,6,2021,2026
401178,107,3,2024,2026
1139408,107,5,2021,2025
1158435,107,7,2020,2026
1160017,107,4,2023,2026
1227995,107,7,2020,2026
1367116,107,6,2020,2025
4291671,107,7,2020,2026
7274152,107,5,2022,2026
7703495,107,3,2022,2024
93623017,107,6,2021,2026
98146084,107,2,2023,2024
191445,106,6,2021,2026
599005,106,6,2021,2026
806780,106,3,2024,2026
1051469,106,8,2018,2026
1147771,106,6,2020,2025
1277832,106,6,2021,2026
3584722,106,7,2020,2026
4548164,106,5,2022,2026
9419864,106,5,2021,2025
27820656,106,4,2023,2026
92809427,106,7,2020,2026
93545842,106,6,2021,2026
95107736,106,5,2022,2026
28315,105,2,2024,2025
280313,105,6,2021,2026
481883,105,5,2019,2023
653007,105,4,2022,2025
780315,105,5,2021,2025
917947,105,6,2021,2026
1299083,105,6,2020,2026
1728192,105,6,2021,2026
22186872,105,5,2020,2024
93079781,105,7,2020,2026
1197974,104,7,2020,2026
1327336,104,5,2022,2026
1964279,104,5,2021,2025
23867156,104,6,2021,2026
366813,103,7,2020,2026
590069,103,6,2021,2026
963816,103,6,2021,2026
969022,103,5,2020,2024
1051371,103,7,2020,2026
2732955,103,7,2020,2026
2991658,103,5,2021,2026
3200589,103,5,2021,2025
3844606,103,5,2021,2025
3999592,103,6,2021,2026
4514070,103,5,2022,2026
5525665,103,7,2020,2026
9161613,103,5,2018,2025
17298645,103,5,2021,2025
19392228,103,6,2021,2026
22248232,103,3,2023,2025
48494120,103,5,2022,2026
95150528,103,4,2023,2026
95195931,103,4,2022,2025
28144,102,1,2025,2025
307634,102,2,2025,2026
545904,102,5,2022,2026
614617,102,5,2021,2025
873205,102,6,2021,2026
895095,102,6,2021,2026
921362,102,6,2021,2026
1095840,102,5,2022,2026
1436467,102,6,2021,2026
6171856,102,5,2022,2026
6975976,102,5,2022,2026
7269726,102,4,2023,2026
7671080,102,7,2020,2026
90560993,102,5,2022,2026
92767994,102,6,2021,2026
558724,101,4,2023,2026
615016,101,4,2022,2025
1008117,101,5,2020,2025
1037635,101,7,2019,2026
5462308,101,6,2021,2026
6391622,101,5,2021,2025
12426085,101,5,2022,2026
22218846,101,5,2022,2026
92952475,101,3,2023,2025
99066206,101,3,2024,2026
101084696,101,1,2025,2025
464717,100,2,2024,2025
621992,100,6,2021,2026
1030967,100,6,2021,2026
1171922,100,7,2020,2026
1291486,100,6,2021,2026
2057859,100,6,2020,2025
3838088,100,7,2020,2026
4083471,100,6,2021,2026
7704939,100,4,2022,2025
7925211,100,3,2024,2026
17987803,100,5,2022,2026
18283940,100,5,2022,2026
92832960,100,3,2022,2024
92888402,100,5,2022,2026
93747511,100,3,2022,2024
701396,99,4,2023,2026
941595,99,5,2021,2025
1064853,99,6,2021,2026
1343568,99,6,2021,2026
1404533,99,5,2022,2026
1741636,99,6,2021,2026
2162212,99,6,2021,2026
3743060,99,7,2020,2026
3802988,99,6,2021,2026
17408069,99,6,2021,2026
20959645,99,5,2022,2026
26687577,99,4,2023,2026
92941833,99,3,2024,2026
94406924,99,2,2024,2025
100806925,99,4,2022,2025
192759,98,6,2021,2026
218775,98,7,2020,2026
287332,98,6,2020,2025
296607,98,6,2021,2026
960013,98,6,2021,2026
960789,98,3,2023,2025
1110877,98,2,2024,2025
2966536,98,4,2023,2026
3100121,98,5,2021,2026
3387410,98,6,2021,2026
3486452,98,5,2022,2026
6523149,98,6,2020,2025
92798866,98,5,2022,2026
92806268,98,4,2023,2026
93035234,98,1,2025,2025
99268422,98,3,2024,2026
15934,97,2,2024,2025
55987,97,4,2023,2026
71351,97,6,2021,2026
83400,97,6,2021,2026
665903,97,3,2023,2025
1122234,97,7,2020,2026
5611190,97,6,2021,2026
5643220,97,5,2022,2026
18310085,97,6,2021,2026
19775966,97,6,2021,2026
21030976,97,3,2024,2026
93210597,97,7,2020,2026
65492,96,6,2021,2026
633655,96,5,2021,2026
656641,96,6,2021,2026
713975,96,3,2024,2026
833405,96,7,2020,2026
1384789,96,3,2024,2026
1657182,96,7,2020,2026
3138675,96,7,2020,2026
3648439,96,6,2020,2025
5400433,96,6,2021,2026
20354024,96,3,2023,2025
93049692,96,4,2023,2026
94400304,96,4,2023,2026
293517,95,6,2021,2026
510394,95,4,2023,2026
820766,95,2,2025,2026
1963122,95,5,2022,2026
3403710,95,7,2020,2026
4509336,95,7,2020,2026
4828063,95,7,2020,2026
5666087,95,4,2022,2025
13432197,95,6,2021,2026
13933041,95,5,2022,2026
24474025,95,5,2022,2026
92809150,95,6,2021,2026
92903624,95,5,2022,2026
100276257,95,2,2024,2025
266973,94,4,2022,2025
477908,94,4,2021,2025
909363,94,3,2023,2025
1256009,94,6,2021,2026
1283557,94,2,2024,2025
12068343,94,4,2022,2025
22142278,94,4,2023,2026
22367231,94,5,2022,2026
92778051,94,7,2020,2026
93766536,94,6,2020,2025
96462387,94,4,2022,2026
62098,93,6,2021,2026
350640,93,4,2021,2024
868270,93,3,2022,2025
879194,93,6,2021,2026
1109421,93,6,2020,2026
1359509,93,5,2021,2025
1804665,93,5,2022,2026
3620202,93,5,2021,2025
4287886,93,4,2022,2025
5823078,93,5,2021,2025
7068821,93,7,2020,2026
8758428,93,5,2022,2026
24673419,93,5,2022,2026
63504,92,6,2020,2025
182092,92,3,2024,2026
317441,92,6,2020,2025
402764,92,2,2024,2025
1203857,92,6,2021,2026
2082137,92,5,2022,2026
4129769,92,7,2020,2026
4532014,92,7,2020,2026
17690553,92,1,2025,2025
20139147,92,3,2022,2024
93162946,92,2,2025,2026
93700291,92,6,2020,2026
440231,91,3,2023,2025
660878,91,6,2021,2026
700308,91,5,2021,2025
700893,91,2,2024,2025
757139,91,2,2024,2025
982087,91,2,2024,2025
1014509,91,6,2021,2026
1491687,91,6,2021,2026
3893553,91,6,2020,2025
5187243,91,6,2021,2026
5844793,91,6,2021,2026
6974252,91,6,2021,2026
7053492,91,7,2020,2026
7418399,91,4,2022,2025
7785627,91,6,2021,2026
20998212,91,5,2020,2024
23707731,91,1,2022,2022
26498161,91,5,2021,2026
93356097,91,5,2022,2026
95017067,91,4,2023,2026
100589970,91,2,2024,2025
65064,90,5,2022,2026
405151,90,7,2020,2026
441616,90,5,2022,2026
784648,90,5,2022,2026
792708,90,6,2020,2025
793427,90,3,2022,2024
808174,90,2,2024,2025
1377694,90,6,2021,2026
1794450,90,7,2020,2026
2435497,90,5,2021,2025
5528161,90,5,2022,2026
6544443,90,7,2020,2026
7002439,90,6,2021,2026
7817124,90,6,2021,2026
15831807,90,5,2021,2025
17323142,90,5,2022,2026
22219474,90,4,2023,2026
93520860,90,4,2022,2025
100191209,90,3,2022,2024
267823,89,7,2020,2026
676132,89,7,2020,2026
818770,89,1,2025,2025
1317963,89,6,2021,2026
2673383,89,2,2023,2024
2966491,89,6,2021,2026
3159844,89,6,2021,2026
5122867,89,6,2021,2026
5611156,89,4,2021,2025
7154229,89,7,2020,2026
93355461,89,5,2022,2026
93610558,89,4,2023,2026
97042192,89,2,2024,2025
60848,88,6,2020,2025
334602,88,5,2021,2025
815806,88,4,2021,2026
847101,88,6,2020,2026
849832,88,5,2021,2025
857833,88,6,2021,2026
1106332,88,7,2020,2026
1113911,88,2,2024,2025
1194843,88,3,2024,2026
1246238,88,6,2021,2026
1749695,88,7,2020,2026
1964878,88,5,2021,2025
4433766,88,7,2020,2026
4489226,88,6,2021,2026
4623276,88,7,2020,2026
5185841,88,6,2021,2026
5333838,88,3,2022,2024
6483598,88,6,2021,2026
13916090,88,6,2021,2026
93541813,88,6,2021,2026
95805146,88,6,2021,2026
197537,87,4,2023,2026
221297,87,5,2022,2026
425075,87,7,2020,2026
491469,87,6,2021,2026
1082475,87,4,2021,2024
1400574,87,7,2020,2026
2085305,87,7,2020,2026
2916673,87,6,2021,2026
3044623,87,6,2021,2026
3066852,87,5,2021,2025
3178288,87,6,2021,2026
3460101,87,5,2022,2026
4266765,87,7,2020,2026
5372832,87,5,2022,2026
7744393,87,6,2021,2026
19487762,87,3,2023,2025
21232664,87,5,2022,2026
92795952,87,4,2023,2026
195165,86,5,2021,2025
772535,86,7,2020,2026
817967,86,6,2021,2026
906797,86,6,2021,2026
1384619,86,5,2022,2026
1420415,86,5,2022,2026
1699839,86,6,2021,2026
2474610,86,2,2025,2026
5163540,86,6,2021,2026
5374142,86,4,2022,2025
5574133,86,5,2022,2026
6901759,86,4,2023,2026
7666620,86,5,2022,2026
295108,85,4,2022,2025
697373,85,4,2022,2025
818211,85,5,2021,2026
1032978,85,7,2020,2026
1192920,85,4,2021,2026
1324099,85,6,2021,2026
1509164,85,5,2021,2025
2040094,85,6,2020,2025
2093059,85,6,2021,2026
3844816,85,5,2021,2025
6788165,85,6,2021,2026
15102655,85,3,2022,2024
21850064,85,5,2022,2026
22204624,85,5,2022,2026
26562074,85,4,2020,2023
93947259,85,2,2024,2025
94839224,85,5,2022,2026
1262278,84,5,2022,2026
1415536,84,6,2021,2026
1437038,84,6,2021,2026
1667197,84,6,2021,2026
3146159,84,6,2021,2026
3695006,84,7,2020,2026
6732006,84,6,2021,2026
6996035,84,6,2021,2026
95075246,84,1,2023,2023
26057,83,7,2020,2026
333135,83,3,2024,2026
404568,83,2,2025,2026
577244,83,4,2021,2024
1150818,83,7,2020,2026
1716023,83,5,2022,2026
1931341,83,5,2022,2026
3504849,83,6,2021,2026
3836073,83,6,2020,2025
5862333,83,5,2021,2025
7739215,83,5,2022,2026
7964839,83,2,2024,2025
95876155,83,4,2023,2026
98556255,83,2,2025,2026
144788,82,6,2020,2025
233459,82,7,2020,2026
441283,82,4,2023,2026
641217,82,6,2021,2026
670004,82,5,2021,2025
710302,82,4,2021,2024
818332,82,3,2023,2026
952440,82,5,2022,2026
954649,82,6,2021,2026
1030065,82,6,2021,2026
1056006,82,5,2022,2026
1072164,82,5,2020,2024
1308728,82,4,2023,2026
1383413,82,3,2023,2025
2006322,82,6,2021,2026
2145150,82,5,2022,2026
4257391,82,2,2022,2023
5241858,82,4,2022,2025
5548024,82,6,2021,2026
6318963,82,5,2022,2026
7863262,82,3,2021,2023
7883335,82,6,2021,2026
15600467,82,4,2022,2025
92903901,82,4,2022,2025
101588391,82,2,2025,2026
78177,81,5,2022,2026
392389,81,3,2023,2025
500864,81,6,2021,2026
530686,81,7,2020,2026
680517,81,5,2021,2025
701106,81,7,2020,2026
924137,81,6,2021,2026
3934973,81,6,2020,2025
5788567,81,5,2021,2026
9433071,81,7,2020,2026
15232791,81,4,2022,2025
18198671,81,3,2024,2026
27006261,81,5,2022,2026
5568,80,7,2020,2026
71556,80,7,2020,2026
154134,80,7,2020,2026
542372,80,6,2021,2026
914117,80,4,2022,2025
1108684,80,5,2021,2025
1272503,80,5,2022,2026
1279626,80,3,2024,2026
1718837,80,7,2020,2026
4461628,80,4,2023,2026
4585375,80,2,2025,2026
5431343,80,6,2021,2026
6171659,80,6,2021,2026
7651250,80,5,2022,2026
10148899,80,4,2023,2026
10397154,80,4,2023,2026
11754476,80,2,2022,2023
12064029,80,5,2022,2026
13087149,80,5,2020,2024
13634926,80,5,2022,2026
14220271,80,4,2022,2025
18037257,80,6,2021,2026
21121721,80,3,2022,2024
93789952,80,4,2023,2026
94494804,80,1,2026,2026
23373,79,1,2025,2025
523291,79,6,2020,2025
639456,79,6,2021,2026
708504,79,4,2020,2023
779884,79,6,2021,2026
921259,79,4,2022,2025
1271833,79,5,2022,2026
1662138,79,5,2022,2026
4465231,79,6,2021,2026
5188089,79,7,2020,2026
7920064,79,5,2021,2026
8461971,79,6,2021,2026
8770563,79,5,2022,2026
92792462,79,2,2025,2026
93449257,79,5,2022,2026
79045,78,6,2021,2026
266063,78,1,2021,2021
268495,78,5,2021,2025
342190,78,5,2021,2025
518813,78,7,2020,2026
545966,78,5,2021,2025
898675,78,6,2021,2026
1299483,78,7,2020,2026
1303357,78,5,2022,2026
1638651,78,4,2022,2025
3313737,78,4,2022,2025
3597415,78,6,2021,2026
3722463,78,7,2020,2026
3802235,78,2,2024,2025
4289021,78,5,2022,2026
5440013,78,4,2023,2026
6175138,78,7,2020,2026
6867972,78,7,2020,2026
10612252,78,6,2021,2026
17781871,78,7,2020,2026
17804450,78,2,2023,2024
18320882,78,6,2021,2026
92903368,78,4,2023,2026
322312,77,4,2021,2025
588149,77,6,2021,2026
769355,77,6,2021,2026
849049,77,2,2024,2025
1036381,77,3,2024,2026
1067340,77,2,2024,2025
1312239,77,6,2021,2026
2066393,77,6,2021,2026
2457534,77,6,2020,2025
3316861,77,5,2022,2026
4821753,77,6,2021,2026
5353475,77,5,2022,2026
5594764,77,6,2021,2026
5776361,77,2,2022,2023
5855939,77,7,2020,2026
16121242,77,6,2021,2026
23551872,77,3,2024,2026
94302346,77,4,2023,2026
92704,76,5,2022,2026
183579,76,3,2024,2026
324230,76,4,2023,2026
540584,76,5,2022,2026
658778,76,3,2023,2025
744613,76,6,2021,2026
889019,76,7,2020,2026
933072,76,4,2021,2024
1065877,76,6,2021,2026
1240100,76,5,2021,2025
1335945,76,3,2020,2022
3143544,76,7,2020,2026
3298730,76,7,2020,2026
6659032,76,4,2022,2025
6840062,76,6,2021,2026
13619885,76,5,2022,2026
22194906,76,4,2023,2026
48487402,76,4,2023,2026
93263951,76,3,2024,2026
94160397,76,4,2023,2026
3677,75,4,2022,2025
68001,75,5,2021,2025
656793,75,4,2023,2026
669161,75,6,2021,2026
2753408,75,5,2022,2026
3463130,75,6,2021,2026
4554936,75,7,2020,2026
7187015,75,7,2020,2026
7888447,75,4,2022,2025
8370493,75,4,2022,2025
14565580,75,5,2022,2026
21331404,75,6,2021,2026
21494055,75,5,2021,2025
26830955,75,5,2022,2026
51760031,75,4,2023,2026
92777721,75,2,2024,2025
93017122,75,6,2021,2026
93166482,75,3,2024,2026
96571144,75,3,2024,2026
96805622,75,5,2022,2026
204312,74,6,2020,2025
517893,74,5,2021,2025
633625,74,7,2020,2026
683447,74,3,2023,2025
791650,74,6,2021,2026
883275,74,5,2021,2025
923031,74,6,2020,2025
1005486,74,7,2020,2026
1245515,74,6,2021,2026
1319218,74,5,2022,2026
1898446,74,5,2020,2024
2277169,74,6,2021,2026
3085948,74,3,2024,2026
3865376,74,6,2020,2026
4591350,74,4,2021,2024
5977536,74,4,2023,2026
6379570,74,4,2021,2024
7019453,74,4,2021,2026
7066554,74,4,2021,2024
7863656,74,3,2024,2026
7966220,74,4,2022,2025
9092918,74,6,2021,2026
10559272,74,5,2021,2025
12717584,74,6,2021,2026
13471142,74,5,2022,2026
20931257,74,3,2023,2025
26889508,74,2,2022,2023
93264921,74,3,2023,2025
93493496,74,5,2020,2024
504369,73,5,2022,2026
667596,73,4,2022,2025
681293,73,6,2021,2026
884091,73,5,2022,2026
904920,73,2,2024,2025
977198,73,5,2021,2026
1179080,73,7,2020,2026
1309722,73,4,2021,2024
1653144,73,3,2024,2026
1866545,73,5,2022,2026
2833292,73,5,2021,2025
2889765,73,5,2022,2026
3991593,73,6,2021,2026
4433980,73,5,2022,2026
4915039,73,5,2020,2026
5245306,73,5,2021,2025
5894099,73,6,2021,2026
6323198,73,6,2021,2026
6336726,73,5,2022,2026
6951459,73,3,2021,2023
7786704,73,2,2024,2025
20447805,73,6,2021,2026
21163907,73,5,2021,2025
93707038,73,5,2021,2026
94547194,73,4,2023,2026
61016,72,6,2021,2026
109404,72,3,2024,2026
146222,72,5,2020,2024
204293,72,5,2022,2026
516017,72,2,2025,2026
702431,72,6,2021,2026
1337948,72,4,2022,2025
1681182,72,5,2022,2026
1912709,72,3,2023,2025
1966134,72,4,2022,2025
3332100,72,1,2021,2021
3397074,72,6,2021,2026
4165986,72,6,2021,2026
5090887,72,6,2021,2026
6399862,72,7,2020,2026
10985842,72,3,2022,2024
11010324,72,5,2022,2026
22168603,72,6,2021,2026
23847330,72,4,2023,2026
93489133,72,6,2021,2026
742426,71,6,2021,2026
958182,71,6,2021,2026
1381727,71,6,2021,2026
1446883,71,2,2021,2022
2103032,71,5,2021,2025
3308704,71,5,2022,2026
3385094,71,7,2020,2026
4661378,71,6,2021,2026
5887574,71,7,2020,2026
7143474,71,3,2021,2023
23399476,71,5,2022,2026
94361218,71,4,2023,2026
95322705,71,4,2023,2026
97883966,71,3,2024,2026
22679,70,6,2020,2025
71331,70,4,2021,2025
80675,70,6,2021,2026
162103,70,2,2025,2026
637429,70,6,2021,2026
717542,70,4,2021,2024
1217206,70,6,2020,2025
1245696,70,6,2021,2026
1322147,70,5,2021,2025
1404449,70,3,2023,2025
1447338,70,7,2020,2026
2888567,70,6,2021,2026
2906743,70,6,2021,2026
2966504,70,5,2022,2026
3077298,70,4,2021,2026
3280233,70,5,2022,2026
4445170,70,7,2020,2026
6227828,70,6,2021,2026
6251024,70,5,2022,2026
6302174,70,4,2022,2025
7109580,70,7,2020,2026
12225487,70,3,2022,2024
15043119,70,6,2020,2025
15804415,70,6,2021,2026
19792474,70,3,2024,2026
27746301,70,6,2021,2026
49792933,70,5,2022,2026
92812505,70,6,2021,2026
93421324,70,2,2024,2025
93716076,70,4,2022,2025
94641131,70,4,2023,2026
95445219,70,5,2022,2026
97459864,70,1,2024,2024
37622,69,6,2021,2026
151646,69,6,2016,2025
258893,69,4,2023,2026
434427,69,2,2023,2024
570242,69,4,2023,2026
812343,69,5,2021,2025
955048,69,4,2021,2024
1202390,69,3,2024,2026
3845014,69,5,2022,2026
4804083,69,7,2020,2026
4851139,69,5,2022,2026
4969388,69,6,2020,2025
5745798,69,6,2021,2026
6274129,69,6,2021,2026
7003559,69,6,2021,2026
7570086,69,6,2021,2026
9521543,69,3,2022,2024
13835576,69,6,2021,2026
20983982,69,5,2022,2026
21263865,69,3,2023,2025
21844762,69,3,2024,2026
94911213,69,4,2023,2026
98439269,69,5,2022,2026
159379,68,5,2022,2026
194667,68,4,2023,2026
308174,68,6,2021,2026
386298,68,5,2021,2025
603405,68,3,2021,2023
1151953,68,6,2021,2026
1167102,68,5,2021,2025
1230360,68,5,2021,2025
1305158,68,5,2020,2024
1681824,68,6,2021,2026
2014600,68,5,2022,2026
2121795,68,7,2020,2026
2974605,68,1,2025,2025
3313985,68,4,2023,2026
3544118,68,4,2023,2026
3804244,68,6,2021,2026
3812091,68,3,2022,2024
5466353,68,5,2021,2025
5703753,68,6,2021,2026
6507827,68,7,2020,2026
8613863,68,5,2022,2026
11648958,68,2,2025,2026
11741864,68,5,2022,2026
22142190,68,6,2021,2026
368718,67,7,2020,2026
533410,67,6,2020,2025
803736,67,6,2021,2026
853108,67,5,2021,2025
917244,67,2,2024,2025
1071827,67,7,2020,2026
1090548,67,4,2021,2024
1195140,67,6,2021,2026
1332809,67,3,2023,2026
1458323,67,1,2025,2025
1657826,67,5,2022,2026
3466737,67,3,2021,2023
5561659,67,6,2021,2026
6092577,67,4,2021,2024
6156642,67,4,2023,2026
6286736,67,6,2021,2026
17033016,67,6,2021,2026
19731229,67,5,2022,2026
21856645,67,6,2021,2026
22215817,67,5,2021,2025
99195,66,2,2022,2023
192810,66,6,2021,2026
243020,66,6,2021,2026
309004,66,5,2021,2025
383744,66,5,2022,2026
650585,66,3,2021,2023
760377,66,4,2023,2026
814830,66,7,2020,2026
829185,66,4,2023,2026
843498,66,7,2020,2026
912609,66,2,2024,2025
1383892,66,5,2022,2026
1471787,66,6,2021,2026
1652357,66,5,2021,2025
1927405,66,6,2021,2026
2371879,66,6,2021,2026
3276092,66,6,2020,2026
3461726,66,7,2020,2026
4754730,66,4,2023,2026
5391321,66,5,2021,2025
5813659,66,6,2021,2026
6668223,66,6,2021,2026
7947966,66,5,2020,2024
8903852,66,5,2022,2026
16917396,66,2,2020,2021
21387426,66,4,2023,2026
24730978,66,4,2023,2026
26901001,66,4,2023,2026
94588580,66,3,2023,2025
95668670,66,4,2023,2026
34380,65,8,2019,2026
66888,65,4,2023,2026
356421,65,2,2022,2023
513076,65,5,2021,2026
633950,65,5,2020,2024
768029,65,4,2023,2026
1001924,65,2,2024,2025
1202973,65,6,2021,2026
1314716,65,1,2021,2021
1334505,65,2,2024,2025
1354972,65,4,2023,2026
1415605,65,4,2023,2026
3334373,65,6,2021,2026
4148537,65,5,2021,2026
4324387,65,7,2020,2026
4329203,65,6,2020,2025
4952326,65,7,2020,2026
5124790,65,5,2021,2026
6562149,65,3,2023,2025
7171180,65,7,2020,2026
7178963,65,7,2020,2026
13851340,65,6,2021,2026
14067686,65,4,2022,2026
15591152,65,6,2020,2025
18225953,65,5,2022,2026
19930718,65,5,2022,2026
22255773,65,5,2022,2026
22269615,65,2,2025,2026
24619541,65,4,2023,2026
26689002,65,4,2022,2025
93067816,65,7,2020,2026
93347168,65,3,2023,2025
93453066,65,4,2022,2025
93588103,65,5,2022,2026
95719364,65,4,2023,2026
96275102,65,4,2023,2026
40582,64,5,2021,2025
366020,64,3,2020,2022
379050,64,6,2021,2026
438162,64,3,2023,2025
593588,64,4,2022,2025
687464,64,5,2022,2026
787992,64,2,2024,2025
932371,64,3,2024,2026
1208775,64,6,2021,2026
1232095,64,5,2022,2026
1268157,64,5,2020,2025
1296561,64,2,2024,2025
1390379,64,4,2023,2026
1473319,64,7,2020,2026
1655857,64,6,2020,2025
1844103,64,5,2022,2026
2162082,64,6,2021,2026
2593553,64,6,2021,2026
4122772,64,5,2021,2025
4212417,64,6,2021,2026
5175933,64,7,2020,2026
5344947,64,6,2021,2026
6204122,64,5,2021,2025
6480575,64,5,2022,2026
11254662,64,6,2021,2026
16846323,64,4,2020,2024
17033411,64,4,2022,2025
22144498,64,7,2018,2026
22214563,64,6,2020,2026
24427862,64,4,2022,2025
95635411,64,3,2023,2025
195887,63,6,2021,2026
284544,63,6,2020,2025
546723,63,4,2023,2026
647254,63,5,2022,2026
851064,63,5,2021,2025
911784,63,3,2024,2026
933565,63,6,2020,2025
1175979,63,5,2021,2025
1250311,63,3,2023,2025
1923987,63,5,2021,2025
2149556,63,4,2023,2026
3322526,63,7,2020,2026
3354938,63,7,2020,2026
5191056,63,6,2021,2026
7104409,63,5,2021,2025
12780817,63,5,2020,2024
14666606,63,4,2022,2026
22151915,63,7,2020,2026
22155237,63,6,2021,2026
24052909,63,7,2020,2026
101313244,63,4,2022,2026
481446,62,2,2025,2026
571322,62,6,2021,2026
701451,62,4,2023,2026
707892,62,1,2025,2025
757595,62,6,2021,2026
795655,62,8,2018,2026
1194365,62,6,2020,2025
1214952,62,6,2021,2026
1418173,62,3,2024,2026
1997349,62,3,2021,2023
2023829,62,4,2023,2026
2441312,62,6,2020,2025
2973382,62,5,2022,2026
4103186,62,5,2022,2026
4286284,62,6,2020,2025
4452223,62,5,2022,2026
4912461,62,6,2021,2026
5441388,62,6,2021,2026
6091002,62,7,2020,2026
17219221,62,3,2023,2025
19554908,62,6,2021,2026
93162373,62,6,2020,2025
93753340,62,3,2022,2024
182065,61,6,2021,2026
294288,61,5,2022,2026
441784,61,1,2024,2024
501454,61,4,2021,2026
842866,61,4,2021,2024
919316,61,5,2021,2025
937934,61,2,2024,2025
953882,61,4,2023,2026
1040263,61,6,2021,2026
1235760,61,5,2021,2025
1384424,61,4,2022,2025
1482591,61,5,2022,2026
1850077,61,7,2020,2026
2124750,61,3,2021,2023
3436852,61,5,2022,2026
3802608,61,6,2021,2026
5318444,61,7,2020,2026
5561084,61,5,2022,2026
6415393,61,6,2021,2026
6705391,61,2,2025,2026
6741229,61,6,2021,2026
6832324,61,6,2021,2026
7871313,61,2,2025,2026
9256747,61,5,2021,2025
12554663,61,5,2022,2026
13056986,61,4,2022,2025
16173705,61,4,2022,2026
17208796,61,5,2022,2026
17971291,61,5,2022,2026
18822744,61,5,2022,2026
21365320,61,5,2022,2026
22150407,61,7,2020,2026
24326113,61,6,2021,2026
26812875,61,6,2021,2026
27776178,61,4,2022,2025
93353213,61,7,2020,2026
94338032,61,2,2022,2023
101117396,61,2,2025,2026
7387,60,5,2020,2024
305732,60,5,2021,2025
314255,60,5,2022,2026
445946,60,5,2020,2024
459042,60,6,2021,2026
465292,60,3,2024,2026
483733,60,6,2021,2026
576466,60,5,2022,2026
625063,60,7,2020,2026
922603,60,2,2024,2025
951665,60,4,2023,2026
1086669,60,6,2020,2025
1892621,60,4,2022,2025
2222221,60,2,2021,2022
2344725,60,5,2022,2026
2844278,60,7,2020,2026
3633301,60,6,2021,2026
3788123,60,5,2022,2026
5872643,60,5,2022,2026
6593615,60,6,2021,2026
6762987,60,3,2024,2026
7164860,60,2,2020,2025
7270415,60,3,2023,2025
8172357,60,5,2022,2026
14423684,60,5,2022,2026
15370984,60,4,2023,2026
24813575,60,6,2021,2026
26456369,60,2,2024,2025
93129721,60,5,2022,2026
93359863,60,4,2023,2026
96106947,60,6,2021,2026
98250852,60,3,2023,2025
37191,59,6,2021,2026
108147,59,6,2021,2026
272933,59,5,2021,2025
304222,59,7,2020,2026
638980,59,6,2021,2026
649655,59,1,2025,2025
986903,59,6,2020,2025
1086241,59,4,2023,2026
1212885,59,6,2021,2026
1294924,59,6,2020,2025
1307463,59,5,2022,2026
1312513,59,3,2024,2026
1443235,59,3,2024,2026
1655626,59,7,2020,2026
1711225,59,5,2021,2026
2087683,59,6,2020,2026
2234818,59,6,2021,2026
2747669,59,6,2021,2026
4187673,59,5,2022,2026
4297592,59,5,2021,2025
4488700,59,7,2020,2026
4974619,59,2,2024,2025
5227596,59,6,2021,2026
5753604,59,5,2022,2026
6947520,59,6,2021,2026
6958139,59,5,2022,2026
19325361,59,6,2021,2026
19909390,59,4,2022,2025
51762575,59,4,2023,2026
96358011,59,3,2022,2024
27877,58,5,2022,2026
45309,58,5,2021,2025
179866,58,5,2022,2026
232205,58,4,2022,2025
334972,58,6,2021,2026
421297,58,1,2022,2022
539728,58,4,2023,2026
836454,58,3,2021,2025
851700,58,2,2021,2024
855721,58,7,2020,2026
988557,58,6,2020,2025
1058271,58,7,2020,2026
1264411,58,5,2022,2026
1662440,58,4,2023,2026
1791320,58,6,2021,2026
1840523,58,4,2023,2026
4491743,58,6,2020,2026
5188487,58,4,2023,2026
5327625,58,6,2021,2026
5532983,58,7,2020,2026
5559540,58,4,2022,2025
5941054,58,7,2020,2026
6227387,58,6,2021,2026
7195455,58,3,2023,2025
7210241,58,5,2021,2025
7762498,58,6,2021,2026
7777594,58,5,2022,2026
9952339,58,4,2022,2025
12391686,58,6,2021,2026
15428196,58,7,2020,2026
20944557,58,4,2022,2025
23599496,58,5,2022,2026
24385108,58,4,2023,2026
48492665,58,1,2024,2024
93009760,58,4,2023,2026
93210358,58,2,2024,2025
93347446,58,3,2023,2025
95476234,58,3,2024,2026
58866,57,6,2021,2026
193319,57,6,2021,2026
436709,57,5,2021,2025
544354,57,6,2020,2025
922411,57,4,2022,2025
1083975,57,3,2024,2026
1145772,57,6,2020,2025
1784110,57,5,2021,2025
2209644,57,6,2021,2026
2404668,57,4,2021,2024
3057106,57,6,2021,2026
3353198,57,4,2021,2025
3659044,57,5,2021,2025
3834080,57,6,2020,2025
4456483,57,7,2020,2026
5866524,57,6,2021,2026
7061818,57,4,2022,2025
7657178,57,5,2022,2026
9169990,57,3,2021,2023
12367175,57,4,2023,2026
14052784,57,2,2024,2025
18060168,57,6,2021,2026
21275282,57,7,2020,2026
23472757,57,3,2024,2026
23639127,57,3,2023,2025
24314922,57,7,2020,2026
46911873,57,6,2020,2025
92780136,57,4,2021,2024
94368172,57,3,2024,2026
94988963,57,5,2022,2026
96518080,57,6,2021,2026
2493,56,4,2022,2025
174462,56,5,2021,2025
196298,56,6,2020,2025
373423,56,4,2023,2026
387795,56,6,2020,2025
406765,56,3,2020,2022
570923,56,6,2021,2026
623550,56,3,2022,2024
683715,56,6,2020,2026
686215,56,3,2021,2023
798589,56,5,2021,2025
808621,56,5,2021,2025
873216,56,5,2022,2026
992130,56,5,2021,2025
1063106,56,2,2024,2025
1300672,56,2,2024,2025
1327542,56,6,2021,2026
3016047,56,6,2021,2026
3097603,56,5,2021,2026
4040755,56,6,2021,2026
4258334,56,5,2021,2025
4505215,56,7,2020,2026
6565858,56,7,2020,2026
6986419,56,6,2021,2026
7148621,56,7,2020,2026
10918931,56,1,2024,2024
11481532,56,3,2024,2026
12366958,56,6,2020,2025
13435131,56,5,2021,2025
13520409,56,5,2022,2026
24314340,56,5,2022,2026
24595922,56,4,2020,2023
24916189,56,5,2022,2026
27777437,56,6,2021,2026
92823751,56,5,2022,2026
92909292,56,7,2020,2026
92980374,56,5,2022,2026
93135696,56,5,2022,2026
96284393,56,2,2024,2025
108932,55,2,2023,2024
732505,55,3,2021,2023
824539,55,5,2021,2025
914441,55,6,2010,2026
1116591,55,5,2021,2025
1185566,55,3,2024,2026
1218249,55,3,2023,2025
1341402,55,7,2020,2026
1901752,55,5,2020,2024
2105825,55,6,2021,2026
2535578,55,6,2020,2025
3029206,55,6,2021,2026
3638710,55,5,2022,2026
4429476,55,6,2021,2026
4830596,55,5,2022,2026
4840941,55,6,2021,2026
5569449,55,5,2022,2026
6321190,55,5,2022,2026
6459842,55,4,2022,2025
9646739,55,5,2022,2026
14238494,55,3,2020,2023
14448756,55,4,2023,2026
17858353,55,5,2022,2026
22208527,55,4,2022,2025
22242854,55,3,2022,2024
26679303,55,3,2023,2025
93370261,55,7,2020,2026
402006,54,3,2023,2025
729449,54,5,2022,2026
821937,54,4,2022,2025
848760,54,4,2023,2026
852276,54,5,2022,2026
903567,54,4,2022,2025
922807,54,6,2021,2026
931846,54,5,2021,2025
1400974,54,3,2023,2026
1483402,54,6,2021,2026
1636441,54,4,2022,2025
2010401,54,7,2020,2026
2110938,54,5,2022,2026
2352113,54,4,2023,2026
2478321,54,2,2024,2025
2991657,54,6,2020,2025
3142942,54,7,2020,2026
3989459,54,7,2020,2026
5445220,54,7,2020,2026
6218618,54,4,2021,2024
6397695,54,5,2022,2026
6510837,54,6,2021,2026
6789743,54,4,2022,2025
7010698,54,1,2025,2025
7734546,54,6,2021,2026
7803073,54,5,2021,2025
9061256,54,5,2022,2026
11857762,54,5,2022,2026
14130442,54,2,2022,2023
14265548,54,5,2021,2025
15247814,54,4,2022,2026
20367127,54,2,2023,2025
23761698,54,6,2020,2025
96288640,54,4,2022,2025
96593967,54,3,2024,2026
56704,53,6,2021,2026
115166,53,4,2023,2026
174820,53,5,2021,2025
180932,53,6,2021,2026
245036,53,6,2020,2025
353192,53,2,2025,2026
428483,53,5,2022,2026
472052,53,2,2024,2025
539323,53,2,2021,2022
787432,53,4,2023,2026
812025,53,4,2023,2026
968246,53,6,2021,2026
1102517,53,6,2021,2026
1336478,53,3,2020,2023
1629386,53,6,2021,2026
1890321,53,5,2022,2026
2149348,53,5,2022,2026
2594870,53,6,2021,2026
2688594,53,3,2024,2026
2934383,53,5,2022,2026
3136839,53,1,2026,2026
3441905,53,3,2024,2026
3622731,53,4,2023,2026
3847777,53,5,2022,2026
3854827,53,6,2020,2025
3966169,53,5,2022,2026
4268672,53,7,2020,2026
5506152,53,1,2025,2025
5812449,53,6,2020,2025
5837403,53,6,2020,2025
5956580,53,5,2021,2025
6090833,53,6,2021,2026
6450268,53,6,2020,2025
6604779,53,6,2021,2026
6645045,53,5,2021,2025
6959692,53,5,2022,2026
6997650,53,3,2023,2025
8432207,53,6,2021,2026
9229562,53,6,2021,2026
9533647,53,4,2023,2026
18986302,53,6,2020,2025
19866937,53,4,2022,2025
20040657,53,6,2021,2026
20349691,53,6,2021,2026
24810875,53,6,2021,2026
92775607,53,6,2021,2026
93809177,53,7,2020,2026
51276,52,6,2020,2025
132225,52,6,2020,2026
132969,52,6,2021,2026
356743,52,6,2020,2025
436977,52,6,2020,2026
572940,52,6,2020,2025
675593,52,7,2020,2026
947410,52,6,2020,2025
950735,52,7,2020,2026
972403,52,5,2022,2026
973101,52,7,2020,2026
1021928,52,7,2020,2026
1055915,52,5,2022,2026
1187358,52,6,2021,2026
1230854,52,3,2024,2026
1322577,52,4,2022,2025
1359914,52,6,2020,2026
1407687,52,5,2021,2025
1680046,52,3,2022,2024
2400298,52,7,2020,2026
2591107,52,2,2025,2026
3279110,52,5,2021,2025
3752628,52,6,2021,2026
4305347,52,7,2020,2026
4306732,52,5,2021,2026
4532891,52,6,2021,2026
4592861,52,6,2021,2026
5757126,52,6,2020,2025
6760665,52,6,2021,2026
11048020,52,5,2022,2026
18917635,52,4,2019,2022
18922917,52,5,2021,2025
20160122,52,7,2020,2026
20545162,52,4,2022,2025
22252425,52,2,2021,2022
22887300,52,5,2022,2026
23406733,52,4,2023,2026
97664159,52,2,2025,2026
97968380,52,2,2023,2024
5710,51,4,2020,2023
250640,51,6,2021,2026
355373,51,2,2023,2024
863920,51,2,2020,2021
971829,51,3,2023,2026
1353770,51,7,2020,2026
1407770,51,6,2021,2026
1674954,51,6,2021,2026
2803070,51,5,2021,2025
3269568,51,6,2021,2026
3355833,51,5,2018,2023
3845000,51,3,2019,2025
4087822,51,2,2023,2024
5085947,51,5,2021,2025
6304567,51,6,2021,2026
7236161,51,5,2022,2026
7805108,51,4,2023,2026
14802391,51,6,2021,2026
17675194,51,5,2021,2026
18348572,51,6,2021,2026
21048537,51,3,2023,2025
93476023,51,3,2024,2026
94591897,51,5,2022,2026
95739807,51,3,2024,2026
117031,50,5,2022,2026
467518,50,4,2022,2025
634954,50,3,2022,2024
672586,50,7,2020,2026
766810,50,6,2021,2026
786372,50,4,2022,2025
824957,50,7,2020,2026
828588,50,5,2022,2026
929633,50,2,2023,2024
1103629,50,3,2024,2026
1166229,50,1,2023,2023
1235639,50,8,2018,2026
2282178,50,5,2022,2026
3966546,50,4,2020,2023
5288411,50,6,2021,2026
5680312,50,6,2021,2026
5741406,50,7,2020,2026
6396638,50,5,2022,2026
6409976,50,5,2021,2026
6724396,50,6,2021,2026
6963738,50,3,2020,2025
7030762,50,5,2021,2025
7030978,50,4,2021,2026
7646212,50,2,2023,2024
7736391,50,5,2022,2026
7935823,50,5,2022,2026
13745895,50,2,2022,2023
14822867,50,4,2022,2025
14961501,50,4,2023,2026
15250678,50,5,2021,2026
18699533,50,3,2023,2025
23902807,50,4,2023,2026
24058019,50,5,2022,2026
24120396,50,5,2022,2026
93319307,50,4,2023,2026
93677540,50,5,2022,2026
94964616,50,2,2024,2025
95512947,50,2,2024,2025
101827993,50,1,2025,2025
328907,49,5,2022,2026
344523,49,6,2021,2026
376198,49,6,2020,2025
869257,49,6,2021,2026
908164,49,3,2023,2025
1214665,49,2,2024,2025
1444355,49,6,2021,2026
1627540,49,4,2022,2025
1978540,49,7,2020,2026
2010347,49,6,2021,2026
2202335,49,4,2022,2025
2207137,49,6,2021,2026
2306103,49,6,2021,2026
2316200,49,6,2021,2026
2594713,49,4,2023,2026
2753561,49,5,2021,2026
3795967,49,5,2022,2026
3967471,49,3,2021,2025
4087953,49,6,2021,2026
4135395,49,7,2020,2026
4304718,49,6,2020,2026
4313267,49,5,2022,2026
4322621,49,3,2022,2024
4367362,49,7,2020,2026
4670975,49,5,2021,2025
5367288,49,6,2021,2026
6108232,49,6,2020,2025
7256133,49,5,2022,2026
7659374,49,5,2022,2026
7748031,49,5,2022,2026
7883775,49,3,2023,2025
9926032,49,5,2021,2025
12325109,49,7,2020,2026
12916567,49,6,2021,2026
13739174,49,4,2022,2025
14419466,49,5,2022,2026
16507344,49,5,2022,2026
17881423,49,3,2023,2025
21139659,49,5,2022,2026
22145605,49,5,2022,2026
22157905,49,2,2024,2025
26464292,49,5,2022,2026
30121620,49,5,2022,2026
35506056,49,5,2022,2026
93052132,49,6,2020,2025
94719881,49,4,2023,2026
99348171,49,2,2024,2025
8354,48,5,2021,2025
368790,48,4,2021,2025
472997,48,6,2021,2026
629234,48,4,2022,2025
705393,48,5,2021,2025
710473,48,3,2022,2024
725195,48,5,2020,2025
735304,48,6,2021,2026
779546,48,5,2022,2026
846584,48,4,2019,2025
1054161,48,6,2021,2026
1095495,48,5,2022,2026
1151922,48,2,2025,2026
1154648,48,5,2022,2026
1226781,48,2,2025,2026
1395482,48,3,2024,2026
1435084,48,5,2021,2025
1467468,48,7,2020,2026
1484017,48,4,2021,2024
3194692,48,6,2021,2026
4878333,48,5,2021,2025
4951956,48,5,2021,2026
4959152,48,5,2020,2025
4973417,48,6,2021,2026
5005468,48,5,2022,2026
5136940,48,5,2021,2025
5788568,48,6,2021,2026
5929996,48,4,2022,2025
6094739,48,6,2021,2026
6715676,48,2,2025,2026
7185549,48,6,2021,2026
7244340,48,6,2021,2026
10793973,48,3,2023,2025
12325766,48,4,2023,2026
12485496,48,7,2020,2026
13437434,48,6,2021,2026
22248734,48,2,2025,2026
92913397,48,5,2022,2026
92966335,48,6,2021,2026
93522251,48,1,2022,2022
93803062,48,6,2021,2026
99230126,48,3,2024,2026
22618,47,5,2021,2025
78744,47,6,2021,2026
82800,47,3,2024,2026
146240,47,7,2020,2026
205526,47,5,2022,2026
215425,47,5,2022,2026
220835,47,6,2021,2026
342765,47,7,2020,2026
348108,47,3,2023,2026
368290,47,7,2020,2026
474857,47,5,2021,2025
479578,47,5,2021,2025
536415,47,5,2020,2025
844986,47,4,2021,2025
935287,47,3,2024,2026
945881,47,3,2021,2023
967680,47,5,2021,2025
979690,47,6,2021,2026
986121,47,7,2020,2026
1048985,47,4,2022,2025
1078070,47,1,2025,2025
1309011,47,6,2020,2025
2007421,47,4,2022,2026
3363702,47,5,2021,2025
3493899,47,5,2022,2026
3719687,47,5,2021,2026
3915106,47,6,2021,2026
4757336,47,5,2021,2025
5100656,47,5,2021,2026
5247762,47,5,2021,2025
5271850,47,4,2023,2026
5443939,47,4,2023,2026
6020175,47,4,2020,2023
6607596,47,6,2021,2026
7866007,47,6,2021,2026
10923907,47,7,2020,2026
13187301,47,5,2022,2026
14936153,47,5,2022,2026
15091860,47,3,2024,2026
19888976,47,5,2022,2026
20451922,47,1,2024,2024
20924380,47,5,2022,2026
22811190,47,5,2022,2026
24055720,47,5,2022,2026
26734346,47,4,2022,2025
48502726,47,6,2021,2026
93213066,47,5,2021,2025
95618865,47,4,2022,2026
98524173,47,3,2024,2026
100997312,47,1,2025,2025
102160838,47,2,2025,2026
2523,46,6,2021,2026
71985,46,5,2021,2025
137296,46,6,2021,2026
159346,46,5,2022,2026
194522,46,5,2021,2026
227054,46,6,2021,2026
244436,46,6,2021,2026
261282,46,4,2021,2026
304787,46,5,2021,2025
330594,46,4,2022,2025
384274,46,5,2022,2026
401530,46,5,2022,2026
442932,46,1,2025,2025
463788,46,6,2021,2026
675968,46,4,2021,2025
678788,46,2,2025,2026
700537,46,5,2022,2026
1015017,46,3,2018,2020
1106607,46,4,2023,2026
1110493,46,4,2022,2026
1164581,46,6,2020,2025
1396073,46,4,2021,2024
1651459,46,5,2021,2025
1798339,46,5,2022,2026
1957728,46,5,2022,2026
2066310,46,3,2023,2026
2067597,46,5,2021,2025
2069432,46,3,2024,2026
2398610,46,5,2022,2026
3465647,46,6,2020,2025
3630994,46,4,2022,2026
3786500,46,5,2022,2026
4662004,46,3,2022,2024
5558948,46,5,2021,2025
5665077,46,6,2021,2026
5709763,46,5,2021,2025
6189596,46,4,2021,2024
7251698,46,6,2020,2025
7259974,46,4,2021,2025
7694019,46,5,2022,2026
7789316,46,7,2020,2026
7802972,46,2,2024,2025
8599309,46,2,2024,2025
13505672,46,5,2022,2026
15161657,46,4,2023,2026
18497006,46,6,2021,2026
22181616,46,7,2020,2026
23479684,46,6,2021,2026
93317858,46,5,2021,2025
94459605,46,3,2024,2026
94632350,46,4,2023,2026
95879314,46,3,2023,2025
96932836,46,4,2023,2026
101172043,46,3,2024,2026
88270,45,5,2022,2026
118750,45,5,2022,2026
347298,45,4,2023,2026
365964,45,4,2021,2024
386414,45,5,2021,2026
394187,45,5,2021,2025
527513,45,3,2023,2025
648470,45,5,2022,2026
779397,45,6,2021,2026
813603,45,3,2024,2026
1022248,45,4,2023,2026
1049245,45,6,2020,2025
1186824,45,6,2020,2025
1324837,45,6,2021,2026
1335241,45,6,2021,2026
1353752,45,3,2022,2024
2079721,45,1,2023,2023
3129716,45,6,2021,2026
3595156,45,5,2021,2025
4047339,45,5,2021,2025
4669855,45,7,2020,2026
5212305,45,7,2020,2026
5417321,45,5,2021,2025
5438251,45,7,2020,2026
5525615,45,5,2021,2025
5826698,45,5,2022,2026
5857387,45,6,2021,2026
5940760,45,5,2021,2025
6995124,45,7,2020,2026
7252726,45,6,2021,2026
7796033,45,1,2025,2025
8971831,45,4,2022,2025
12649268,45,5,2021,2026
14069770,45,4,2022,2026
14529617,45,6,2021,2026
17668606,45,7,2020,2026
18435078,45,5,2022,2026
23513618,45,7,2020,2026
26125252,45,6,2020,2025
92767681,45,3,2024,2026
92998650,45,3,2023,2025
93222960,45,1,2021,2021
95419085,45,5,2022,2026
95577223,45,3,2024,2026
97763534,45,3,2024,2026
348850,44,5,2021,2025
384868,44,2,2024,2025
511867,44,4,2022,2025
664876,44,7,2020,2026
742905,44,6,2021,2026
801853,44,5,2021,2025
968346,44,1,2023,2023
1021040,44,6,2020,2025
1054575,44,5,2021,2025
1118361,44,3,2024,2026
1226475,44,5,2021,2025
1267563,44,6,2020,2025
1316671,44,5,2022,2026
1435207,44,4,2020,2023
1439329,44,3,2021,2023
1970051,44,5,2021,2025
2370824,44,7,2020,2026
2961656,44,5,2020,2025
3328911,44,5,2021,2026
3550984,44,4,2021,2025
3620983,44,5,2022,2026
3685068,44,5,2021,2025
3743742,44,6,2021,2026
3822125,44,4,2021,2025
3984908,44,6,2021,2026
4163190,44,7,2020,2026
4693535,44,4,2020,2023
4833799,44,5,2021,2025
5091215,44,5,2022,2026
5125099,44,5,2021,2025
5129758,44,6,2020,2025
5311238,44,4,2023,2026
5354585,44,5,2021,2025
5687441,44,5,2020,2025
6154744,44,6,2021,2026
6223958,44,6,2021,2026
6564947,44,5,2022,2026
6565791,44,5,2020,2024
6587687,44,3,2023,2025
6867181,44,2,2025,2026
7829923,44,5,2022,2026
12384473,44,5,2022,2026
16664646,44,5,2022,2026
16679558,44,1,2025,2025
18059954,44,2,2024,2025
18393904,44,4,2023,2026
19319533,44,6,2021,2026
22142913,44,2,2024,2025
23464080,44,6,2021,2026
40862082,44,4,2022,2025
92809950,44,2,2025,2026
93071778,44,4,2021,2024
94306088,44,3,2023,2025
95899466,44,4,2023,2026
96602185,44,1,2024,2024
98442127,44,2,2024,2025
111426,43,2,2024,2025
161452,43,7,2019,2025
185122,43,3,2021,2023
277425,43,5,2021,2025
281589,43,6,2021,2026
645908,43,4,2020,2023
672918,43,5,2021,2025
706304,43,2,2021,2022
839703,43,6,2021,2026
843069,43,3,2022,2024
972735,43,6,2021,2026
1017034,43,4,2021,2025
1098603,43,6,2021,2026
1121137,43,6,2020,2025
1249353,43,4,2022,2025
1638681,43,5,2021,2025
1679166,43,4,2022,2025
1839641,43,4,2022,2025
1891371,43,4,2022,2025
2073346,43,4,2022,2025
2079836,43,6,2021,2026
2523631,43,5,2021,2025
2924795,43,7,2020,2026
2998106,43,4,2021,2024
3069913,43,3,2024,2026
3160502,43,6,2020,2025
3468737,43,5,2021,2025
3628219,43,2,2024,2025
3837479,43,5,2022,2026
3993477,43,5,2021,2025
4153508,43,5,2021,2025
4233086,43,6,2020,2025
4446951,43,5,2021,2026
4608371,43,5,2022,2026
4901654,43,6,2021,2026
4928430,43,7,2020,2026
5117094,43,5,2020,2024
5276632,43,4,2022,2025
5961892,43,6,2021,2026
6168116,43,4,2022,2025
6266534,43,6,2021,2026
6303875,43,6,2021,2026
7650364,43,5,2021,2025
7693341,43,4,2022,2026
9592876,43,3,2023,2025
11804438,43,5,2022,2026
13471652,43,3,2024,2026
14749897,43,1,2024,2024
16603402,43,2,2024,2025
18101566,43,4,2021,2024
22228585,43,5,2022,2026
22637131,43,4,2023,2026
23458057,43,4,2023,2026
35511506,43,3,2023,2025
92791196,43,4,2022,2025
93222781,43,6,2021,2026
93607130,43,6,2020,2025
94335139,43,4,2023,2026
95501875,43,1,2024,2024
124546,42,5,2021,2025
316428,42,6,2021,2026
516263,42,6,2020,2025
545515,42,1,2025,2025
667830,42,7,2020,2026
691601,42,5,2021,2025
753042,42,5,2018,2022
802827,42,6,2021,2026
820296,42,2,2022,2025
834713,42,6,2021,2026
933068,42,4,2023,2026
973749,42,5,2021,2025
997283,42,6,2021,2026
1034072,42,4,2023,2026
1048814,42,4,2022,2025
1184884,42,5,2022,2026
1201969,42,6,2021,2026
1242169,42,5,2022,2026
1251960,42,6,2020,2026
1358298,42,6,2020,2025
1379041,42,7,2020,2026
1388558,42,6,2021,2026
1684172,42,5,2021,2025
2613746,42,5,2022,2026
2617704,42,5,2022,2026
2775623,42,5,2021,2025
2870068,42,6,2021,2026
2934276,42,5,2022,2026
3038357,42,5,2021,2025
3388494,42,5,2022,2026
4332143,42,5,2022,2026
4431395,42,5,2022,2026
4489635,42,4,2022,2025
4536680,42,5,2022,2026
5138844,42,2,2023,2024
5379542,42,5,2022,2026
5438326,42,6,2021,2026
5534986,42,5,2021,2025
6299898,42,4,2023,2026
6953421,42,4,2023,2026
7849648,42,2,2022,2025
11638987,42,5,2022,2026
11683070,42,4,2023,2026
12793416,42,6,2021,2026
13311884,42,6,2021,2026
14763238,42,5,2022,2026
15308161,42,2,2023,2025
16033699,42,4,2022,2025
16966667,42,4,2023,2026
17221800,42,6,2021,2026
20167317,42,6,2021,2026
20346120,42,5,2021,2025
20938132,42,5,2021,2025
22041608,42,3,2021,2024
22150794,42,4,2022,2025
22174544,42,2,2024,2025
22832853,42,5,2022,2026
23961343,42,4,2023,2026
26564752,42,2,2021,2023
92863909,42,2,2024,2025
92902421,42,3,2023,2025
94277748,42,4,2023,2026
94376161,42,5,2022,2026
95523045,42,1,2024,2024
95760656,42,4,2023,2026
96284782,42,5,2021,2026
96602582,42,3,2024,2026
114533,41,4,2021,2025
259080,41,4,2022,2025
261051,41,5,2022,2026
308777,41,6,2021,2026
411860,41,1,2022,2022
559653,41,5,2021,2025
614458,41,7,2018,2025
678566,41,6,2021,2026
789210,41,5,2021,2025
912038,41,4,2022,2025
936399,41,4,2022,2025
1230474,41,4,2021,2024
1639853,41,7,2020,2026
1643397,41,3,2022,2024
1689287,41,5,2022,2026
1789748,41,5,2022,2026
2140168,41,4,2023,2026
2908593,41,6,2021,2026
2981913,41,6,2021,2026
3233808,41,5,2022,2026
3891421,41,7,2020,2026
4274810,41,5,2020,2026
4322588,41,4,2020,2023
4639905,41,3,2021,2023
5027526,41,5,2022,2026
5208903,41,5,2022,2026
5660717,41,2,2024,2025
5754316,41,4,2023,2026
5861989,41,6,2020,2025
5887532,41,5,2021,2025
6407716,41,4,2023,2026
6509883,41,6,2021,2026
6717184,41,2,2024,2025
6921666,41,4,2023,2026
7201857,41,6,2021,2026
7217838,41,5,2020,2024
7247841,41,5,2022,2026
8032128,41,1,2021,2021
10422911,41,5,2022,2026
15397050,41,5,2022,2026
15803070,41,6,2021,2026
16333254,41,6,2021,2026
18005633,41,6,2021,2026
20967221,41,1,2025,2025
27733731,41,2,2024,2025
27750210,41,3,2023,2026
32410622,41,6,2021,2026
93173150,41,4,2022,2025
94131746,41,3,2024,2026
95185070,41,4,2023,2026
81024,40,5,2022,2026
198125,40,7,2020,2026
206208,40,7,2020,2026
328886,40,6,2020,2026
341121,40,2,2024,2025
342136,40,2,2025,2026
441320,40,3,2023,2026
482587,40,3,2024,2026
587567,40,6,2021,2026
684751,40,5,2022,2026
726325,40,3,2022,2025
950155,40,4,2023,2026
990459,40,5,2021,2025
1078532,40,1,2022,2022
1088385,40,1,2025,2025
1168823,40,3,2021,2025
1300974,40,6,2021,2026
1367991,40,6,2021,2026
1502194,40,6,2020,2025
2093061,40,6,2021,2026
2746452,40,7,2020,2026
3237714,40,6,2021,2026
3302120,40,5,2022,2026
3453980,40,4,2023,2026
3685435,40,5,2022,2026
3691250,40,4,2023,2026
3708960,40,2,2025,2026
4038391,40,6,2021,2026
4297666,40,4,2023,2026
4435756,40,6,2020,2025
4666902,40,6,2021,2026
5003079,40,6,2021,2026
5651849,40,4,2022,2025
5841935,40,5,2022,2026
6122254,40,4,2023,2026
6874917,40,4,2021,2024
7177301,40,4,2021,2024
7243422,40,7,2020,2026
7811725,40,4,2022,2025
8134400,40,5,2022,2026
9386641,40,4,2022,2025
14596003,40,3,2021,2023
15087045,40,5,2022,2026
15953383,40,6,2020,2026
16392539,40,6,2021,2026
19924324,40,6,2021,2026
22226851,40,3,2021,2023
22245182,40,1,2026,2026
24072835,40,4,2023,2026
24979136,40,4,2023,2026
35489900,40,5,2022,2026
92768241,40,5,2022,2026
92805338,40,4,2023,2026
93544311,40,3,2024,2026
95781753,40,4,2023,2026
96101585,40,4,2023,2026
99387175,40,1,2024,2024
5303,39,3,2022,2026
26187,39,7,2020,2026
90893,39,8,2019,2026
163971,39,4,2022,2026
171328,39,5,2021,2025
200455,39,6,2021,2026
348574,39,6,2020,2025
368820,39,5,2021,2025
387021,39,2,2024,2025
432959,39,2,2024,2025
445427,39,2,2021,2022
521680,39,2,2024,2025
558118,39,4,2023,2026
632888,39,2,2024,2025
737331,39,6,2021,2026
762166,39,5,2021,2025
771437,39,7,2020,2026
989267,39,6,2020,2025
1052840,39,5,2021,2026
1082669,39,2,2024,2025
1253217,39,5,2022,2026
1477129,39,6,2021,2026
1636783,39,6,2020,2025
1689617,39,6,2021,2026
1726916,39,5,2021,2025
1876028,39,6,2020,2025
1981778,39,6,2021,2026
1988611,39,6,2021,2026
2007629,39,4,2023,2026
2067598,39,5,2021,2025
2480088,39,6,2021,2026
2657451,39,6,2021,2026
3016093,39,6,2021,2026
3138385,39,6,2021,2026
3379198,39,6,2020,2025
3926326,39,4,2023,2026
3984941,39,6,2021,2026
4005602,39,4,2022,2025
4118986,39,5,2021,2026
4177892,39,4,2021,2025
4391602,39,4,2022,2025
4438117,39,6,2021,2026
4720826,39,2,2024,2025
4781498,39,6,2021,2026
4828061,39,6,2021,2026
4958705,39,5,2021,2025
5003687,39,5,2022,2026
5453477,39,6,2021,2026
6275620,39,5,2020,2025
7047476,39,5,2021,2025
7195762,39,5,2022,2026
7888291,39,5,2020,2025
9893312,39,2,2022,2023
10405493,39,7,2020,2026
13042812,39,7,2020,2026
14241401,39,4,2022,2025
16004287,39,5,2022,2026
17387911,39,6,2020,2025
17828784,39,4,2023,2026
18354521,39,4,2023,2026
19738379,39,4,2022,2025
20353908,39,2,2021,2022
23457039,39,3,2023,2025
24019027,39,6,2020,2025
24401425,39,1,2025,2025
27868859,39,3,2023,2025
48479495,39,3,2023,2025
92793476,39,4,2021,2024
93019583,39,4,2023,2026
93489498,39,6,2021,2026
95838526,39,2,2025,2026
100183414,39,1,2025,2025
90300,38,4,2022,2025
233467,38,4,2021,2026
292352,38,6,2021,2026
322626,38,4,2021,2026
474850,38,6,2021,2026
595513,38,5,2022,2026
703481,38,2,2024,2025
710687,38,5,2022,2026
798539,38,4,2023,2026
822578,38,7,2020,2026
1091828,38,5,2021,2025
1147460,38,5,2021,2025
1155740,38,1,2025,2025
1191649,38,5,2021,2025
1234573,38,6,2021,2026
1279924,38,1,2022,2022
1359091,38,2,2021,2022
1444763,38,1,2025,2025
1757170,38,7,2020,2026
1800816,38,5,2022,2026
2149151,38,1,2024,2024
2278889,38,3,2022,2025
2397517,38,3,2021,2025
2921459,38,4,2022,2025
3328845,38,5,2021,2025
3432046,38,6,2021,2026
3463182,38,5,2020,2024
4409066,38,6,2021,2026
4489727,38,5,2021,2025
4762215,38,2,2023,2024
5122885,38,2,2023,2024
5190585,38,4,2021,2024
5206110,38,5,2021,2025
5599945,38,5,2021,2025
5695220,38,6,2020,2025
5860670,38,4,2023,2026
6333901,38,4,2021,2025
6345166,38,3,2021,2023
6730624,38,5,2021,2025
6761158,38,4,2022,2025
6846030,38,5,2022,2026
6941104,38,4,2022,2025
7133901,38,4,2022,2025
7799967,38,4,2022,2025
7867449,38,5,2022,2026
8519629,38,6,2020,2025
9894381,38,4,2022,2025
12999301,38,3,2023,2025
14082538,38,6,2020,2026
15891390,38,2,2024,2025
16488684,38,5,2021,2025
17971355,38,4,2022,2025
19215414,38,2,2024,2025
19302972,38,5,2022,2026
19903179,38,6,2021,2026
21051814,38,4,2022,2025
21774504,38,4,2023,2026
22987402,38,2,2024,2025
23641160,38,1,2022,2022
26766153,38,4,2022,2025
49786084,38,4,2023,2026
92773686,38,5,2022,2026
94230087,38,3,2023,2026
94489489,38,3,2023,2025
94492882,38,4,2023,2026
98489542,38,5,2021,2025
166,37,5,2022,2026
28104,37,5,2022,2026
34065,37,6,2020,2025
42517,37,6,2021,2026
169726,37,3,2024,2026
192728,37,5,2021,2025
199785,37,4,2021,2025
204474,37,6,2021,2026
217407,37,4,2022,2025
254545,37,6,2020,2025
280054,37,4,2021,2026
359186,37,4,2021,2024
375347,37,1,2025,2025
394768,37,5,2021,2025
837214,37,4,2023,2026
846046,37,5,2022,2026
943407,37,5,2022,2026
946490,37,3,2022,2024
1065385,37,1,2025,2025
1133458,37,2,2024,2025
1369147,37,4,2020,2023
1670860,37,5,2021,2025
1726162,37,5,2021,2025
1951512,37,3,2023,2025
1997507,37,6,2021,2026
2192314,37,5,2022,2026
2274729,37,4,2020,2023
2279044,37,4,2020,2023
2298875,37,5,2021,2025
2400559,37,5,2022,2026
2693478,37,6,2021,2026
3000353,37,4,2022,2025
3315886,37,6,2020,2025
3352054,37,7,2020,2026
3385006,37,6,2021,2026
3528326,37,6,2021,2026
3650417,37,5,2022,2026
3737146,37,1,2023,2023
3891442,37,6,2021,2026
3984736,37,6,2020,2025
4288612,37,4,2023,2026
4522537,37,5,2021,2025
4522997,37,4,2023,2026
4725804,37,5,2021,2026
4877351,37,6,2021,2026
5924222,37,2,2024,2025
5951838,37,2,2024,2025
6104615,37,5,2021,2025
6389977,37,5,2020,2025
6701218,37,3,2023,2025
6836164,37,3,2024,2026
7760997,37,3,2024,2026
7792820,37,4,2022,2025
7851272,37,5,2022,2026
8134311,37,5,2021,2026
8501815,37,5,2022,2026
9750485,37,2,2024,2025
9975136,37,5,2022,2026
10471347,37,5,2022,2026
12008022,37,4,2022,2025
12300569,37,3,2023,2025
14187041,37,2,2025,2026
18382359,37,5,2022,2026
21100732,37,4,2021,2024
22164692,37,5,2020,2024
26495657,37,4,2023,2026
26600213,37,5,2021,2025
26726789,37,4,2023,2026
26825587,37,4,2021,2025
27745939,37,4,2023,2026
92987749,37,3,2020,2026
94555186,37,4,2023,2026
95689261,37,3,2024,2026
95712849,37,3,2024,2026
96348748,37,2,2024,2025
96537297,37,3,2024,2026
96693302,37,2,2024,2025
98334874,37,2,2024,2025
98608852,37,3,2024,2026
34128,36,2,2025,2026
52299,36,4,2022,2026
64630,36,6,2021,2026
118655,36,3,2022,2024
141902,36,3,2024,2026
193879,36,4,2022,2025
194630,36,3,2024,2026
267988,36,6,2021,2026
485884,36,5,2021,2026
589705,36,2,2025,2026
766326,36,2,2024,2025
770141,36,6,2021,2026
860510,36,5,2021,2025
874675,36,4,2021,2024
953223,36,6,2021,2026
995885,36,6,2020,2025
1039413,36,1,2025,2025
1122661,36,7,2020,2026
1137631,36,6,2020,2025
1161794,36,3,2021,2023
1283504,36,4,2022,2025
1313560,36,3,2023,2025
1678764,36,6,2020,2025
1731113,36,7,2020,2026
1760870,36,5,2021,2025
2178991,36,6,2021,2026
2526231,36,6,2021,2026
2920313,36,5,2021,2025
3099353,36,6,2021,2026
3210022,36,3,2024,2026
3328139,36,5,2020,2025
3423866,36,5,2021,2025
3425751,36,4,2022,2025
3436700,36,5,2021,2025
3477467,36,6,2021,2026
3606429,36,6,2021,2026
3667151,36,1,2024,2024
4111290,36,5,2022,2026
4123271,36,3,2023,2025
4447256,36,6,2020,2025
5857347,36,6,2021,2026
5858141,36,6,2021,2026
5859873,36,3,2022,2025
5867591,36,4,2020,2023
6030192,36,3,2023,2025
6247316,36,4,2021,2025
7733752,36,3,2024,2026
7957206,36,3,2024,2026
7985025,36,7,2020,2026
8724216,36,7,2020,2026
11261515,36,2,2021,2024
11788608,36,3,2022,2024
14215088,36,4,2021,2024
16058464,36,5,2021,2025
16167960,36,5,2021,2025
16502329,36,6,2021,2026
17552849,36,6,2021,2026
18185986,36,5,2021,2026
19784570,36,3,2023,2025
20917816,36,5,2022,2026
20930257,36,4,2023,2026
22236829,36,6,2021,2026
26474646,36,3,2023,2025
40845020,36,3,2024,2026
93211962,36,2,2024,2025
93888520,36,4,2023,2026
94080833,36,1,2023,2023
96771701,36,5,2021,2025
96873937,36,3,2022,2026
68570,35,5,2022,2026
83222,35,3,2023,2026
97840,35,6,2021,2026
98384,35,3,2024,2026
206421,35,4,2022,2026
300931,35,4,2023,2026
305068,35,4,2021,2025
349918,35,5,2022,2026
383520,35,5,2022,2026
457672,35,2,2024,2025
501733,35,2,2024,2025
587821,35,1,2024,2024
614699,35,3,2021,2023
615669,35,2,2021,2022
628268,35,4,2022,2026
690254,35,3,2021,2026
777168,35,5,2021,2026
792864,35,5,2022,2026
837131,35,4,2022,2026
864132,35,5,2022,2026
917092,35,5,2021,2025
947801,35,5,2021,2026
1187351,35,4,2021,2024
1223555,35,3,2023,2025
1251136,35,5,2022,2026
1268827,35,2,2024,2025
1274929,35,4,2023,2026
1277346,35,4,2023,2026
1368022,35,6,2021,2026
1685778,35,6,2020,2025
1707718,35,4,2022,2025
1724576,35,6,2020,2025
2193214,35,1,2024,2024
2323046,35,5,2020,2025
2521582,35,4,2022,2025
2982457,35,6,2021,2026
3308127,35,5,2022,2026
3339297,35,6,2021,2026
3379921,35,7,2020,2026
3552131,35,6,2021,2026
3617315,35,4,2023,2026
3724418,35,4,2023,2026
3853650,35,5,2022,2026
3890964,35,6,2021,2026
4077419,35,3,2022,2024
4465915,35,5,2021,2025
4845102,35,2,2023,2024
4925518,35,4,2021,2024
5101854,35,6,2020,2025
5311826,35,5,2021,2025
5449693,35,5,2021,2025
5527727,35,6,2021,2026
5600317,35,3,2021,2024
5611148,35,5,2021,2025
6743735,35,5,2020,2024
6811737,35,6,2021,2026
7147954,35,4,2023,2026
7213341,35,6,2021,2026
7382662,35,7,2020,2026
7646699,35,4,2023,2026
9129258,35,3,2022,2025
10718818,35,5,2021,2025
11116723,35,4,2021,2025
13809200,35,5,2020,2025
14033855,35,5,2021,2025
15926662,35,4,2022,2025
16021605,35,3,2023,2025
16029027,35,5,2021,2025
16784868,35,7,2020,2026
17388674,35,7,2020,2026
18004445,35,5,2022,2026
19488668,35,5,2021,2025
21025929,35,4,2022,2026
22074407,35,4,2022,2025
22161087,35,6,2021,2026
23058122,35,6,2021,2026
24239541,35,5,2022,2026
24391410,35,4,2022,2026
26612397,35,4,2022,2025
49783487,35,4,2023,2026
95573529,35,4,2023,2026
162360,34,6,2021,2026
210372,34,2,2025,2026
279482,34,6,2020,2026
291754,34,2,2021,2022
302964,34,6,2020,2025
336461,34,4,2021,2024
433138,34,4,2021,2025
458634,34,2,2022,2023
486670,34,4,2022,2025
528481,34,5,2022,2026
586687,34,1,2021,2021
614457,34,4,2021,2024
638659,34,4,2022,2025
646546,34,5,2021,2025
690100,34,5,2022,2026
735801,34,2,2025,2026
781440,34,2,2025,2026
833008,34,5,2021,2025
875420,34,6,2021,2026
887399,34,6,2021,2026
939738,34,3,2024,2026
943325,34,5,2022,2026
1003142,34,6,2020,2025
1054548,34,3,2024,2026
1155852,34,4,2022,2025
1208528,34,4,2020,2024
1212816,34,5,2021,2025
1287152,34,5,2021,2025
1320954,34,6,2020,2026
2007321,34,3,2024,2026
2051798,34,5,2021,2026
2347982,34,7,2020,2026
2445755,34,3,2024,2026
2865541,34,5,2021,2025
2998089,34,6,2021,2026
3016155,34,6,2021,2026
3042283,34,5,2020,2026
3122353,34,3,2022,2025
3316862,34,7,2020,2026
3446662,34,4,2021,2025
3641838,34,4,2023,2026
3793744,34,5,2021,2025
3865710,34,5,2021,2026
4084998,34,5,2021,2025
4108223,34,2,2024,2025
4123272,34,5,2022,2026
4229424,34,4,2022,2025
4330905,34,6,2020,2026
4447255,34,5,2020,2025
4533298,34,2,2024,2025
5012490,34,4,2021,2025
5120894,34,6,2020,2026
5180338,34,5,2022,2026
5278890,34,7,2020,2026
5442548,34,6,2021,2026
5756160,34,6,2021,2026
6586665,34,6,2021,2026
7148488,34,4,2021,2025
7796382,34,4,2023,2026
7922988,34,4,2021,2024
7937941,34,5,2021,2025
8131236,34,6,2020,2026
8794122,34,3,2024,2026
9976440,34,4,2021,2024
10625791,34,4,2023,2026
11942294,34,2,2021,2022
12626171,34,3,2023,2025
12690247,34,6,2021,2026
12799236,34,3,2023,2025
13742404,34,5,2022,2026
16789624,34,4,2023,2026
17579515,34,4,2023,2026
19028805,34,7,2020,2026
19505170,34,4,2022,2025
20255651,34,2,2024,2025
21343212,34,5,2022,2026
21541585,34,4,2023,2026
22107007,34,4,2022,2025
22760387,34,5,2021,2026
23514367,34,4,2023,2026
24044386,34,6,2021,2026
90547193,34,6,2021,2026
92809196,34,6,2021,2026
92809611,34,3,2020,2022
93929462,34,3,2023,2025
94399345,34,4,2023,2026
96345151,34,4,2022,2025
97054364,34,3,2023,2025
97557607,34,2,2025,2026
98360960,34,2,2025,2026
100079333,34,5,2021,2025
52639,33,2,2021,2024
205547,33,6,2020,2026
315443,33,2,2025,2026
359336,33,4,2023,2026
510592,33,4,2022,2025
578827,33,5,2021,2025
646083,33,3,2023,2025
757205,33,6,2020,2025
880680,33,5,2022,2026
940528,33,4,2022,2025
1110809,33,4,2021,2024
1157247,33,5,2022,2026
1189755,33,3,2024,2026
1265491,33,3,2024,2026
1418308,33,7,2020,2026
1434896,33,7,2020,2026
1679647,33,2,2024,2025
1688721,33,5,2021,2025
2374243,33,4,2022,2025
3482494,33,5,2021,2025
3547198,33,5,2021,2025
4137069,33,6,2021,2026
4374686,33,4,2022,2025
4748425,33,4,2021,2024
4822170,33,4,2023,2026
4872839,33,6,2021,2026
5158416,33,5,2022,2026
5839340,33,6,2021,2026
6104143,33,5,2020,2026
6139360,33,5,2021,2025
6189588,33,5,2021,2025
6546971,33,5,2021,2025
6595863,33,6,2020,2025
6684690,33,6,2021,2026
6815348,33,5,2021,2026
6974866,33,5,2021,2025
7045931,33,5,2021,2025
7122558,33,4,2021,2024
7660886,33,6,2021,2026
7948322,33,3,2021,2023
10011776,33,3,2022,2024
10097679,33,5,2021,2025
10454883,33,5,2022,2026
11308183,33,4,2022,2025
11457147,33,4,2022,2025
12034382,33,6,2021,2026
12086358,33,5,2021,2025
14069343,33,1,2025,2025
14271063,33,4,2022,2025
16289489,33,5,2022,2026
16651160,33,2,2022,2023
17675184,33,3,2024,2026
19454606,33,2,2025,2026
19627330,33,5,2022,2026
23004751,33,6,2021,2026
26800186,33,4,2023,2026
27830303,33,4,2023,2026
49787950,33,3,2023,2025
92854778,33,4,2021,2024
92855724,33,5,2022,2026
93124557,33,5,2022,2026
93140848,33,5,2020,2024
93140856,33,4,2023,2026
93592187,33,5,2021,2026
93909540,33,4,2023,2026
94482459,33,4,2022,2025
94903543,33,3,2023,2025
95660011,33,4,2023,2026
96181551,33,4,2023,2026
97322626,33,3,2023,2025
100738769,33,3,2024,2026
116951,32,4,2023,2026
168815,32,4,2023,2026
233402,32,2,2023,2024
262669,32,3,2024,2026
319422,32,5,2021,2025
351562,32,2,2024,2025
445277,32,4,2023,2026
519156,32,5,2021,2025
563724,32,2,2024,2025
616846,32,6,2021,2026
686099,32,4,2022,2025
697153,32,4,2023,2026
748550,32,6,2020,2025
810877,32,5,2021,2025
818183,32,5,2022,2026
849670,32,4,2022,2025
931051,32,6,2020,2025
1017609,32,1,2025,2025
1033006,32,4,2021,2025
1070638,32,5,2020,2026
1142399,32,3,2022,2024
1149266,32,4,2022,2025
1260632,32,5,2021,2025
1278574,32,7,2020,2026
1694137,32,6,2019,2026
1705326,32,5,2021,2026
2246796,32,5,2022,2026
2359957,32,6,2020,2025
2501591,32,5,2021,2025
2512861,32,5,2021,2025
2641510,32,7,2020,2026
2744499,32,7,2020,2026
2931402,32,4,2021,2024
3111807,32,6,2021,2026
3124688,32,4,2021,2024
3138383,32,3,2021,2023
3160255,32,4,2023,2026
3294941,32,4,2023,2026
3452678,32,4,2022,2026
3463307,32,5,2022,2026
3498992,32,4,2023,2026
3629513,32,6,2020,2025
4010885,32,3,2021,2023
4286290,32,6,2021,2026
4508112,32,2,2021,2022
4621278,32,4,2022,2025
4693641,32,4,2023,2026
4862488,32,7,2020,2026
5081159,32,5,2021,2025
5122886,32,6,2020,2025
5250433,32,7,2020,2026
5393946,32,3,2023,2026
5686864,32,6,2021,2026
5749180,32,5,2021,2025
6056684,32,1,2024,2024
6411540,32,5,2021,2025
6495488,32,4,2022,2025
6585485,32,3,2021,2023
6844624,32,7,2020,2026
6901559,32,6,2021,2026
6914585,32,3,2023,2025
7208338,32,4,2020,2023
7235540,32,4,2023,2026
7843060,32,3,2022,2024
11172918,32,4,2022,2025
11845817,32,5,2022,2026
12377671,32,6,2021,2026
12703982,32,4,2022,2025
13054049,32,7,2020,2026
13221840,32,5,2021,2025
14748374,32,3,2022,2024
14880392,32,6,2021,2026
16229998,32,4,2022,2025
16281192,32,4,2022,2025
17904631,32,5,2021,2025
18495465,32,6,2021,2026
19195756,32,1,2025,2025
19215032,32,5,2021,2025
20411970,32,4,2023,2026
20985692,32,5,2021,2025
21085490,32,2,2024,2025
21525026,32,2,2024,2025
22243511,32,4,2021,2024
22417984,32,4,2023,2026
22773353,32,2,2021,2022
23023523,32,6,2021,2026
93353442,32,2,2025,2026
94131129,32,4,2023,2026
94415102,32,2,2023,2024
94516899,32,4,2023,2026
96200223,32,3,2024,2026
96235581,32,2,2025,2026
97568332,32,2,2024,2025
101612045,32,2,2025,2026
102146501,32,3,2023,2025
2554,31,6,2021,2026
28270,31,6,2021,2026
77972,31,3,2024,2026
123817,31,2,2025,2026
235255,31,6,2020,2025
253834,31,5,2022,2026
265641,31,3,2022,2024
297543,31,3,2023,2025
320986,31,6,2021,2026
379359,31,4,2021,2024
382741,31,1,2023,2023
426968,31,4,2022,2025
450368,31,3,2023,2025
478255,31,6,2021,2026
494185,31,5,2022,2026
585646,31,2,2024,2025
615578,31,6,2021,2026
648649,31,5,2022,2026
652083,31,3,2023,2025
774161,31,5,2022,2026
775371,31,4,2023,2026
850187,31,2,2023,2024
904516,31,5,2021,2026
954194,31,3,2024,2026
1049595,31,3,2024,2026
1097339,31,6,2021,2026
1098120,31,6,2021,2026
1122757,31,3,2023,2025
1238235,31,7,2020,2026
1275635,31,1,2023,2023
1377778,31,6,2021,2026
1416439,31,3,2021,2023
1489790,31,3,2022,2024
1802560,31,5,2021,2025
1842404,31,4,2021,2024
1925787,31,4,2022,2026
1974317,31,5,2022,2026
2287007,31,6,2021,2026
2781527,31,5,2021,2025
2808039,31,6,2020,2026
2870407,31,5,2021,2025
2879561,31,4,2023,2026
3346957,31,4,2021,2025
3470056,31,6,2020,2025
3486855,31,7,2020,2026
3497556,31,5,2021,2025
3534025,31,5,2020,2025
3710390,31,3,2023,2025
4123308,31,5,2022,2026
4160597,31,2,2023,2025
4221936,31,6,2021,2026
4339398,31,5,2021,2025
4393318,31,2,2023,2024
4461165,31,7,2020,2026
4528308,31,6,2020,2025
5074731,31,4,2022,2026
5094785,31,3,2021,2023
5446527,31,5,2021,2025
5535916,31,5,2021,2026
6037516,31,4,2022,2025
6212226,31,3,2022,2024
6260787,31,5,2021,2025
6395441,31,4,2023,2026
6719643,31,4,2020,2024
6930526,31,5,2021,2025
6946523,31,2,2022,2025
6985368,31,4,2021,2025
7229209,31,3,2022,2024
8345251,31,6,2020,2025
8701482,31,5,2022,2026
8930611,31,5,2022,2026
8978349,31,6,2021,2026
9007850,31,7,2020,2026
9444938,31,6,2021,2026
13204127,31,6,2021,2026
13457971,31,2,2022,2023
13551365,31,4,2023,2026
13827149,31,5,2022,2026
16707704,31,5,2021,2025
17966970,31,5,2021,2025
19078001,31,4,2021,2024
19838194,31,4,2023,2026
20938691,31,2,2024,2025
21017057,31,6,2021,2026
22147119,31,4,2021,2024
22150963,31,5,2021,2025
22254010,31,7,2020,2026
22254313,31,5,2021,2026
22283321,31,5,2021,2025
23440771,31,5,2022,2026
23657981,31,5,2022,2026
24642881,31,4,2022,2025
49752234,31,4,2023,2026
92810247,31,5,2021,2025
93081043,31,4,2023,2026
94154949,31,4,2023,2026
95951907,31,3,2024,2026
97882360,31,2,2025,2026
98646680,31,2,2024,2025
101781524,31,1,2025,2025
2672,30,3,2023,2025
26788,30,3,2022,2024
33182,30,2,2025,2026
41419,30,3,2024,2026
65004,30,3,2022,2026
83790,30,4,2020,2023
254049,30,1,2025,2025
359449,30,4,2022,2025
393528,30,7,2017,2026
408140,30,6,2021,2026
440976,30,6,2020,2026
534711,30,6,2021,2026
601864,30,4,2022,2025
620606,30,2,2023,2024
661466,30,3,2023,2025
696295,30,2,2024,2025
698846,30,4,2022,2025
707243,30,5,2022,2026
760710,30,6,2021,2026
956099,30,3,2024,2026
996833,30,4,2023,2026
1009078,30,3,2022,2024
1030379,30,5,2022,2026
1039993,30,3,2023,2025
1050907,30,2,2021,2025
1148481,30,6,2021,2026
1163079,30,5,2021,2025
1216924,30,4,2023,2026
1221787,30,3,2024,2026
1369671,30,5,2021,2025
1408228,30,3,2024,2026
1421679,30,5,2020,2026
1475599,30,2,2020,2025
1518186,30,2,2024,2025
1679298,30,4,2022,2025
1830194,30,7,2020,2026
2010371,30,3,2024,2026
2524768,30,6,2020,2025
2584701,30,5,2021,2025
2608260,30,3,2020,2022
2756420,30,5,2022,2026
2900296,30,5,2022,2026
2919850,30,4,2023,2026
3032772,30,5,2021,2025
3189454,30,4,2022,2025
3238279,30,4,2021,2025
3240418,30,4,2021,2024
3301532,30,6,2021,2026
3307925,30,4,2021,2025
3325698,30,5,2022,2026
3354788,30,6,2020,2025
3767059,30,5,2021,2025
3784841,30,3,2023,2025
3919144,30,2,2025,2026
4334443,30,3,2022,2024
4379713,30,2,2024,2025
4460514,30,5,2021,2026
4749320,30,2,2023,2024
5227407,30,4,2021,2025
5331258,30,4,2023,2026
5379001,30,6,2021,2026
5446512,30,5,2021,2025
5500760,30,5,2021,2025
5623251,30,3,2024,2026
5679960,30,5,2022,2026
5803410,30,4,2022,2026
5935005,30,3,2024,2026
6243449,30,5,2021,2026
6502396,30,6,2021,2026
6582820,30,7,2020,2026
6651807,30,3,2021,2023
7022340,30,5,2022,2026
7147912,30,4,2023,2026
7243623,30,6,2021,2026
7280719,30,6,2021,2026
7381630,30,4,2023,2026
7886392,30,5,2022,2026
10598409,30,5,2021,2025
11193279,30,5,2021,2025
11282896,30,5,2021,2025
11737806,30,5,2022,2026
13335467,30,6,2021,2026
13971136,30,7,2020,2026
15186170,30,3,2022,2026
15286755,30,5,2022,2026
18341003,30,4,2022,2025
20571376,30,4,2022,2025
23340482,30,4,2023,2026
24409481,30,3,2023,2025
24529717,30,5,2022,2026
24945706,30,5,2022,2026
26541010,30,4,2023,2026
26645755,30,5,2022,2026
27735956,30,4,2022,2025
92910184,30,4,2023,2026
93327774,30,4,2022,2025
95069720,30,6,2021,2026
95485061,30,3,2024,2026
96037016,30,2,2024,2025
96193832,30,3,2024,2026
97709495,30,2,2024,2025
98798092,30,2,2023,2024
98908738,30,4,2023,2026
99969742,30,2,2024,2025
100487601,30,2,2025,2026
101000954,30,4,2022,2025
102486884,30,2,2025,2026
69675,29,5,2021,2025
96675,29,5,2021,2025
116780,29,1,2025,2025
131126,29,6,2021,2026
152247,29,2,2025,2026
159557,29,4,2021,2026
196091,29,3,2021,2024
254822,29,2,2022,2024
261790,29,2,2025,2026
271732,29,3,2021,2023
280687,29,5,2022,2026
348244,29,2,2025,2026
349361,29,3,2024,2026
398262,29,5,2021,2025
469512,29,5,2020,2026
476423,29,4,2021,2024
483288,29,4,2022,2025
585230,29,5,2021,2025
594021,29,2,2021,2022
600539,29,6,2020,2025
635376,29,5,2021,2025
652576,29,5,2021,2025
673723,29,3,2022,2025
792141,29,3,2024,2026
798353,29,4,2022,2025
907113,29,5,2022,2026
939889,29,4,2021,2025
961100,29,2,2023,2024
1043382,29,2,2022,2023
1118163,29,4,2020,2023
1152572,29,4,2022,2025
1169656,29,4,2021,2024
1189812,29,6,2021,2026
1220301,29,4,2022,2025
1222529,29,4,2022,2025
1227565,29,5,2022,2026
1333744,29,3,2024,2026
1471339,29,4,2023,2026
1657021,29,6,2021,2026
1844108,29,3,2020,2022
1877851,29,7,2020,2026
2054205,29,5,2022,2026
2096212,29,6,2021,2026
2149462,29,6,2021,2026
2722763,29,3,2023,2025
2933280,29,5,2020,2025
3110974,29,5,2020,2024
3271079,29,5,2021,2025
3397729,29,3,2023,2025
3476912,29,5,2021,2025
3848638,29,6,2021,2026
3930900,29,4,2022,2025
3986536,29,3,2021,2023
4377747,29,6,2020,2025
4448991,29,5,2022,2026
4581739,29,5,2021,2025
4592851,29,5,2021,2025
4593180,29,4,2022,2025
4639366,29,4,2022,2026
4920346,29,5,2022,2026
5187714,29,5,2021,2025
5212154,29,5,2021,2025
5567015,29,4,2023,2026
5660609,29,4,2022,2025
5738544,29,6,2020,2025
5761634,29,4,2022,2026
5941566,29,6,2021,2026
6038481,29,5,2021,2025
6097004,29,5,2022,2026
6251145,29,2,2021,2022
6337366,29,5,2021,2025
6453635,29,6,2020,2026
6616934,29,4,2023,2026
6869654,29,6,2021,2026
7017220,29,5,2021,2026
7031067,29,6,2021,2026
7152615,29,6,2020,2025
7231204,29,3,2023,2025
7258786,29,4,2023,2026
7490700,29,6,2021,2026
7819617,29,6,2021,2026
10312754,29,2,2023,2024
11322227,29,4,2022,2025
11323720,29,2,2024,2025
12514952,29,3,2024,2026
13645204,29,5,2021,2025
17573017,29,4,2022,2025
17671454,29,4,2021,2025
17865345,29,4,2021,2024
21446455,29,4,2023,2026
22390562,29,2,2021,2023
22578745,29,3,2023,2026
23106311,29,4,2022,2025
23428981,29,5,2022,2026
24465028,29,6,2020,2025
24816958,29,5,2022,2026
26418883,29,4,2023,2026
92810650,29,5,2021,2025
92877089,29,4,2021,2024
93104471,29,2,2024,2025
93111141,29,4,2023,2026
93247150,29,2,2023,2024
95045202,29,1,2024,2024
95062028,29,4,2023,2026
95291191,29,3,2023,2025
96224182,29,3,2021,2023
96303657,29,3,2023,2025
96751215,29,4,2023,2026
97755022,29,4,2023,2026
100230897,29,3,2023,2025
28064,28,2,2024,2025
45577,28,3,2022,2025
67675,28,3,2024,2026
120286,28,4,2021,2024
147871,28,3,2022,2025
154670,28,2,2025,2026
268877,28,3,2021,2024
299414,28,5,2022,2026
305414,28,2,2024,2025
319155,28,5,2020,2024
339610,28,4,2022,2025
343238,28,3,2024,2026
360255,28,4,2022,2025
360870,28,4,2021,2025
383586,28,3,2021,2025
480767,28,4,2023,2026
500474,28,6,2021,2026
566271,28,6,2021,2026
615256,28,5,2022,2026
623494,28,2,2024,2025
662584,28,3,2024,2026
665970,28,4,2022,2026
680077,28,3,2023,2025
682562,28,3,2020,2026
686465,28,3,2023,2025
746383,28,5,2021,2025
759596,28,4,2023,2026
775045,28,7,2020,2026
791709,28,2,2024,2025
817598,28,3,2022,2024
916874,28,5,2022,2026
940948,28,2,2024,2025
1129851,28,2,2024,2025
1162705,28,5,2020,2024
1211607,28,5,2021,2025
1258295,28,6,2021,2026
1290118,28,5,2021,2025
1307710,28,6,2021,2026
1350660,28,5,2020,2025
1363805,28,2,2024,2025
1384762,28,4,2020,2023
1418110,28,5,2021,2025
1428151,28,5,2021,2025
1429665,28,6,2021,2026
1482664,28,2,2023,2024
1643346,28,5,2021,2025
1725167,28,5,2022,2026
1796619,28,5,2021,2025
1803224,28,6,2021,2026
1845451,28,3,2021,2024
1939228,28,6,2021,2026
1980792,28,6,2021,2026
2077583,28,6,2021,2026
2084408,28,5,2020,2024
2289067,28,5,2021,2025
2409869,28,5,2020,2024
2555737,28,6,2021,2026
2739229,28,3,2023,2025
2771615,28,4,2022,2025
2772594,28,5,2021,2026
2898527,28,6,2020,2025
3531925,28,4,2022,2025
3793495,28,4,2022,2025
4199869,28,7,2020,2026
4204869,28,4,2022,2025
4316896,28,2,2024,2025
4439514,28,4,2021,2024
4512786,28,6,2021,2026
5382864,28,6,2021,2026
5535397,28,5,2021,2025
5750045,28,3,2024,2026
5783078,28,5,2021,2025
6143219,28,6,2021,2026
6223930,28,4,2022,2025
6345329,28,2,2022,2023
6809254,28,4,2023,2026
6844588,28,4,2022,2025
7005636,28,4,2021,2024
7021673,28,6,2020,2025
7284212,28,4,2021,2024
7389741,28,6,2021,2026
7663405,28,3,2023,2025
7680271,28,4,2022,2025
7789602,28,4,2023,2026
8958592,28,5,2020,2026
9813476,28,2,2024,2025
11732689,28,4,2023,2026
13319891,28,2,2024,2025
13476942,28,2,2024,2025
13728153,28,5,2022,2026
15729954,28,5,2022,2026
16467173,28,4,2022,2025
16572753,28,3,2023,2025
17027903,28,5,2021,2025
17388401,28,6,2021,2026
18389168,28,6,2021,2026
18885355,28,7,2020,2026
19335675,28,5,2022,2026
22060486,28,4,2022,2025
22161571,28,6,2020,2025
23862510,28,5,2022,2026
24147249,28,4,2022,2025
26624560,28,3,2022,2024
26701243,28,1,2023,2023
26771828,28,2,2023,2024
27897281,28,2,2023,2025
92815149,28,7,2020,2026
92859153,28,6,2020,2025
92880592,28,1,2024,2024
93017788,28,4,2023,2026
93046983,28,6,2021,2026
93239333,28,5,2022,2026
93312804,28,5,2022,2026
93323989,28,4,2023,2026
93454799,28,4,2023,2026
93516607,28,4,2023,2026
95981466,28,2,2024,2025
96085648,28,2,2024,2025
96711799,28,2,2022,2024
96965403,28,4,2023,2026
98707771,28,3,2024,2026
10519,27,4,2023,2026
17160,27,4,2022,2025
26064,27,2,2025,2026
66709,27,4,2021,2025
110655,27,6,2021,2026
175030,27,3,2024,2026
237357,27,5,2022,2026
245105,27,6,2021,2026
298835,27,2,2023,2024
314060,27,6,2021,2026
378680,27,4,2023,2026
391106,27,4,2021,2025
548442,27,2,2024,2025
561024,27,5,2021,2026
563395,27,2,2024,2025
585622,27,2,2021,2022
586543,27,6,2021,2026
626759,27,3,2024,2026
658876,27,3,2024,2026
698362,27,2,2025,2026
767347,27,5,2021,2025
812862,27,3,2023,2025
833554,27,4,2023,2026
865208,27,5,2022,2026
869205,27,3,2023,2025
907484,27,4,2022,2025
919134,27,5,2021,2026
921937,27,5,2022,2026
963400,27,5,2021,2025
1006102,27,5,2021,2025
1028398,27,6,2020,2025
1034092,27,6,2021,2026
1054760,27,5,2020,2025
1092657,27,5,2022,2026
1133738,27,6,2021,2026
1167052,27,5,2020,2025
1234371,27,3,2024,2026
1238365,27,7,2020,2026
1324575,27,6,2021,2026
1352471,27,3,2024,2026
1371874,27,6,2021,2026
1700103,27,7,2020,2026
1965723,27,5,2021,2025
2075920,27,5,2021,2025
2139203,27,4,2023,2026
2289988,27,4,2021,2024
2361460,27,6,2021,2026
2546448,27,5,2021,2025
2808904,27,2,2024,2025
2812185,27,5,2021,2025
3112211,27,1,2025,2025
3125511,27,5,2021,2025
3178574,27,7,2020,2026
3194954,27,6,2021,2026
3254657,27,5,2021,2025
3359507,27,6,2021,2026
3397597,27,5,2020,2024
3563181,27,6,2020,2025
3674037,27,5,2021,2026
3919837,27,5,2022,2026
4108222,27,2,2024,2025
4179962,27,5,2021,2025
4938995,27,5,2022,2026
5083990,27,3,2022,2024
5195312,27,1,2025,2025
5270530,27,4,2022,2025
5396274,27,5,2022,2026
5413847,27,5,2022,2026
5485201,27,4,2022,2025
5627945,27,4,2021,2024
5700850,27,4,2022,2025
5800305,27,6,2020,2025
6011209,27,4,2023,2026
6127693,27,4,2023,2026
6264745,27,6,2020,2025
6420916,27,3,2024,2026
6457228,27,5,2022,2026
6550319,27,5,2022,2026
6956959,27,6,2021,2026
6988695,27,4,2021,2025
7037455,27,2,2022,2023
7048819,27,4,2022,2025
7214846,27,6,2021,2026
7381563,27,6,2020,2025
7708686,27,4,2020,2023
7974477,27,5,2022,2026
8380107,27,5,2021,2025
8473948,27,6,2021,2026
8541980,27,4,2021,2025
8658122,27,4,2023,2026
8903247,27,4,2021,2025
10144622,27,3,2022,2024
11028279,27,4,2022,2026
11838491,27,2,2023,2024
11844273,27,5,2021,2026
11863782,27,4,2022,2025
12169113,27,1,2023,2023
12903388,27,5,2021,2025
13577370,27,1,2025,2025
13814667,27,6,2021,2026
13968653,27,5,2022,2026
14069521,27,1,2024,2024
14640052,27,4,2022,2025
15875206,27,5,2021,2025
16331295,27,6,2021,2026
16609693,27,5,2022,2026
17147546,27,4,2022,2025
17468059,27,5,2022,2026
18179104,27,4,2023,2026
19008871,27,2,2021,2023
19443692,27,4,2022,2025
19785882,27,5,2022,2026
19835879,27,5,2021,2025
21326462,27,5,2022,2026
22074629,27,4,2022,2025
22142648,27,6,2021,2026
23890283,27,5,2022,2026
24423155,27,6,2021,2026
24436175,27,4,2022,2025
26457526,27,3,2023,2025
49797206,27,2,2025,2026
92799294,27,5,2021,2025
92855754,27,1,2025,2025
92903027,27,6,2020,2025
93279695,27,4,2023,2026
93350177,27,4,2023,2026
93506924,27,1,2025,2025
93628008,27,6,2020,2026
95056935,27,3,2023,2025
95727103,27,4,2023,2026
95923893,27,1,2025,2025
97484000,27,1,2025,2025
100439116,27,2,2024,2026
13918,26,5,2022,2026
108021,26,5,2021,2025
125360,26,5,2022,2026
171451,26,2,2024,2025
171670,26,4,2023,2026
186662,26,4,2020,2023
198789,26,5,2022,2026
234352,26,6,2018,2025
285431,26,3,2024,2026
307843,26,5,2021,2025
345516,26,4,2023,2026
359595,26,3,2023,2025
411128,26,3,2023,2025
446023,26,2,2022,2023
466525,26,5,2021,2025
515758,26,6,2021,2026
529495,26,2,2022,2023
541972,26,3,2022,2025
542608,26,4,2022,2025
582384,26,5,2022,2026
587936,26,5,2022,2026
613072,26,4,2023,2026
622952,26,3,2023,2025
624926,26,1,2025,2025
645732,26,5,2021,2025
680418,26,5,2021,2026
751345,26,7,2020,2026
767091,26,1,2023,2023
792177,26,2,2025,2026
793069,26,5,2021,2026
850084,26,4,2021,2024
856960,26,6,2021,2026
862860,26,2,2024,2025
865092,26,6,2021,2026
877315,26,4,2021,2025
892858,26,4,2023,2026
994447,26,1,2023,2023
1088440,26,4,2022,2026
1104097,26,1,2025,2025
1130470,26,6,2021,2026
1136174,26,3,2022,2024
1171393,26,5,2021,2025
1226676,26,5,2022,2026
1357273,26,4,2022,2026
1414947,26,3,2023,2026
1562143,26,5,2022,2026
1844814,26,5,2020,2025
1868948,26,5,2021,2026
1924025,26,3,2023,2025
1928502,26,4,2023,2026
2004876,26,3,2023,2025
2219801,26,5,2021,2025
2282202,26,4,2021,2024
2383200,26,5,2021,2026
2584329,26,6,2021,2026
2726940,26,5,2021,2025
2857625,26,4,2021,2025
3236466,26,6,2020,2025
3397416,26,5,2021,2025
3434594,26,5,2021,2025
3463456,26,2,2022,2023
3721501,26,4,2021,2025
3845010,26,7,2020,2026
3871970,26,4,2022,2025
4163000,26,5,2021,2025
4437795,26,4,2022,2025
4532740,26,5,2021,2025
4609066,26,5,2022,2026
4911316,26,7,2020,2026
5032424,26,5,2021,2025
5063497,26,6,2021,2026
5183261,26,5,2021,2025
5359002,26,3,2023,2025
5562373,26,3,2022,2024
5688245,26,3,2023,2025
5692495,26,5,2021,2025
5728040,26,5,2021,2025
5941023,26,3,2024,2026
6084354,26,3,2022,2024
6321838,26,4,2020,2025
6498919,26,3,2024,2026
6621284,26,3,2023,2026
6647420,26,4,2021,2024
6756506,26,4,2022,2025
6772059,26,5,2022,2026
6948674,26,2,2023,2024
6987263,26,6,2021,2026
7225712,26,6,2021,2026
7255905,26,5,2021,2025
7547376,26,3,2023,2025
7654580,26,3,2021,2023
8456642,26,4,2022,2025
8704868,26,7,2020,2026
8864734,26,3,2024,2026
9313474,26,4,2022,2025
10307196,26,5,2021,2026
10810105,26,4,2022,2025
10984829,26,6,2021,2026
10987065,26,4,2022,2025
11521396,26,5,2021,2026
12694361,26,4,2020,2023
12931974,26,4,2023,2026
14876623,26,4,2022,2025
15069810,26,5,2021,2025
15543143,26,5,2021,2026
15612447,26,4,2022,2025
16263661,26,4,2022,2025
17264449,26,4,2022,2025
17423719,26,3,2022,2024
18360516,26,5,2022,2026
19263136,26,1,2024,2024
19866398,26,4,2021,2025
20371896,26,5,2022,2026
21148520,26,4,2022,2025
21537769,26,4,2022,2025
22025677,26,4,2023,2026
22229712,26,5,2022,2026
22247426,26,3,2021,2023
22787540,26,5,2021,2025
23599373,26,4,2023,2026
24223511,26,4,2022,2025
24359519,26,4,2021,2025
26500475,26,4,2023,2026
53738505,26,4,2023,2026
93070354,26,4,2023,2026
93112246,26,4,2022,2025
93392973,26,4,2022,2025
93459797,26,3,2023,2025
93492164,26,2,2025,2026
94376969,26,4,2023,2026
94754453,26,3,2023,2025
95168148,26,3,2023,2025
95727014,26,3,2024,2026
95870614,26,3,2023,2025
95897979,26,2,2024,2025
96745610,26,4,2023,2026
98700942,26,3,2024,2026
101075446,26,2,2024,2025
102043303,26,2,2025,2026
102325610,26,2,2025,2026
29543,25,4,2021,2025
70884,25,4,2022,2025
127829,25,6,2021,2026
226662,25,7,2020,2026
247422,25,5,2021,2026
308106,25,1,2025,2025
368983,25,4,2020,2023
389264,25,2,2023,2024
400160,25,5,2021,2025
415239,25,2,2024,2025
448176,25,4,2023,2026
456073,25,6,2021,2026
484296,25,6,2020,2025
536515,25,4,2023,2026
584837,25,1,2023,2023
623044,25,2,2025,2026
631357,25,1,2022,2022
658321,25,3,2024,2026
706263,25,4,2022,2025
762270,25,2,2024,2025
785181,25,2,2024,2025
801731,25,2,2025,2026
848311,25,5,2022,2026
850468,25,1,2022,2022
864162,25,5,2021,2025
865442,25,5,2022,2026
925472,25,5,2021,2025
925959,25,4,2023,2026
973924,25,6,2021,2026
1047690,25,4,2023,2026
1053904,25,2,2023,2024
1091507,25,4,2021,2024
1112709,25,1,2025,2025
1142317,25,3,2024,2026
1148345,25,5,2021,2025
1160113,25,3,2022,2024
1168075,25,2,2025,2026
1179465,25,5,2020,2025
1192534,25,3,2023,2025
1235023,25,3,2022,2024
1259940,25,2,2025,2026
1306803,25,2,2025,2026
1336746,25,6,2021,2026
1358481,25,2,2024,2025
1761576,25,2,2025,2026
1887356,25,5,2022,2026
1997880,25,5,2021,2025
2006231,25,5,2021,2025
2034350,25,5,2021,2025
2041724,25,5,2022,2026
2128080,25,1,2024,2024
3043307,25,5,2021,2025
3085606,25,2,2025,2026
3145547,25,7,2020,2026
3301557,25,4,2022,2025
3371983,25,5,2021,2025
3439404,25,5,2022,2026
3492612,25,4,2023,2026
3521163,25,6,2020,2025
3639905,25,4,2022,2025
3685473,25,6,2021,2026
4098384,25,2,2025,2026
4119478,25,5,2022,2026
4148533,25,5,2022,2026
4150973,25,7,2020,2026
4209863,25,4,2022,2025
4311460,25,3,2021,2025
4407421,25,2,2024,2025
4450165,25,5,2020,2024
4463032,25,6,2021,2026
4542708,25,6,2020,2025
4594049,25,5,2021,2025
4646796,25,6,2021,2026
4798129,25,3,2023,2025
5001898,25,2,2021,2022
5131007,25,4,2023,2026
5181505,25,5,2021,2025
5188400,25,5,2021,2025
5224055,25,5,2020,2024
5417844,25,4,2022,2025
5465443,25,4,2022,2026
5526131,25,5,2021,2026
5614132,25,5,2021,2025
6212263,25,6,2021,2026
6331701,25,7,2020,2026
6377093,25,5,2022,2026
6395434,25,4,2020,2024
6528546,25,4,2023,2026
6687765,25,6,2021,2026
6737331,25,5,2021,2025
6862055,25,3,2021,2023
6867973,25,6,2021,2026
6936314,25,5,2021,2025
7054638,25,4,2023,2026
7239431,25,4,2022,2025
7477628,25,2,2022,2024
7690926,25,4,2022,2025
7736525,25,3,2023,2025
7876513,25,1,2022,2022
8994542,25,5,2022,2026
9109741,25,6,2021,2026
9586137,25,5,2022,2026
9940184,25,5,2022,2026
10012827,25,4,2022,2025
10139323,25,4,2022,2025
11119274,25,4,2022,2025
11761304,25,4,2022,2025
12070724,25,4,2023,2026
12475706,25,4,2022,2025
12678046,25,4,2022,2025
13555903,25,5,2019,2023
13651034,25,4,2021,2025
14116807,25,6,2021,2026
15419309,25,5,2021,2025
16241607,25,4,2023,2026
16497178,25,4,2021,2026
17020440,25,6,2021,2026
17457141,25,5,2022,2026
18882906,25,4,2020,2025
19226802,25,5,2021,2025
20153871,25,4,2022,2025
20571318,25,4,2023,2026
21877813,25,6,2021,2026
22161424,25,6,2021,2026
22235337,25,4,2023,2026
22893289,25,4,2023,2026
24030453,25,5,2022,2026
24228978,25,1,2022,2022
24378300,25,3,2024,2026
24619600,25,3,2023,2025
24722062,25,5,2022,2026
35489606,25,4,2023,2026
92808716,25,5,2022,2026
92856610,25,5,2021,2025
93150386,25,2,2024,2025
93330980,25,3,2024,2026
93669265,25,5,2021,2025
93679663,25,3,2023,2025
93700196,25,4,2022,2026
93894222,25,1,2024,2024
94230500,25,2,2023,2024
94360683,25,2,2024,2025
94491594,25,4,2023,2026
94611328,25,3,2022,2024
94843522,25,3,2023,2025
96987427,25,2,2025,2026
98566056,25,4,2023,2026
100025475,25,3,2024,2026
35862,24,3,2023,2025
125856,24,4,2023,2026
143855,24,7,2020,2026
149018,24,1,2023,2023
169410,24,4,2021,2024
190572,24,4,2021,2024
203205,24,2,2025,2026
204139,24,4,2022,2025
212813,24,3,2021,2026
237996,24,5,2022,2026
250711,24,2,2024,2025
271792,24,2,2020,2023
330162,24,5,2021,2025
385301,24,7,2020,2026
425171,24,3,2023,2025
456932,24,4,2022,2025
464258,24,4,2023,2026
567345,24,2,2024,2025
611417,24,2,2022,2023
662493,24,3,2023,2025
667160,24,3,2023,2025
668116,24,1,2022,2022
673240,24,2,2024,2025
701512,24,1,2025,2025
708211,24,2,2021,2022
709576,24,5,2021,2026
735021,24,4,2022,2025
745033,24,4,2021,2026
749290,24,2,2025,2026
764066,24,5,2021,2025
776036,24,5,2020,2025
800198,24,4,2022,2025
838536,24,1,2025,2025
944927,24,4,2021,2024
947234,24,6,2021,2026
973737,24,3,2021,2025
1029067,24,3,2023,2026
1044798,24,3,2021,2023
1046940,24,5,2021,2025
1058858,24,3,2024,2026
1151487,24,3,2022,2024
1267542,24,2,2022,2023
1334534,24,5,2020,2025
1441851,24,4,2023,2026
1460786,24,4,2023,2026
1703842,24,5,2021,2025
1708781,24,5,2021,2026
1816519,24,5,2021,2025
2011988,24,6,2021,2026
2545759,24,6,2021,2026
2569364,24,4,2022,2025
2835028,24,2,2024,2025
2917796,24,4,2022,2025
3463308,24,5,2021,2025
3571755,24,3,2024,2026
3649446,24,5,2022,2026
3661450,24,5,2021,2025
3679770,24,4,2022,2025
3765093,24,5,2021,2025
3927081,24,3,2022,2024
3931559,24,5,2021,2025
3983670,24,4,2022,2025
4037089,24,4,2022,2025
4148527,24,4,2022,2025
4453578,24,4,2022,2025
4520540,24,5,2021,2025
4546861,24,4,2022,2025
4644068,24,5,2021,2025
4840956,24,5,2022,2026
4849798,24,2,2025,2026
4903566,24,5,2022,2026
5101508,24,1,2022,2022
5125322,24,4,2022,2026
5169376,24,6,2021,2026
5227593,24,5,2021,2025
5338513,24,5,2021,2026
5364378,24,5,2020,2026
5525583,24,3,2023,2025
5609936,24,4,2023,2026
5611196,24,4,2023,2026
5697888,24,5,2021,2025
5711580,24,5,2021,2025
6143783,24,7,2020,2026
6340874,24,1,2025,2025
6382452,24,6,2021,2026
6383290,24,6,2020,2026
6411667,24,5,2021,2025
6429384,24,6,2020,2025
6429667,24,6,2021,2026
6499007,24,6,2021,2026
6501906,24,5,2021,2025
6523049,24,5,2022,2026
6582633,24,4,2021,2025
6646745,24,6,2021,2026
6712281,24,4,2022,2025
7043066,24,5,2021,2025
7245014,24,3,2022,2025
7740652,24,6,2021,2026
7787871,24,4,2022,2025
7802498,24,5,2021,2025
7848875,24,4,2021,2025
7853080,24,3,2021,2023
7868015,24,4,2022,2025
7924965,24,6,2021,2026
7954114,24,4,2021,2025
7979242,24,6,2021,2026
8041057,24,4,2022,2025
8459993,24,4,2023,2026
8761854,24,1,2025,2025
9115859,24,4,2023,2026
9690123,24,6,2021,2026
11279870,24,4,2023,2026
12245729,24,5,2022,2026
12713513,24,3,2021,2025
13612328,24,5,2021,2025
14817433,24,4,2022,2025
15047319,24,5,2022,2026
15445572,24,6,2021,2026
15448859,24,1,2023,2023
15680663,24,3,2024,2026
16478655,24,3,2021,2024
16674305,24,4,2023,2026
16979651,24,4,2022,2025
17427819,24,3,2022,2025
17652968,24,2,2025,2026
17828807,24,4,2022,2025
18066972,24,6,2021,2026
18829305,24,3,2021,2023
18949013,24,5,2020,2025
19025023,24,5,2022,2026
19045278,24,4,2023,2026
19729789,24,6,2021,2026
20060253,24,4,2022,2025
20146877,24,3,2023,2026
21004830,24,4,2022,2025
21894108,24,5,2021,2025
22151961,24,3,2023,2026
22152727,24,2,2024,2025
22225816,24,2,2023,2024
22243082,24,3,2022,2025
22269680,24,3,2021,2023
22728958,24,6,2020,2025
22985207,24,4,2023,2026
22986618,24,3,2021,2023
22988235,24,3,2023,2026
23006330,24,4,2022,2025
24434692,24,2,2024,2025
24550977,24,5,2022,2026
24666286,24,5,2022,2026
24765783,24,6,2021,2026
24851658,24,6,2021,2026
24906839,24,2,2024,2025
26456850,24,4,2023,2026
26736740,24,5,2022,2026
27796484,24,4,2023,2026
49762016,24,4,2023,2026
92843767,24,5,2021,2025
92988531,24,3,2024,2026
93257656,24,3,2023,2025
93304353,24,1,2021,2021
93508839,24,2,2022,2023
93588946,24,2,2023,2024
94503014,24,3,2023,2025
95681336,24,3,2023,2025
95688082,24,3,2023,2025
95812030,24,2,2025,2026
96362109,24,4,2023,2026
96647857,24,3,2024,2026
96650418,24,3,2024,2026
96691604,24,3,2023,2025
96890819,24,3,2024,2026
98106832,24,4,2022,2026
99626193,24,2,2024,2025
61291,23,1,2025,2025
95026,23,3,2023,2025
148856,23,2,2023,2024
165737,23,6,2020,2025
182769,23,6,2021,2026
189209,23,3,2022,2025
211280,23,5,2021,2026
288584,23,5,2022,2026
307630,23,4,2022,2025
337301,23,3,2024,2026
372656,23,5,2022,2026
410656,23,5,2021,2025
431246,23,1,2023,2023
446131,23,5,2021,2025
451875,23,4,2022,2025
477041,23,3,2022,2026
506042,23,3,2023,2025
508665,23,2,2023,2024
546958,23,6,2021,2026
561509,23,4,2021,2025
575014,23,3,2024,2026
607645,23,2,2024,2025
612219,23,5,2021,2025
638074,23,4,2022,2025
641569,23,2,2024,2025
662151,23,2,2025,2026
698255,23,3,2021,2026
700186,23,3,2021,2024
725280,23,4,2022,2026
813133,23,6,2021,2026
828433,23,3,2024,2026
870245,23,5,2021,2025
874923,23,7,2020,2026
913631,23,4,2023,2026
957737,23,4,2023,2026
1012130,23,3,2024,2026
1054238,23,4,2022,2025
1056132,23,5,2022,2026
1071963,23,3,2023,2025
1137418,23,1,2026,2026
1142974,23,2,2025,2026
1153296,23,4,2023,2026
1187427,23,2,2024,2025
1190805,23,4,2023,2026
1204900,23,4,2023,2026
1224947,23,3,2024,2026
1267522,23,2,2023,2024
1317736,23,6,2020,2025
1352351,23,2,2024,2025
1353522,23,6,2021,2026
1367067,23,3,2022,2024
1405053,23,4,2022,2025
1431347,23,4,2022,2025
1435804,23,3,2024,2026
1465615,23,5,2021,2025
1652468,23,5,2022,2026
1828650,23,3,2021,2026
1835364,23,5,2021,2025
1902082,23,5,2021,2026
1918914,23,5,2021,2025
2159950,23,6,2021,2026
2239008,23,4,2021,2024
2291476,23,4,2023,2026
2355089,23,3,2022,2024
2359068,23,6,2020,2025
2459408,23,7,2020,2026
2488511,23,5,2022,2026
2513676,23,1,2025,2025
2579151,23,3,2023,2025
3044518,23,4,2021,2026
3076273,23,5,2022,2026
3080418,23,2,2024,2025
3131938,23,4,2022,2026
3180149,23,3,2021,2023
3218430,23,5,2021,2025
3312515,23,4,2022,2026
3339467,23,4,2021,2025
3359478,23,6,2020,2025
3430516,23,5,2022,2026
3438559,23,3,2024,2026
3457840,23,4,2022,2026
3617802,23,5,2021,2025
3696214,23,3,2023,2025
3713926,23,5,2022,2026
3740006,23,4,2022,2025
3742724,23,5,2021,2026
3768422,23,3,2024,2026
3771752,23,4,2021,2026
3838545,23,4,2023,2026
3948501,23,4,2022,2025
3961924,23,3,2021,2023
4043079,23,4,2022,2026
4073214,23,5,2022,2026
4177432,23,5,2021,2025
4184726,23,6,2020,2025
4240055,23,6,2021,2026
4325338,23,3,2021,2023
4334273,23,1,2023,2023
4499578,23,5,2021,2025
4523119,23,3,2023,2025
4569197,23,3,2022,2024
4659583,23,4,2022,2025
4822140,23,5,2022,2026
4915438,23,5,2021,2025
5009584,23,5,2020,2025
5040257,23,4,2021,2026
5142019,23,6,2020,2025
5182228,23,4,2023,2026
5204714,23,5,2022,2026
5273113,23,4,2022,2025
5328984,23,4,2022,2025
5466550,23,4,2021,2024
5513357,23,4,2022,2025
5785006,23,3,2024,2026
6057908,23,5,2022,2026
6119428,23,4,2021,2024
6132290,23,1,2021,2021
6223015,23,3,2022,2024
6318734,23,5,2021,2025
6731655,23,6,2021,2026
6844654,23,5,2021,2025
7068247,23,5,2021,2025
7149093,23,3,2022,2025
7884111,23,5,2021,2026
8423887,23,5,2022,2026
9030358,23,3,2023,2025
9105985,23,3,2023,2025
9567503,23,2,2024,2025
10115252,23,6,2021,2026
10870807,23,5,2022,2026
10879407,23,2,2024,2025
11216505,23,4,2022,2025
12063519,23,4,2023,2026
12144339,23,4,2022,2025
12540748,23,5,2021,2025
12556154,23,4,2022,2025
12668140,23,3,2020,2023
13691316,23,4,2022,2025
13891027,23,2,2024,2025
14197989,23,3,2024,2026
15070141,23,5,2022,2026
15235944,23,3,2024,2026
15669885,23,6,2021,2026
16438384,23,5,2022,2026
17124193,23,3,2023,2025
17812127,23,5,2021,2025
19164721,23,4,2022,2025
19308833,23,5,2021,2025
20945572,23,4,2022,2025
21151486,23,4,2023,2026
21301705,23,5,2022,2026
21523672,23,4,2022,2025
22230464,23,5,2022,2026
22274620,23,4,2022,2025
22692104,23,5,2022,2026
23373924,23,3,2022,2025
23496845,23,2,2023,2025
23966260,23,1,2023,2023
24593175,23,5,2021,2026
24756966,23,5,2021,2026
27863022,23,4,2023,2026
27871584,23,2,2021,2022
44609997,23,4,2021,2025
81399728,23,3,2023,2025
90579122,23,4,2023,2026
92766777,23,4,2022,2025
92775614,23,3,2023,2025
92785693,23,1,2025,2025
93377548,23,6,2021,2026
93672110,23,5,2021,2026
94092324,23,2,2023,2024
94403585,23,4,2023,2026
95638566,23,3,2023,2025
96914551,23,4,2023,2026
96938108,23,2,2024,2025
97878787,23,2,2024,2025
98694136,23,3,2024,2026
72189,22,3,2023,2025
100846,22,5,2020,2025
166133,22,7,2020,2026
168810,22,4,2022,2025
196813,22,1,2024,2024
254659,22,5,2021,2025
307636,22,2,2024,2025
355668,22,3,2022,2024
399804,22,2,2025,2026
426950,22,3,2024,2026
465499,22,4,2020,2023
471501,22,3,2022,2025
500011,22,4,2023,2026
573419,22,6,2021,2026
612520,22,2,2023,2024
622450,22,4,2021,2025
659932,22,1,2025,2025
713994,22,3,2022,2024
747406,22,4,2023,2026
765813,22,4,2023,2026
816489,22,4,2023,2026
902937,22,1,2022,2022
948212,22,3,2023,2025
966774,22,5,2021,2025
992927,22,3,2023,2026
1062946,22,5,2022,2026
1092483,22,3,2023,2025
1098457,22,4,2022,2026
1103052,22,5,2021,2025
1108772,22,5,2020,2025
1118988,22,5,2021,2026
1145801,22,3,2021,2025
1146862,22,6,2020,2025
1171592,22,1,2024,2024
1179797,22,5,2022,2026
1239400,22,2,2025,2026
1277604,22,2,2024,2025
1311585,22,5,2021,2025
1327221,22,4,2022,2025
1423655,22,4,2019,2024
1449587,22,3,2024,2026
1464002,22,2,2023,2024
1666231,22,4,2021,2025
1807622,22,4,2022,2025
1921535,22,4,2021,2025
1926457,22,7,2020,2026
2031437,22,4,2021,2024
2079685,22,4,2022,2025
2084561,22,3,2023,2025
2154382,22,4,2023,2026
2252527,22,4,2021,2025
2386546,22,6,2020,2025
2480305,22,4,2023,2026
2857085,22,2,2024,2025
3022068,22,2,2024,2025
3081403,22,5,2021,2026
3124191,22,3,2024,2026
3149475,22,2,2023,2024
3232036,22,4,2021,2024
3287750,22,4,2021,2024
3315426,22,6,2021,2026
3377074,22,6,2021,2026
3409101,22,5,2021,2026
3450853,22,6,2020,2025
3453092,22,3,2021,2026
3469814,22,4,2022,2025
3737547,22,4,2022,2026
3930569,22,3,2024,2026
3984478,22,6,2020,2025
3984871,22,6,2021,2026
4332749,22,5,2022,2026
4377312,22,5,2021,2025
4430454,22,5,2022,2026
4504020,22,5,2021,2025
4531692,22,5,2021,2025
4532903,22,4,2021,2024
4804157,22,4,2021,2024
4840877,22,6,2021,2026
4868555,22,4,2022,2025
4921353,22,5,2022,2026
5124190,22,4,2023,2026
5157434,22,4,2021,2025
5185613,22,4,2022,2025
5210885,22,2,2024,2025
5215814,22,5,2022,2026
5227121,22,2,2024,2025
5317648,22,5,2021,2025
5408807,22,4,2022,2026
5496264,22,2,2023,2024
5676210,22,5,2021,2025
5873946,22,4,2023,2026
5895257,22,5,2021,2025
6062260,22,2,2022,2023
6226908,22,5,2021,2025
6328660,22,6,2021,2026
6532287,22,6,2021,2026
6600229,22,3,2021,2023
6744311,22,4,2021,2026
6778992,22,6,2021,2026
6930041,22,6,2021,2026
6952346,22,6,2021,2026
6971528,22,5,2021,2025
7176939,22,5,2021,2025
7364063,22,6,2021,2026
7659051,22,3,2022,2025
7759035,22,5,2021,2025
7788985,22,5,2021,2025
8107825,22,2,2024,2025
8143261,22,5,2021,2025
8984208,22,4,2023,2026
9533137,22,4,2023,2026
9602691,22,4,2022,2025
9684537,22,5,2020,2025
11031454,22,4,2022,2025
11595326,22,3,2021,2023
11833727,22,4,2022,2025
11981896,22,5,2021,2025
12200229,22,5,2021,2025
12916505,22,2,2023,2024
13150502,22,4,2021,2025
13179586,22,4,2022,2025
13901983,22,6,2021,2026
14274051,22,5,2022,2026
14561202,22,5,2021,2025
14851508,22,3,2021,2023
14917516,22,6,2021,2026
15170822,22,4,2020,2023
15301396,22,4,2022,2025
15459488,22,4,2023,2026
15545321,22,3,2024,2026
15823260,22,2,2022,2023
15996134,22,5,2022,2026
16738618,22,5,2022,2026
16892395,22,6,2021,2026
17040811,22,5,2021,2026
17679568,22,2,2025,2026
17800721,22,4,2022,2025
17810131,22,4,2022,2025
18196674,22,5,2020,2025
18330908,22,3,2023,2025
18597100,22,5,2022,2026
19322393,22,4,2022,2026
19398560,22,3,2022,2024
20560469,22,4,2022,2025
20967789,22,3,2023,2025
21037150,22,2,2024,2025
21054166,22,1,2021,2021
21707536,22,3,2022,2024
22151862,22,2,2024,2025
22170960,22,3,2024,2026
22185701,22,3,2024,2026
22214317,22,2,2023,2024
22400393,22,4,2022,2025
22963350,22,5,2021,2025
23243477,22,4,2022,2025
23285217,22,6,2019,2025
23986018,22,4,2023,2026
26568870,22,4,2022,2025
26593744,22,3,2024,2026
27829264,22,3,2023,2025
27845546,22,4,2022,2025
27875749,22,2,2025,2026
35519080,22,5,2022,2026
92773666,22,5,2020,2026
93089393,22,4,2022,2025
93308324,22,4,2022,2025
93548691,22,5,2020,2024
93665207,22,7,2020,2026
93892949,22,4,2023,2026
94381986,22,2,2024,2025
94565523,22,3,2023,2025
94612147,22,3,2023,2025
94713090,22,2,2024,2025
94976810,22,3,2023,2025
95283791,22,4,2023,2026
95447468,22,4,2023,2026
95640249,22,4,2023,2026
95912295,22,4,2023,2026
96223667,22,4,2023,2026
96701070,22,4,2022,2025
96752927,22,5,2022,2026
97322828,22,2,2024,2025
98020092,22,2,2025,2026
99376167,22,3,2024,2026
99634976,22,2,2024,2025
99903998,22,2,2024,2025
101853292,22,2,2025,2026
65942,21,2,2021,2025
95023,21,2,2024,2025
116933,21,6,2021,2026
118338,21,3,2024,2026
154173,21,3,2021,2023
196636,21,6,2020,2025
206322,21,1,2025,2025
226652,21,3,2022,2026
242170,21,7,2020,2026
249733,21,3,2023,2025
254216,21,6,2021,2026
262458,21,2,2024,2025
345332,21,4,2021,2024
350828,21,2,2024,2025
390323,21,5,2022,2026
454206,21,6,2021,2026
460111,21,5,2022,2026
489690,21,3,2020,2023
514634,21,4,2020,2024
518038,21,7,2020,2026
536012,21,5,2020,2025
572053,21,4,2021,2026
614730,21,6,2021,2026
622983,21,5,2022,2026
679741,21,5,2021,2025
706686,21,4,2022,2025
726396,21,3,2023,2025
737626,21,6,2021,2026
768404,21,5,2021,2026
791896,21,5,2021,2025
799412,21,2,2025,2026
828224,21,2,2025,2026
834224,21,3,2023,2025
893698,21,3,2022,2025
896005,21,3,2021,2025
904893,21,4,2023,2026
938504,21,4,2022,2025
1012631,21,3,2023,2025
1031688,21,4,2022,2025
1043762,21,3,2020,2022
1044722,21,6,2020,2025
1057614,21,5,2021,2025
1065334,21,2,2022,2023
1093974,21,4,2022,2025
1096535,21,3,2023,2025
1104251,21,2,2025,2026
1141746,21,5,2021,2025
1163973,21,6,2021,2026
1223702,21,3,2021,2023
1249952,21,5,2021,2025
1253137,21,1,2025,2025
1315467,21,2,2024,2025
1326222,21,3,2024,2026
1333613,21,3,2022,2025
1344946,21,4,2021,2024
1410286,21,6,2021,2026
1430052,21,2,2025,2026
1443950,21,4,2021,2024
1646112,21,2,2024,2025
1690661,21,5,2022,2026
1704771,21,4,2021,2024
1783018,21,4,2022,2025
1851509,21,5,2021,2025
1902274,21,3,2024,2026
1979877,21,5,2021,2026
2149474,21,2,2025,2026
2343702,21,5,2021,2025
2386496,21,4,2023,2026
2409033,21,5,2021,2025
2449360,21,6,2020,2026
2619992,21,3,2021,2023
2644776,21,4,2023,2026
2749510,21,2,2024,2025
2767563,21,7,2020,2026
2774063,21,3,2020,2022
2826272,21,5,2021,2026
3102254,21,4,2022,2025
3184697,21,3,2021,2023
3381630,21,5,2022,2026
3399355,21,4,2023,2026
3409750,21,5,2021,2025
3471249,21,4,2021,2025
3972657,21,5,2022,2026
3984984,21,5,2022,2026
4086826,21,4,2020,2024
4122731,21,4,2021,2026
4180081,21,5,2021,2025
4230565,21,4,2021,2024
4235392,21,4,2020,2023
4270474,21,5,2021,2025
4446228,21,5,2021,2025
4447058,21,5,2022,2026
4508455,21,4,2023,2026
4694131,21,1,2025,2025
4694296,21,6,2021,2026
4843385,21,5,2021,2026
4951954,21,4,2021,2024
5006492,21,4,2022,2026
5041058,21,3,2023,2025
5081040,21,7,2020,2026
5137032,21,5,2022,2026
5188406,21,5,2021,2026
5386096,21,3,2023,2025
5417259,21,5,2022,2026
5524467,21,5,2021,2025
5570668,21,2,2023,2025
5623898,21,2,2024,2025
5663930,21,3,2022,2024
5689603,21,3,2021,2023
5704282,21,4,2021,2024
5802941,21,5,2021,2025
6020408,21,4,2023,2026
6056168,21,4,2021,2025
6135402,21,4,2021,2025
6157605,21,4,2022,2025
6230799,21,1,2025,2025
6256682,21,4,2022,2025
6494208,21,5,2022,2026
6501492,21,6,2020,2025
6652069,21,6,2021,2026
6845604,21,7,2020,2026
7045733,21,5,2022,2026
7076100,21,5,2021,2025
7208899,21,5,2021,2025
7247653,21,2,2022,2023
7696243,21,4,2023,2026
7768991,21,6,2020,2025
7793420,21,2,2024,2025
7844766,21,3,2022,2025
8091826,21,2,2022,2023
8125019,21,6,2021,2026
8156038,21,5,2022,2026
8407370,21,2,2024,2025
9857442,21,4,2022,2025
10799037,21,4,2022,2025
11324139,21,4,2021,2024
11504480,21,4,2021,2025
11712791,21,2,2021,2022
11900313,21,6,2020,2026
11916009,21,4,2023,2026
12300073,21,4,2021,2026
12540423,21,5,2021,2025
12769169,21,2,2024,2025
12957480,21,4,2022,2025
13415841,21,6,2021,2026
13716830,21,4,2022,2026
14068096,21,2,2025,2026
14152043,21,4,2022,2025
14379092,21,5,2021,2025
14434978,21,4,2021,2024
15025314,21,3,2024,2026
16000682,21,4,2022,2026
16106680,21,2,2025,2026
17322440,21,3,2021,2023
17480618,21,3,2023,2025
17672722,21,6,2020,2025
17828441,21,6,2020,2025
18275194,21,4,2023,2026
18401742,21,4,2022,2025
20038911,21,6,2021,2026
20248035,21,6,2021,2026
20281335,21,5,2020,2024
20921560,21,2,2024,2025
21727476,21,4,2022,2025
22018720,21,6,2021,2026
22097052,21,4,2022,2025
22171493,21,3,2021,2025
22254540,21,4,2023,2026
22423206,21,4,2023,2026
22789408,21,5,2022,2026
22982394,21,1,2023,2023
24580803,21,4,2022,2025
26262852,21,3,2023,2025
26434896,21,4,2023,2026
26466936,21,3,2024,2026
26861364,21,4,2023,2026
35486489,21,5,2022,2026
49736312,21,2,2023,2024
92978095,21,3,2024,2026
93031914,21,4,2022,2025
93241355,21,3,2024,2026
93347671,21,3,2023,2025
93468947,21,3,2023,2025
93694154,21,5,2021,2025
94266927,21,3,2023,2026
94404863,21,3,2023,2025
94919000,21,4,2023,2026
95729849,21,2,2024,2025
96040718,21,3,2023,2025
97579396,21,3,2023,2025
99239193,21,3,2024,2026
100854652,21,3,2023,2025
50275,20,2,2021,2022
78771,20,5,2022,2026
196914,20,4,2022,2025
319062,20,2,2024,2025
359686,20,4,2022,2025
400960,20,2,2025,2026
401973,20,1,2025,2025
425465,20,4,2021,2024
443922,20,4,2020,2024
508157,20,4,2023,2026
512578,20,1,2024,2024
519734,20,3,2023,2025
522058,20,1,2025,2025
607042,20,6,2020,2025
654184,20,3,2021,2025
685132,20,4,2022,2025
706442,20,5,2021,2025
732526,20,4,2020,2025
738153,20,5,2021,2025
745089,20,4,2022,2026
746227,20,4,2022,2025
757909,20,4,2022,2025
764303,20,2,2025,2026
783020,20,6,2021,2026
813703,20,3,2023,2025
820133,20,5,2021,2025
829585,20,1,2025,2025
894323,20,4,2022,2026
895210,20,3,2023,2025
942796,20,6,2021,2026
973052,20,2,2025,2026
1010287,20,3,2022,2024
1016251,20,4,2021,2025
1020037,20,3,2023,2025
1042790,20,4,2021,2024
1046746,20,5,2022,2026
1071516,20,3,2022,2024
1100507,20,4,2021,2024
1154185,20,2,2024,2025
1217068,20,2,2023,2024
1285331,20,4,2022,2025
1286245,20,4,2021,2026
1314231,20,4,2022,2025
1350811,20,2,2025,2026
1360631,20,5,2022,2026
1389134,20,2,2023,2024
1412930,20,1,2025,2025
1426538,20,4,2022,2025
1643677,20,4,2023,2026
1745018,20,4,2022,2025
1902550,20,2,2022,2023
1952907,20,4,2022,2025
2272121,20,5,2022,2026
2288965,20,4,2022,2025
2310078,20,4,2023,2026
2516040,20,5,2021,2025
2590592,20,3,2022,2024
2714953,20,4,2021,2024
2739122,20,5,2021,2026
2744999,20,2,2024,2025
2920050,20,4,2021,2024
2966505,20,6,2020,2025
3064340,20,3,2023,2025
3124687,20,3,2022,2024
3137216,20,4,2020,2024
3168720,20,7,2020,2026
3198727,20,5,2021,2025
3215491,20,6,2021,2026
3268113,20,3,2023,2025
3338582,20,6,2021,2026
3379347,20,4,2021,2026
3427521,20,4,2023,2026
3436705,20,4,2022,2025
3443318,20,6,2021,2026
3779498,20,4,2020,2025
3805980,20,5,2021,2025
3941964,20,6,2020,2026
4057173,20,7,2020,2026
4077454,20,2,2023,2024
4094473,20,1,2022,2022
4126380,20,4,2022,2025
4137107,20,5,2022,2026
4171871,20,4,2023,2026
4225190,20,5,2021,2025
4229369,20,3,2023,2025
4278783,20,2,2025,2026
4369729,20,4,2021,2024
4576746,20,4,2023,2026
4850557,20,4,2022,2025
4884757,20,5,2021,2026
4900830,20,5,2020,2025
4919132,20,6,2021,2026
4921276,20,3,2023,2025
5124788,20,3,2024,2026
5136059,20,4,2023,2026
5274569,20,6,2021,2026
5275644,20,5,2021,2026
5433401,20,7,2020,2026
5497191,20,2,2023,2024
5500258,20,5,2021,2025
5500463,20,3,2021,2023
5637113,20,3,2021,2023
6250148,20,6,2021,2026
6500963,20,4,2021,2024
6502695,20,6,2020,2025
6503757,20,4,2023,2026
6520530,20,5,2022,2026
6604695,20,5,2020,2025
6783236,20,6,2021,2026
6894085,20,5,2021,2026
6991390,20,2,2024,2025
7009781,20,6,2020,2026
7019786,20,5,2022,2026
7031037,20,4,2022,2025
7236537,20,2,2024,2025
7347050,20,3,2024,2026
7668776,20,2,2022,2023
7737194,20,4,2021,2025
7834905,20,5,2022,2026
8248761,20,4,2022,2025
8483231,20,6,2020,2026
8960724,20,5,2021,2025
8965847,20,3,2023,2026
9129304,20,5,2022,2026
9140506,20,5,2022,2026
9258481,20,4,2022,2026
9733175,20,3,2024,2026
10432048,20,6,2021,2026
10836553,20,1,2023,2023
11812043,20,2,2021,2023
12314087,20,5,2022,2026
12895094,20,3,2021,2024
13089127,20,4,2022,2025
13544119,20,1,2025,2025
13771794,20,5,2021,2025
14393251,20,3,2022,2024
14402430,20,3,2022,2025
15329372,20,5,2020,2025
15389549,20,5,2021,2025
15542458,20,3,2021,2023
15663128,20,5,2022,2026
15998929,20,4,2023,2026
16129507,20,5,2021,2025
16236815,20,5,2020,2025
16582103,20,4,2022,2025
17471550,20,3,2023,2025
17971663,20,4,2023,2026
18355059,20,4,2022,2025
18627546,20,3,2023,2026
19609492,20,5,2022,2026
19624882,20,5,2022,2026
19721150,20,4,2022,2025
19842106,20,2,2024,2025
20364731,20,5,2021,2025
20939743,20,1,2022,2022
21410648,20,5,2022,2026
21566660,20,5,2022,2026
22005924,20,5,2022,2026
22144251,20,2,2024,2025
22738843,20,4,2023,2026
23369065,20,3,2023,2025
23509840,20,2,2024,2025
23788186,20,5,2022,2026
26555406,20,3,2024,2026
49768541,20,3,2023,2025
53728808,20,4,2023,2026
92810086,20,5,2021,2025
92852349,20,5,2021,2025
92951196,20,7,2020,2026
93041225,20,3,2023,2025
93070126,20,4,2022,2025
93170335,20,2,2025,2026
93194165,20,4,2023,2026
93341164,20,2,2024,2025
93736235,20,6,2020,2025
94418336,20,4,2022,2025
94524565,20,2,2024,2025
94697613,20,4,2023,2026
94716081,20,2,2025,2026
95043606,20,2,2024,2025
95160580,20,2,2021,2023
95323880,20,5,2022,2026
95503638,20,3,2023,2025
95863443,20,3,2023,2025
96638900,20,3,2024,2026
96826460,20,3,2024,2026
98737111,20,3,2024,2026
99334961,20,4,2023,2026
100099053,20,3,2023,2026
1616,19,4,2022,2025
62368,19,5,2022,2026
80282,19,4,2023,2026
97982,19,2,2024,2025
125105,19,5,2021,2026
148641,19,3,2023,2026
161811,19,4,2020,2024
181671,19,7,2020,2026
192384,19,2,2024,2025
195366,19,2,2025,2026
208161,19,4,2022,2025
224783,19,4,2023,2026
247454,19,5,2021,2025
269356,19,2,2024,2025
290321,19,5,2021,2026
297281,19,2,2024,2025
359267,19,2,2022,2023
363317,19,2,2022,2023
370633,19,6,2021,2026
383087,19,4,2022,2025
399218,19,6,2021,2026
401170,19,2,2024,2025
406512,19,6,2020,2025
414969,19,2,2025,2026
421731,19,3,2024,2026
421954,19,3,2023,2026
442731,19,2,2023,2025
462716,19,2,2025,2026
471793,19,5,2021,2025
530041,19,2,2023,2024
549746,19,3,2023,2026
568118,19,2,2023,2024
589722,19,4,2021,2025
635259,19,2,2025,2026
644127,19,4,2022,2026
668511,19,2,2024,2025
708993,19,5,2021,2025
726806,19,5,2022,2026
785736,19,4,2023,2026
846456,19,5,2022,2026
881568,19,1,2025,2025
883193,19,2,2021,2022
883612,19,3,2021,2023
899533,19,3,2021,2024
922262,19,4,2022,2025
942702,19,5,2021,2025
957195,19,4,2022,2026
965811,19,3,2022,2026
1017503,19,4,2022,2025
1023356,19,5,2022,2026
1065473,19,4,2021,2024
1066880,19,2,2025,2026
1068632,19,4,2021,2024
1099040,19,3,2022,2024
1106164,19,2,2025,2026
1117066,19,3,2021,2023
1255761,19,5,2022,2026
1258892,19,6,2021,2026
1278766,19,4,2022,2025
1296770,19,5,2020,2025
1299355,19,3,2021,2025
1315755,19,2,2024,2025
1321141,19,1,2024,2024
1364020,19,6,2021,2026
1376947,19,2,2023,2024
1382557,19,3,2024,2026
1418866,19,2,2025,2026
1448313,19,4,2021,2026
1690301,19,4,2020,2024
1844130,19,4,2021,2024
2007621,19,6,2021,2026
2100084,19,6,2021,2026
2119596,19,4,2021,2024
2149631,19,6,2021,2026
2160697,19,5,2021,2026
2293802,19,6,2021,2026
2364811,19,5,2021,2025
2373989,19,6,2021,2026
2649433,19,4,2023,2026
2719095,19,6,2021,2026
2726935,19,4,2022,2025
2752999,19,6,2021,2026
2769750,19,3,2022,2024
2806003,19,4,2023,2026
2839150,19,4,2022,2025
2920987,19,3,2022,2024
2940125,19,4,2023,2026
3006774,19,5,2022,2026
3057979,19,4,2021,2024
3124795,19,4,2022,2025
3289937,19,2,2024,2025
3337899,19,4,2022,2025
3363300,19,6,2021,2026
3370228,19,5,2021,2025
3371701,19,5,2021,2025
3441502,19,6,2020,2026
3464445,19,4,2020,2025
3577116,19,2,2025,2026
3628232,19,2,2024,2025
3675404,19,3,2024,2026
3676717,19,2,2025,2026
3790977,19,3,2022,2024
3838944,19,4,2022,2026
3896471,19,3,2023,2025
4076760,19,4,2023,2026
4077107,19,2,2024,2025
4165212,19,3,2023,2025
4168207,19,6,2021,2026
4240120,19,5,2021,2025
4308290,19,3,2021,2023
4348292,19,5,2020,2025
4377141,19,3,2023,2025
4381968,19,2,2024,2025
4516855,19,4,2022,2025
4543966,19,4,2023,2026
4544783,19,5,2021,2025
4569131,19,5,2022,2026
4702766,19,5,2021,2025
4749232,19,3,2022,2024
4926184,19,5,2021,2025
4927676,19,2,2023,2024
5009392,19,7,2020,2026
5040934,19,4,2021,2026
5067485,19,5,2021,2025
5274219,19,5,2022,2026
5354723,19,3,2021,2025
5371636,19,2,2024,2025
5391831,19,6,2021,2026
5397658,19,5,2021,2025
5446353,19,5,2021,2025
5509607,19,3,2021,2023
5513405,19,3,2023,2025
5556510,19,3,2023,2025
5573671,19,5,2021,2025
5579800,19,2,2025,2026
5652590,19,4,2022,2025
5676857,19,6,2021,2026
5683166,19,4,2022,2025
5730599,19,2,2024,2025
5761455,19,3,2023,2025
5766230,19,4,2022,2025
5813092,19,2,2023,2024
5857750,19,6,2021,2026
5912264,19,5,2022,2026
5957276,19,5,2022,2026
5963830,19,2,2025,2026
6055804,19,4,2023,2026
6077490,19,4,2022,2025
6114702,19,3,2021,2023
6230804,19,4,2020,2024
6552143,19,4,2023,2026
6566508,19,3,2024,2026
6643222,19,5,2021,2025
6741204,19,1,2023,2023
6810998,19,5,2022,2026
6986912,19,2,2023,2024
7031024,19,5,2021,2025
7271703,19,5,2021,2025
7648750,19,2,2022,2023
7676028,19,5,2020,2025
7713485,19,4,2022,2026
7740921,19,4,2021,2024
7922149,19,1,2025,2025
8094979,19,4,2022,2025
8116586,19,2,2022,2023
8537120,19,4,2022,2025
8696936,19,4,2023,2026
8966562,19,4,2023,2026
9553067,19,4,2022,2025
9823928,19,4,2022,2025
10061519,19,4,2022,2025
10546775,19,4,2022,2025
10554938,19,4,2021,2025
11734414,19,3,2024,2026
11952068,19,4,2022,2025
11965614,19,2,2024,2025
11967346,19,4,2023,2026
11990900,19,4,2021,2025
12485929,19,4,2023,2026
12589515,19,2,2023,2024
12736616,19,3,2022,2025
12749871,19,5,2021,2025
13361336,19,4,2021,2024
13552925,19,3,2024,2026
13640137,19,4,2021,2025
13747159,19,2,2025,2026
14196175,19,4,2023,2026
14888969,19,6,2021,2026
15488446,19,5,2020,2024
15850052,19,4,2022,2025
15953307,19,3,2022,2024
16163672,19,5,2022,2026
16335111,19,4,2023,2026
16392274,19,4,2022,2025
16436489,19,4,2021,2025
16629220,19,5,2020,2026
16738739,19,1,2025,2025
17339209,19,3,2023,2025
17373382,19,5,2021,2025
17388839,19,5,2020,2024
17756799,19,1,2021,2021
17965287,19,3,2023,2025
18985964,19,4,2022,2025
19060412,19,3,2020,2025
19335706,19,2,2024,2025
21042065,19,2,2023,2025
21125030,19,1,2024,2024
21374564,19,2,2025,2026
21622933,19,3,2022,2024
21651938,19,3,2023,2025
22142560,19,5,2021,2025
22148936,19,2,2024,2025
22158860,19,5,2021,2025
22160448,19,4,2022,2026
22168861,19,4,2021,2025
22519599,19,4,2022,2026
23474102,19,3,2022,2024
23512581,19,4,2023,2026
23911831,19,6,2021,2026
23952918,19,3,2024,2026
24235795,19,4,2023,2026
24735413,19,3,2023,2025
25009849,19,4,2023,2026
26474905,19,5,2022,2026
26857158,19,2,2023,2024
27745662,19,4,2022,2025
47683665,19,5,2021,2025
92768024,19,7,2020,2026
92782377,19,3,2023,2025
92968842,19,5,2021,2025
92977849,19,3,2024,2026
93080779,19,5,2022,2026
93570547,19,5,2022,2026
93705395,19,6,2021,2026
93714556,19,1,2023,2023
93960315,19,4,2022,2025
94033195,19,2,2022,2023
94160987,19,4,2023,2026
94491126,19,3,2024,2026
94512646,19,4,2023,2026
94601099,19,3,2024,2026
94808387,19,4,2022,2025
95068548,19,2,2023,2024
95107662,19,4,2022,2026
95275799,19,4,2023,2026
95307410,19,2,2024,2025
95476222,19,2,2024,2025
95602469,19,2,2023,2024
95857580,19,3,2023,2025
95876162,19,4,2023,2026
96222228,19,3,2023,2025
96283910,19,3,2024,2026
96362078,19,4,2023,2026
97203309,19,2,2024,2025
97564974,19,2,2024,2025
99990221,19,2,2025,2026
100444235,19,1,2025,2025
101364338,19,2,2025,2026
102261379,19,2,2024,2025
13058,18,5,2021,2025
18922,18,4,2022,2026
32073,18,4,2021,2025
35016,18,6,2020,2026
61542,18,3,2021,2025
67775,18,2,2024,2025
101694,18,4,2023,2026
116310,18,4,2021,2025
153205,18,3,2024,2026
154589,18,3,2021,2025
300276,18,2,2024,2025
301032,18,2,2022,2023
370332,18,4,2021,2025
381384,18,2,2025,2026
413949,18,4,2023,2026
445154,18,2,2024,2025
470274,18,3,2021,2023
478330,18,2,2024,2025
480818,18,4,2020,2026
486851,18,2,2024,2025
486974,18,4,2023,2026
501230,18,3,2024,2026
505566,18,4,2021,2024
509844,18,5,2021,2025
540000,18,2,2024,2025
624725,18,1,2025,2025
632702,18,2,2022,2023
645227,18,5,2022,2026
680132,18,2,2023,2024
727162,18,3,2022,2025
760904,18,1,2025,2025
823907,18,4,2023,2026
823976,18,4,2021,2024
842156,18,2,2022,2023
871371,18,1,2025,2025
873412,18,4,2021,2024
894306,18,6,2021,2026
954139,18,2,2022,2023
978001,18,2,2024,2025
1000950,18,2,2024,2025
1093697,18,6,2021,2026
1127800,18,2,2024,2025
1152932,18,3,2021,2025
1181022,18,4,2021,2025
1206811,18,3,2022,2024
1216627,18,3,2022,2025
1251953,18,4,2021,2024
1254077,18,2,2022,2025
1275422,18,1,2025,2025
1339119,18,1,2022,2022
1405038,18,6,2020,2026
1441852,18,1,2023,2023
1470442,18,5,2022,2026
1651222,18,4,2022,2025
1684239,18,4,2022,2025
1689611,18,5,2022,2026
1779069,18,6,2021,2026
1831748,18,6,2021,2026
1852745,18,1,2023,2023
1888163,18,4,2021,2024
1946530,18,6,2021,2026
1948838,18,3,2023,2026
1954808,18,5,2022,2026
2013918,18,5,2022,2026
2015378,18,2,2023,2024
2024869,18,6,2021,2026
2055403,18,3,2022,2025
2077361,18,5,2021,2025
2144086,18,6,2021,2026
2162723,18,5,2021,2025
2385666,18,6,2020,2025
2395397,18,4,2021,2025
2470154,18,4,2022,2026
2570446,18,4,2022,2025
2589745,18,3,2021,2023
2974125,18,3,2023,2025
2978047,18,5,2021,2025
3142764,18,5,2021,2025
3186300,18,4,2022,2026
3396832,18,5,2020,2025
3450567,18,2,2024,2025
3606856,18,3,2022,2024
3775926,18,1,2022,2022
3777147,18,4,2021,2024
3844652,18,2,2021,2022
3861630,18,1,2021,2021
3896974,18,5,2021,2025
3984781,18,4,2021,2024
4069854,18,4,2022,2025
4079428,18,4,2023,2026
4098102,18,4,2020,2026
4100732,18,5,2021,2025
4135932,18,4,2021,2026
4267729,18,5,2021,2025
4398964,18,2,2024,2025
4418061,18,6,2020,2026
4531584,18,5,2021,2025
4538655,18,6,2021,2026
4554969,18,5,2021,2025
4561951,18,3,2023,2025
4593781,18,7,2020,2026
4678257,18,3,2022,2024
4712018,18,5,2022,2026
4728291,18,4,2023,2026
4909871,18,5,2021,2026
5015743,18,5,2020,2024
5022448,18,6,2021,2026
5053204,18,7,2020,2026
5186233,18,6,2021,2026
5186861,18,2,2024,2025
5208092,18,5,2022,2026
5235710,18,2,2024,2025
5295828,18,5,2021,2025
5316736,18,4,2023,2026
5443948,18,6,2020,2025
5459406,18,4,2022,2025
5520520,18,5,2022,2026
5530766,18,1,2025,2025
5609733,18,5,2022,2026
5619899,18,5,2021,2025
5673005,18,6,2021,2026
6071589,18,5,2022,2026
6089766,18,4,2022,2025
6205719,18,4,2022,2025
6235731,18,5,2021,2025
6306370,18,5,2020,2026
6359544,18,3,2023,2025
6490036,18,4,2021,2024
6524245,18,5,2022,2026
6607568,18,5,2020,2024
6667091,18,2,2021,2025
6713417,18,5,2021,2025
6714944,18,5,2021,2026
6943553,18,2,2023,2024
6984616,18,4,2022,2025
7044191,18,5,2021,2025
7065567,18,3,2023,2026
7389317,18,5,2021,2026
7654569,18,3,2023,2025
7707479,18,5,2021,2025
7721828,18,5,2021,2025
7898426,18,2,2024,2025
7956805,18,3,2024,2026
8136624,18,5,2021,2025
8368808,18,5,2021,2026
8625118,18,4,2022,2025
8984844,18,5,2022,2026
8991767,18,2,2025,2026
9716149,18,4,2023,2026
9975174,18,1,2025,2025
10545249,18,4,2018,2025
11383072,18,5,2021,2025
11453708,18,2,2024,2025
11710265,18,5,2021,2026
11717223,18,5,2022,2026
11783329,18,3,2023,2025
11863642,18,4,2021,2025
11889049,18,5,2021,2025
12066074,18,4,2023,2026
12095337,18,3,2022,2025
12185683,18,1,2024,2024
12495268,18,3,2023,2025
12496588,18,3,2023,2026
12916677,18,3,2023,2026
13151395,18,5,2021,2025
13218315,18,3,2023,2026
13599228,18,4,2021,2025
13809300,18,5,2021,2025
14414247,18,4,2021,2025
14634211,18,3,2021,2023
14940572,18,5,2021,2025
15109883,18,3,2021,2023
16435093,18,2,2025,2026
16534887,18,6,2021,2026
16692023,18,4,2023,2026
17062328,18,2,2023,2025
17295855,18,4,2022,2025
17399734,18,4,2023,2026
18083162,18,4,2022,2026
18523118,18,4,2022,2025
19976640,18,5,2022,2026
20560471,18,2,2022,2023
20925425,18,3,2021,2023
21062755,18,4,2022,2025
21368787,18,2,2022,2023
21370835,18,3,2023,2025
21901022,18,5,2022,2026
22158243,18,4,2022,2025
22161406,18,2,2024,2025
22236074,18,4,2021,2026
22589902,18,2,2022,2023
22990273,18,3,2023,2026
23187599,18,5,2022,2026
23625935,18,5,2022,2026
23647666,18,4,2022,2026
23659047,18,4,2023,2026
23996047,18,2,2025,2026
24588405,18,1,2025,2025
24922836,18,5,2021,2025
25010442,18,2,2024,2025
26458645,18,4,2023,2026
26472306,18,4,2020,2025
26487552,18,4,2023,2026
27701439,18,5,2022,2026
48504645,18,4,2021,2025
49797313,18,3,2023,2025
51766072,18,2,2023,2024
92768694,18,5,2022,2026
92822676,18,1,2025,2025
92823202,18,4,2020,2024
92885983,18,1,2024,2024
92888185,18,4,2023,2026
92945755,18,3,2021,2023
92951277,18,4,2022,2025
92975033,18,2,2024,2025
93251968,18,6,2021,2026
93303585,18,3,2022,2024
93344352,18,4,2023,2026
93616469,18,3,2021,2023
93625319,18,5,2022,2026
93667464,18,2,2024,2025
93700005,18,4,2022,2026
93745935,18,6,2020,2026
94047292,18,2,2023,2024
94698715,18,4,2023,2026
94783098,18,4,2023,2026
94881341,18,4,2022,2025
95080293,18,3,2024,2026
95327247,18,2,2024,2025
95782850,18,4,2023,2026
95840890,18,3,2023,2025
95846985,18,4,2023,2026
96221497,18,2,2024,2025
96331928,18,2,2024,2025
96517740,18,4,2023,2026
96712984,18,3,2023,2025
96737479,18,3,2024,2026
96760693,18,2,2024,2025
96820062,18,2,2024,2025
98236088,18,2,2024,2025
98244862,18,3,2024,2026
99071490,18,3,2024,2026
99342309,18,3,2024,2026
99376641,18,3,2024,2026
99841967,18,3,2023,2025
100414712,18,2,2025,2026
100570097,18,3,2024,2026
101510022,18,2,2025,2026
17813,17,3,2021,2024
28939,17,3,2023,2025
35586,17,6,2021,2026
39972,17,4,2022,2025
40890,17,4,2022,2025
53166,17,2,2025,2026
55627,17,2,2024,2025
95959,17,3,2021,2026
117357,17,3,2020,2022
170610,17,2,2023,2024
222466,17,2,2025,2026
287573,17,3,2021,2023
318052,17,5,2020,2026
332982,17,5,2021,2025
351524,17,4,2021,2024
353502,17,3,2022,2024
359467,17,2,2025,2026
372737,17,5,2021,2025
384388,17,2,2022,2023
384828,17,4,2023,2026
413735,17,2,2021,2022
432775,17,5,2022,2026
449802,17,3,2022,2024
471677,17,3,2022,2025
483333,17,4,2022,2025
537310,17,5,2021,2025
543601,17,3,2022,2024
549908,17,4,2021,2025
554004,17,3,2021,2025
612566,17,4,2021,2025
653848,17,3,2020,2025
681865,17,5,2021,2025
711737,17,4,2022,2025
722415,17,4,2022,2025
737843,17,2,2021,2022
756137,17,2,2024,2025
779129,17,5,2021,2025
786531,17,1,2025,2025
793243,17,2,2023,2024
828629,17,3,2023,2025
840391,17,4,2021,2024
842390,17,4,2023,2026
853947,17,2,2024,2025
901703,17,4,2023,2026
913903,17,1,2021,2021
959638,17,2,2023,2024
968761,17,2,2024,2025
1019243,17,1,2025,2025
1045653,17,3,2023,2025
1045822,17,2,2024,2025
1048413,17,3,2024,2026
1049114,17,4,2021,2025
1049878,17,1,2023,2023
1060465,17,4,2021,2024
1066794,17,4,2023,2026
1068729,17,4,2022,2026
1074869,17,4,2022,2026
1150536,17,3,2024,2026
1159828,17,5,2020,2025
1206910,17,3,2024,2026
1221979,17,4,2022,2025
1233227,17,1,2024,2024
1277120,17,1,2023,2023
1285843,17,4,2021,2026
1292271,17,2,2024,2025
1297520,17,2,2024,2025
1300038,17,6,2020,2025
1331698,17,4,2021,2024
1358187,17,4,2022,2025
1371722,17,5,2021,2025
1373036,17,4,2019,2025
1432893,17,3,2021,2023
1465007,17,5,2022,2026
1467627,17,5,2021,2025
1468159,17,1,2025,2025
1637429,17,4,2020,2023
1688036,17,4,2021,2025
1723711,17,5,2021,2025
1834067,17,4,2021,2026
1858313,17,3,2021,2024
1940122,17,3,2024,2026
2003264,17,4,2021,2024
2055689,17,3,2022,2025
2222648,17,4,2020,2023
2239538,17,3,2024,2026
2357568,17,5,2022,2026
2385653,17,6,2021,2026
2445993,17,4,2022,2026
2552416,17,5,2021,2025
2592431,17,4,2022,2025
2691426,17,4,2021,2026
2788975,17,3,2024,2026
2854061,17,5,2021,2025
2865432,17,5,2022,2026
2991043,17,4,2021,2024
3114506,17,5,2021,2025
3140041,17,2,2024,2025
3168384,17,6,2021,2026
3320529,17,4,2022,2025
3432007,17,4,2022,2025
3545438,17,5,2021,2025
3556811,17,4,2023,2026
3619720,17,5,2021,2025
3641987,17,5,2022,2026
3742185,17,5,2022,2026
3780498,17,6,2021,2026
3804207,17,4,2023,2026
3806136,17,6,2021,2026
3894811,17,2,2024,2025
3984858,17,5,2022,2026
4004463,17,5,2020,2024
4098990,17,4,2022,2025
4114169,17,3,2022,2024
4121684,17,5,2020,2024
4122029,17,2,2023,2026
4123485,17,5,2021,2026
4127969,17,6,2020,2025
4134238,17,5,2022,2026
4147481,17,7,2020,2026
4148387,17,5,2021,2025
4164609,17,4,2022,2025
4265950,17,2,2025,2026
4333247,17,4,2020,2024
4386380,17,6,2020,2025
4431089,17,4,2023,2026
4438065,17,3,2021,2023
4494018,17,4,2020,2023
4513246,17,4,2021,2025
4725886,17,5,2021,2025
4741762,17,6,2020,2025
4920697,17,5,2022,2026
4968972,17,3,2023,2025
5162831,17,4,2022,2025
5271973,17,4,2020,2023
5311384,17,4,2021,2025
5357639,17,4,2021,2024
5364545,17,4,2021,2025
5445075,17,4,2021,2025
5601385,17,4,2023,2026
5656291,17,3,2024,2026
5674561,17,5,2022,2026
5732073,17,3,2022,2024
5857825,17,2,2021,2022
5998902,17,4,2022,2025
6122967,17,1,2024,2024
6251637,17,6,2021,2026
6266544,17,4,2021,2024
6274476,17,6,2021,2026
6400395,17,2,2022,2023
6483123,17,6,2020,2025
6514481,17,4,2022,2025
6591580,17,4,2023,2026
6654065,17,5,2021,2026
6846127,17,4,2021,2025
6874430,17,2,2021,2023
7088369,17,5,2022,2026
7111650,17,4,2021,2024
7269696,17,4,2023,2026
7452370,17,4,2021,2024
7521667,17,2,2025,2026
7674158,17,6,2020,2025
7685169,17,4,2022,2025
7827485,17,3,2020,2022
7829806,17,5,2022,2026
7869079,17,4,2023,2026
7885288,17,2,2025,2026
7947456,17,2,2024,2025
8571810,17,4,2023,2026
8742499,17,2,2023,2024
8903054,17,6,2021,2026
9126251,17,5,2021,2025
10326216,17,6,2021,2026
10986572,17,3,2022,2024
11397440,17,5,2022,2026
11449426,17,4,2021,2024
11556251,17,4,2022,2025
11558869,17,2,2023,2025
11609190,17,2,2023,2024
11714319,17,5,2022,2026
11814882,17,5,2022,2026
11862246,17,1,2025,2025
12101661,17,4,2021,2024
12391123,17,5,2021,2026
12826575,17,4,2022,2025
13416509,17,3,2023,2025
13638875,17,4,2022,2026
14750977,17,3,2023,2025
15434870,17,4,2022,2025
15576362,17,5,2022,2026
15728786,17,3,2023,2025
15737255,17,3,2024,2026
16510385,17,3,2022,2024
16557617,17,2,2025,2026
16681683,17,5,2022,2026
18760426,17,3,2022,2024
18869812,17,4,2021,2024
19021126,17,4,2021,2024
19028459,17,5,2021,2025
19094974,17,2,2024,2025
19881236,17,2,2022,2023
19984698,17,5,2021,2025
20062608,17,5,2021,2026
20131485,17,3,2022,2025
20144768,17,3,2023,2025
20259526,17,4,2022,2025
20493004,17,4,2022,2025
21629540,17,3,2022,2025
22033530,17,4,2022,2025
22209105,17,2,2020,2021
22597321,17,4,2022,2025
23055898,17,3,2023,2025
23741716,17,4,2022,2025
24349825,17,3,2022,2024
24702409,17,5,2022,2026
26422563,17,5,2022,2026
26615042,17,3,2023,2025
26800741,17,3,2023,2025
26807679,17,5,2021,2025
27860561,17,3,2022,2024
53745454,17,1,2025,2025
81394001,17,3,2024,2026
92773685,17,7,2020,2026
92798447,17,5,2022,2026
92825615,17,2,2025,2026
92932007,17,3,2024,2026
92949362,17,2,2024,2025
93105862,17,2,2024,2025
93270430,17,3,2023,2025
93322233,17,3,2023,2025
93367066,17,4,2023,2026
93750862,17,5,2022,2026
94058195,17,4,2023,2026
94186936,17,5,2022,2026
94266713,17,4,2022,2025
94428668,17,2,2023,2024
94459110,17,4,2023,2026
94539053,17,4,2023,2026
94595379,17,4,2022,2025
94798477,17,3,2018,2024
94825297,17,3,2023,2025
95489818,17,2,2023,2024
95601559,17,3,2024,2026
96181436,17,3,2024,2026
96219198,17,2,2024,2025
96557251,17,2,2025,2026
96969347,17,4,2023,2026
96978944,17,3,2024,2026
97242940,17,3,2023,2025
97555940,17,3,2024,2026
97629969,17,4,2023,2026
97763057,17,3,2023,2025
98174522,17,1,2024,2024
98353452,17,3,2024,2026
98550451,17,3,2024,2026
99147111,17,1,2025,2025
100188614,17,2,2025,2026
102070988,17,2,2025,2026
2720,16,3,2021,2025
8706,16,3,2021,2023
47490,16,4,2020,2023
65302,16,1,2025,2025
67527,16,3,2022,2025
68833,16,2,2025,2026
81844,16,3,2022,2025
126481,16,1,2025,2025
150694,16,5,2021,2026
153768,16,3,2024,2026
181528,16,4,2022,2025
209313,16,5,2022,2026
232318,16,3,2021,2023
258188,16,6,2021,2026
276837,16,3,2024,2026
304839,16,6,2020,2025
309164,16,2,2021,2022
355145,16,2,2022,2025
370381,16,4,2023,2026
389420,16,3,2022,2024
394043,16,2,2024,2025
413788,16,4,2022,2026
415396,16,4,2021,2025
418324,16,4,2022,2025
470657,16,3,2023,2025
473433,16,2,2024,2025
530452,16,3,2021,2023
533297,16,4,2022,2025
562716,16,6,2020,2025
581098,16,6,2021,2026
585799,16,3,2020,2022
594142,16,4,2023,2026
611546,16,3,2022,2025
631829,16,7,2020,2026
633703,16,4,2023,2026
639602,16,3,2023,2025
646704,16,1,2022,2022
657814,16,3,2024,2026
667149,16,6,2020,2026
700140,16,4,2021,2025
708934,16,3,2022,2024
754132,16,2,2024,2025
759221,16,2,2021,2022
760478,16,2,2023,2024
761762,16,4,2021,2024
778957,16,3,2022,2024
810772,16,5,2021,2025
822054,16,2,2022,2023
839918,16,4,2022,2025
872363,16,3,2024,2026
875001,16,4,2021,2024
917440,16,1,2022,2022
919782,16,3,2023,2025
936321,16,2,2024,2025
986109,16,1,2022,2022
991816,16,2,2020,2021
994160,16,1,2021,2021
1000896,16,4,2021,2025
1016801,16,3,2024,2026
1107591,16,4,2022,2026
1110500,16,3,2023,2025
1116261,16,4,2020,2023
1163350,16,2,2024,2025
1201578,16,3,2023,2025
1239470,16,2,2021,2022
1241391,16,4,2023,2026
1270606,16,2,2024,2025
1284033,16,2,2023,2025
1320446,16,5,2021,2025
1346374,16,3,2021,2024
1366711,16,2,2024,2025
1372478,16,2,2023,2024
1393429,16,3,2024,2026
1399960,16,2,2024,2025
1483097,16,3,2023,2025
1642850,16,3,2024,2026
1653661,16,6,2021,2026
1667805,16,4,2022,2025
1684086,16,4,2021,2024
1754231,16,2,2025,2026
1844864,16,6,2021,2026
1928180,16,3,2023,2025
1935458,16,5,2021,2025
1964559,16,1,2022,2022
2009064,16,6,2021,2026
2043039,16,5,2020,2025
2083877,16,5,2021,2025
2149502,16,6,2021,2026
2361891,16,6,2020,2025
2398062,16,3,2022,2024
2498452,16,1,2025,2025
2784210,16,3,2024,2026
2796951,16,5,2021,2026
2807843,16,5,2021,2025
2904710,16,7,2020,2026
3017200,16,5,2021,2025
3040486,16,2,2025,2026
3074985,16,4,2022,2025
3113852,16,6,2021,2026
3172711,16,4,2022,2025
3178284,16,5,2021,2025
3180066,16,3,2023,2025
3199936,16,4,2021,2024
3294690,16,2,2024,2025
3344659,16,4,2020,2025
3372175,16,4,2021,2025
3392624,16,5,2021,2025
3397399,16,4,2021,2025
3397696,16,3,2023,2025
3764665,16,5,2022,2026
3786156,16,5,2021,2025
3826983,16,4,2020,2026
3844892,16,2,2020,2021
3864546,16,5,2020,2025
3893307,16,5,2021,2026
3938171,16,4,2023,2026
3984985,16,3,2024,2026
4062835,16,4,2023,2026
4236199,16,2,2023,2024
4245979,16,3,2023,2025
4284642,16,3,2021,2025
4304709,16,5,2020,2025
4754526,16,4,2023,2026
4857066,16,4,2021,2025
4873844,16,2,2024,2025
4918403,16,3,2024,2026
4976959,16,5,2021,2025
5336071,16,4,2020,2023
5344340,16,6,2020,2025
5464945,16,3,2023,2025
5475837,16,3,2022,2025
5499534,16,5,2021,2025
5539924,16,5,2021,2025
5751644,16,4,2022,2025
5823038,16,4,2023,2026
5901316,16,5,2021,2026
5959858,16,5,2022,2026
6040161,16,6,2021,2026
6088805,16,5,2022,2026
6089857,16,3,2023,2025
6221340,16,1,2025,2025
6318574,16,4,2022,2025
6449633,16,4,2022,2025
6504747,16,2,2024,2025
6520739,16,5,2022,2026
6587970,16,5,2022,2026
6712839,16,4,2022,2025
6719240,16,4,2023,2026
6834191,16,3,2022,2024
6981518,16,5,2022,2026
6994914,16,4,2023,2026
7150401,16,3,2020,2022
7176170,16,3,2023,2026
7617732,16,2,2021,2022
7646022,16,3,2022,2024
7751470,16,3,2023,2025
7835330,16,6,2021,2026
7869091,16,6,2020,2025
7879655,16,3,2024,2026
7941840,16,2,2025,2026
7990168,16,3,2023,2025
8569432,16,3,2023,2025
8648627,16,1,2025,2025
8797776,16,4,2022,2025
8944709,16,5,2021,2025
8961877,16,3,2023,2025
9014913,16,5,2020,2025
9107165,16,4,2022,2025
9204047,16,3,2024,2026
9288049,16,5,2022,2026
9652194,16,6,2020,2025
10317017,16,4,2020,2023
10408159,16,4,2023,2026
10436130,16,5,2022,2026
10473211,16,1,2025,2025
10842037,16,4,2021,2024
11060965,16,5,2021,2026
11499872,16,3,2022,2026
11784948,16,4,2023,2026
11849519,16,5,2020,2024
12003120,16,2,2024,2025
12038024,16,5,2020,2025
12076925,16,4,2022,2025
12095233,16,3,2022,2025
12118376,16,4,2023,2026
12209760,16,4,2021,2025
12739697,16,4,2022,2025
13032979,16,4,2023,2026
13847305,16,4,2021,2024
13881217,16,3,2021,2023
13909349,16,4,2022,2026
14091136,16,4,2022,2025
14257978,16,4,2021,2025
14997161,16,5,2021,2025
15668529,16,6,2020,2026
16070936,16,1,2025,2025
16839223,16,5,2021,2025
16961695,16,4,2021,2024
17008942,16,5,2020,2025
17157139,16,6,2021,2026
17398812,16,4,2021,2025
17406510,16,3,2023,2025
17898114,16,4,2022,2025
18929102,16,4,2021,2025
19755410,16,7,2019,2025
19768755,16,6,2021,2026
19839336,16,2,2024,2025
20233776,16,5,2021,2026
21013530,16,2,2024,2025
21055580,16,3,2024,2026
21188655,16,4,2023,2026
21287016,16,4,2022,2025
21294626,16,2,2024,2025
21382697,16,2,2024,2025
21492377,16,5,2022,2026
21689462,16,3,2024,2026
22146893,16,6,2021,2026
22177784,16,3,2024,2026
22227490,16,5,2021,2026
22252083,16,4,2022,2025
22463920,16,4,2022,2025
22592976,16,2,2022,2023
22923896,16,2,2023,2024
22969671,16,3,2022,2025
22988550,16,4,2023,2026
23006550,16,4,2023,2026
23381332,16,5,2020,2024
23492189,16,3,2023,2025
23493522,16,3,2022,2024
24150700,16,3,2023,2025
24841637,16,2,2024,2025
26442476,16,4,2023,2026
26592741,16,2,2023,2024
26816853,16,6,2021,2026
26857680,16,4,2022,2025
26879129,16,3,2022,2024
27751513,16,3,2023,2025
27818027,16,3,2024,2026
35498328,16,4,2021,2024
49756258,16,4,2022,2025
81393077,16,1,2023,2023
81395322,16,4,2022,2025
81407020,16,4,2023,2026
90575763,16,3,2023,2025
92773694,16,3,2021,2026
93055822,16,4,2022,2025
93101056,16,2,2024,2025
93217106,16,5,2021,2025
93372242,16,3,2022,2024
93406951,16,4,2022,2025
93413682,16,1,2025,2025
93490964,16,4,2023,2026
93715790,16,2,2023,2024
93718739,16,4,2022,2025
93795406,16,5,2020,2024
94016077,16,5,2022,2026
94045205,16,3,2022,2024
94051573,16,3,2023,2025
94164348,16,3,2023,2025
94356741,16,4,2023,2026
94445640,16,3,2023,2025
94469775,16,3,2023,2025
94471928,16,4,2023,2026
94735897,16,4,2023,2026
94738093,16,4,2023,2026
94869219,16,2,2024,2025
95217962,16,3,2023,2025
95220858,16,1,2023,2023
95403381,16,3,2023,2025
95533717,16,2,2024,2025
95697931,16,2,2024,2025
95821490,16,4,2023,2026
96161004,16,3,2024,2026
96162722,16,2,2024,2025
96215540,16,3,2024,2026
96229986,16,2,2024,2025
96248227,16,3,2024,2026
96800143,16,3,2024,2026
97215280,16,2,2024,2025
97267980,16,3,2024,2026
97423877,16,3,2023,2025
97481423,16,3,2024,2026
97564973,16,4,2022,2025
98182901,16,2,2024,2025
99072795,16,3,2023,2025
100109648,16,1,2025,2025
100654382,16,3,2023,2025
101034466,16,4,2022,2026
101169073,16,2,2025,2026
101344214,16,2,2025,2026
101445380,16,3,2024,2026
16090,15,2,2021,2022
27429,15,3,2024,2026
31584,15,1,2022,2022
114341,15,5,2022,2026
121418,15,1,2025,2025
193359,15,4,2021,2025
205811,15,2,2024,2025
214924,15,2,2023,2024
223203,15,6,2021,2026
224279,15,3,2022,2024
265512,15,3,2022,2024
296538,15,2,2021,2022
303910,15,5,2022,2026
363775,15,2,2025,2026
392877,15,2,2021,2022
498545,15,2,2021,2022
504247,15,3,2023,2025
518784,15,5,2020,2024
520355,15,4,2022,2025
523467,15,2,2024,2025
529622,15,4,2020,2023
532877,15,2,2024,2025
541680,15,4,2022,2025
561000,15,2,2024,2025
566252,15,2,2024,2025
573402,15,6,2020,2025
580943,15,3,2021,2025
587196,15,1,2024,2024
643074,15,3,2023,2025
647627,15,3,2021,2025
648217,15,3,2022,2024
687381,15,3,2021,2026
724093,15,1,2023,2023
780860,15,5,2021,2025
791729,15,5,2021,2025
800503,15,2,2023,2024
829451,15,4,2022,2025
869111,15,3,2021,2024
931591,15,2,2022,2025
937309,15,2,2021,2022
1002640,15,6,2021,2026
1007187,15,3,2024,2026
1045285,15,3,2024,2026
1060896,15,4,2023,2026
1061008,15,4,2022,2025
1062606,15,2,2024,2025
1088639,15,1,2025,2025
1112212,15,2,2024,2025
1115777,15,1,2025,2025
1124980,15,2,2024,2025
1172853,15,5,2022,2026
1180793,15,4,2021,2025
1192537,15,3,2021,2023
1196491,15,3,2023,2025
1258152,15,3,2021,2023
1285475,15,1,2022,2022
1288588,15,2,2023,2024
1320876,15,3,2022,2024
1337274,15,3,2024,2026
1339491,15,2,2022,2023
1348943,15,2,2024,2025
1399340,15,2,2025,2026
1403806,15,4,2023,2026
1418885,15,3,2024,2026
1429474,15,2,2025,2026
1442988,15,4,2023,2026
1488109,15,4,2021,2024
1548808,15,3,2023,2025
1557180,15,5,2021,2025
1645230,15,5,2021,2025
1651043,15,3,2023,2025
1656945,15,3,2021,2026
1664824,15,5,2020,2024
1705788,15,5,2021,2025
1714630,15,3,2023,2025
1732338,15,5,2021,2025
1814024,15,5,2022,2026
1829467,15,2,2021,2022
1829805,15,4,2022,2025
1902388,15,3,2023,2026
1919836,15,3,2021,2023
2074514,15,2,2024,2025
2096594,15,5,2022,2026
2108646,15,4,2023,2026
2149131,15,3,2024,2026
2149446,15,6,2020,2026
2149609,15,5,2020,2024
2149781,15,4,2021,2026
2194305,15,1,2024,2024
2201547,15,3,2023,2025
2220318,15,4,2021,2026
2311557,15,5,2022,2026
2336467,15,5,2021,2025
2470240,15,3,2021,2024
2569681,15,4,2022,2025
2768628,15,1,2022,2022
2793846,15,4,2020,2023
2839545,15,4,2021,2025
2865024,15,4,2023,2026
2880570,15,4,2021,2026
2903198,15,3,2021,2023
2946133,15,5,2021,2026
2972756,15,2,2024,2025
3010475,15,5,2021,2025
3110322,15,3,2020,2022
3135213,15,6,2020,2025
3269639,15,1,2023,2023
3321502,15,6,2021,2026
3382143,15,5,2022,2026
3397299,15,4,2020,2024
3430613,15,3,2022,2024
3435333,15,4,2023,2026
3436558,15,3,2022,2024
3437378,15,3,2021,2023
3506632,15,5,2022,2026
3577267,15,2,2025,2026
3624071,15,5,2021,2026
3754272,15,2,2022,2023
3829290,15,6,2021,2026
3840921,15,5,2021,2025
3984890,15,2,2023,2024
4213046,15,3,2021,2023
4229536,15,3,2021,2023
4258013,15,5,2021,2025
4503901,15,2,2023,2025
4509395,15,5,2022,2026
4590649,15,4,2020,2025
4598600,15,2,2024,2025
4723487,15,5,2021,2025
4810067,15,3,2023,2025
4844178,15,4,2023,2026
4868947,15,2,2023,2024
4877861,15,3,2024,2026
4929992,15,3,2023,2025
4932997,15,5,2021,2026
4968608,15,5,2022,2026
5120072,15,4,2023,2026
5134122,15,1,2023,2023
5184110,15,4,2021,2024
5185394,15,4,2023,2026
5271709,15,3,2021,2023
5335405,15,4,2021,2025
5439575,15,2,2024,2025
5468017,15,3,2023,2025
5478789,15,1,2025,2025
5482453,15,4,2021,2025
5508958,15,3,2023,2025
5527709,15,2,2021,2022
5650782,15,3,2021,2025
5698272,15,2,2022,2023
5743956,15,5,2021,2025
5782962,15,3,2020,2023
5791956,15,5,2021,2026
5959855,15,4,2021,2026
5990528,15,4,2022,2025
6006694,15,4,2021,2025
6080142,15,3,2022,2025
6184703,15,4,2023,2026
6206112,15,3,2023,2025
6210275,15,4,2020,2023
6222104,15,4,2021,2024
6285360,15,4,2021,2024
6348048,15,5,2021,2025
6369174,15,2,2025,2026
6495003,15,2,2024,2025
6505880,15,5,2021,2025
6666073,15,5,2021,2026
6709071,15,4,2022,2025
6759608,15,3,2023,2025
6846059,15,4,2020,2025
6866952,15,5,2022,2026
6886802,15,4,2022,2025
6932435,15,3,2022,2025
6973309,15,2,2024,2025
6996288,15,4,2021,2025
7011234,15,5,2021,2025
7654591,15,3,2022,2024
7722288,15,3,2024,2026
7727140,15,5,2022,2026
7758688,15,2,2021,2022
7779013,15,5,2021,2025
7877213,15,5,2021,2025
7943005,15,2,2023,2024
7949828,15,5,2021,2026
7956534,15,3,2023,2025
8002708,15,2,2025,2026
8076065,15,4,2022,2026
8137932,15,5,2022,2026
8510914,15,6,2021,2026
8977201,15,5,2021,2026
9184087,15,3,2024,2026
9454355,15,3,2021,2023
9702455,15,3,2024,2026
9763130,15,2,2023,2024
9937540,15,4,2023,2026
10036571,15,5,2022,2026
10063318,15,4,2022,2025
10160679,15,4,2022,2026
10880437,15,5,2021,2025
11274520,15,4,2020,2026
11450894,15,4,2021,2024
11640334,15,4,2022,2025
11732260,15,5,2022,2026
13290284,15,2,2025,2026
13440882,15,4,2022,2025
13469137,15,1,2023,2023
13586862,15,4,2022,2025
14068659,15,2,2023,2024
14238410,15,5,2022,2026
14343920,15,4,2022,2026
14820472,15,3,2022,2024
15309744,15,2,2025,2026
15605750,15,3,2024,2026
15744572,15,4,2020,2024
15853355,15,3,2022,2024
15873675,15,4,2023,2026
15931982,15,5,2022,2026
16070251,15,3,2024,2026
16307309,15,1,2022,2022
16488692,15,4,2023,2026
16965378,15,5,2022,2026
17173116,15,4,2021,2024
17189653,15,4,2022,2025
17542133,15,6,2021,2026
17891044,15,4,2021,2025
18179027,15,6,2021,2026
18305031,15,3,2022,2024
18423321,15,4,2023,2026
18445313,15,4,2022,2025
19017401,15,3,2023,2025
19114831,15,4,2022,2025
19281423,15,2,2022,2024
19285635,15,2,2022,2023
19508220,15,4,2022,2025
19726295,15,4,2022,2025
19924921,15,5,2021,2026
20134007,15,5,2018,2024
21139693,15,4,2022,2025
21251551,15,3,2022,2024
21588120,15,2,2022,2023
21752900,15,3,2021,2024
21761750,15,3,2022,2025
21762651,15,4,2023,2026
21928158,15,5,2022,2026
21979160,15,2,2024,2025
22028840,15,3,2023,2025
22170765,15,2,2024,2025
22170951,15,4,2021,2025
22248327,15,4,2022,2025
22249729,15,3,2024,2026
22271026,15,3,2022,2024
22480328,15,5,2022,2026
22765098,15,2,2023,2024
23036836,15,3,2023,2025
23227656,15,2,2023,2024
23696652,15,4,2022,2025
23861656,15,3,2023,2025
24071078,15,4,2022,2025
24079534,15,4,2022,2025
24225605,15,3,2022,2025
24372242,15,4,2020,2024
24830810,15,4,2022,2025
26467412,15,3,2022,2024
26624071,15,3,2023,2025
26757139,15,4,2023,2026
26958284,15,3,2023,2025
27754016,15,5,2021,2025
27897193,15,4,2023,2026
35507724,15,2,2023,2024
81387923,15,4,2023,2026
81423159,15,5,2022,2026
92770267,15,3,2024,2026
92788320,15,6,2020,2026
92819662,15,2,2024,2025
92895042,15,5,2020,2024
92989971,15,2,2023,2024
93007678,15,2,2023,2024
93086749,15,3,2024,2026
93092856,15,3,2024,2026
93130828,15,3,2023,2025
93197829,15,5,2021,2026
93368019,15,4,2023,2026
93377520,15,3,2023,2025
93419259,15,3,2022,2024
93511703,15,2,2022,2024
93517793,15,5,2022,2026
93636433,15,4,2023,2026
93643094,15,6,2021,2026
93901207,15,4,2023,2026
93937402,15,3,2023,2025
93961354,15,2,2022,2023
94090004,15,3,2024,2026
94101836,15,3,2023,2025
94479182,15,4,2023,2026
94486058,15,2,2024,2025
94687615,15,3,2023,2025
94730764,15,4,2023,2026
94753671,15,3,2023,2025
95139792,15,3,2023,2025
95209585,15,1,2025,2025
95303144,15,4,2023,2026
95679642,15,2,2024,2025
95683378,15,3,2023,2025
95830116,15,4,2023,2026
95870658,15,3,2023,2025
95892532,15,2,2023,2024
95901386,15,2,2023,2024
96149062,15,2,2024,2025
96153254,15,3,2023,2025
96519452,15,3,2024,2026
96599348,15,2,2023,2024
96643060,15,2,2024,2025
96722175,15,4,2023,2026
97217696,15,4,2022,2025
97482766,15,3,2024,2026
97679943,15,3,2023,2025
97738238,15,3,2024,2026
97917372,15,2,2025,2026
98625247,15,2,2024,2025
98678694,15,2,2024,2025
99044299,15,1,2022,2022
99138703,15,2,2024,2025
99489638,15,2,2023,2024
100745172,15,3,2024,2026
100913459,15,3,2024,2026
100951570,15,2,2025,2026
101274579,15,2,2024,2025
101861804,15,2,2025,2026
102085808,15,2,2025,2026
26717,14,2,2024,2025
30954,14,4,2021,2025
51987,14,3,2023,2025
66574,14,3,2022,2024
104029,14,2,2024,2025
116771,14,3,2024,2026
140835,14,5,2021,2025
150836,14,1,2025,2025
173583,14,2,2024,2025
192093,14,3,2021,2024
223439,14,1,2024,2024
229184,14,2,2024,2025
233062,14,4,2022,2026
293390,14,2,2025,2026
330019,14,5,2021,2025
350196,14,4,2022,2025
351329,14,5,2021,2026
363457,14,3,2023,2026
378525,14,1,2023,2023
402382,14,1,2025,2025
409874,14,5,2021,2026
433286,14,2,2025,2026
484868,14,4,2022,2026
491979,14,4,2020,2024
495745,14,4,2023,2026
498179,14,4,2021,2026
509755,14,3,2020,2023
532341,14,3,2023,2025
533639,14,2,2022,2025
555066,14,6,2020,2025
556669,14,2,2024,2025
580399,14,4,2022,2025
618719,14,2,2024,2025
639172,14,2,2024,2025
639620,14,4,2022,2025
646902,14,4,2022,2025
652210,14,2,2024,2025
679157,14,2,2023,2024
686021,14,2,2025,2026
688352,14,4,2021,2025
697870,14,1,2025,2025
704021,14,3,2023,2025
704466,14,2,2025,2026
716202,14,3,2023,2025
723275,14,4,2022,2025
744140,14,2,2024,2025
747800,14,3,2021,2023
748163,14,5,2021,2026
759755,14,5,2021,2026
771003,14,2,2025,2026
797205,14,4,2022,2025
808300,14,6,2021,2026
815282,14,4,2022,2025
817588,14,1,2025,2025
835437,14,2,2025,2026
882802,14,4,2023,2026
891674,14,2,2024,2025
895034,14,4,2023,2026
914696,14,5,2021,2025
928584,14,2,2022,2023
942224,14,5,2021,2025
994257,14,1,2021,2021
1003476,14,3,2023,2025
1149644,14,3,2024,2026
1152549,14,4,2023,2026
1180034,14,2,2024,2025
1180674,14,2,2024,2025
1199356,14,6,2020,2026
1213592,14,2,2024,2025
1248276,14,2,2024,2025
1265381,14,4,2022,2025
1326581,14,4,2022,2025
1375349,14,4,2021,2025
1414554,14,4,2022,2025
1646332,14,3,2021,2023
1646650,14,4,2023,2026
1653132,14,5,2020,2024
1672645,14,2,2022,2023
1675878,14,3,2023,2025
1745449,14,4,2021,2024
1795499,14,2,2024,2025
1812357,14,2,2023,2024
1828835,14,5,2021,2026
1844129,14,3,2024,2026
1902061,14,4,2022,2025
1925948,14,2,2025,2026
1929634,14,6,2020,2025
1965611,14,5,2021,2025
1968929,14,3,2021,2024
2008911,14,3,2022,2024
2140186,14,6,2021,2026
2149346,14,6,2020,2025
2197490,14,4,2021,2025
2207408,14,6,2020,2025
2235478,14,4,2021,2026
2274841,14,5,2021,2025
2370864,14,3,2024,2026
2386554,14,3,2020,2022
2413537,14,1,2024,2024
2551932,14,5,2020,2026
2581208,14,2,2024,2025
2611357,14,5,2021,2026
2641765,14,5,2020,2024
2732849,14,3,2023,2025
2797086,14,6,2020,2025
2797456,14,5,2022,2026
2869705,14,3,2022,2024
2903201,14,5,2022,2026
3121805,14,5,2022,2026
3122051,14,3,2024,2026
3131804,14,3,2022,2025
3189984,14,2,2021,2022
3192574,14,6,2020,2025
3205855,14,4,2021,2025
3350587,14,3,2022,2024
3389975,14,4,2020,2023
3420403,14,3,2022,2024
3436787,14,5,2021,2025
3438407,14,4,2022,2025
3461548,14,7,2019,2026
3614423,14,3,2022,2025
3657681,14,5,2021,2026
3665544,14,4,2021,2025
3685052,14,6,2021,2026
3797779,14,2,2024,2025
3895807,14,4,2021,2025
3979154,14,4,2022,2025
3984880,14,3,2022,2025
3984916,14,5,2021,2025
3984934,14,4,2022,2026
4077488,14,3,2023,2025
4110539,14,5,2021,2026
4132174,14,2,2024,2025
4152924,14,6,2021,2026
4182308,14,4,2022,2025
4186898,14,3,2023,2026
4238306,14,4,2020,2023
4288305,14,4,2022,2025
4380277,14,6,2021,2026
4422132,14,4,2020,2023
4444991,14,3,2023,2025
4446720,14,3,2021,2025
4472223,14,4,2022,2025
4475750,14,5,2022,2026
4507070,14,4,2021,2025
4524085,14,3,2022,2024
4525361,14,6,2020,2025
4532532,14,5,2021,2025
4534487,14,6,2021,2026
4632022,14,3,2023,2025
4675626,14,3,2024,2026
4694936,14,2,2024,2025
4745754,14,4,2021,2025
4758188,14,4,2021,2024
4803608,14,4,2021,2024
4841490,14,3,2023,2025
4918664,14,4,2021,2025
4955593,14,4,2021,2024
5020259,14,5,2022,2026
5102922,14,4,2023,2026
5103511,14,4,2021,2024
5126305,14,3,2023,2025
5180628,14,2,2022,2023
5230857,14,5,2021,2026
5273790,14,5,2022,2026
5357699,14,4,2022,2025
5372697,14,2,2022,2025
5493798,14,2,2024,2025
5536157,14,1,2022,2022
5580025,14,4,2021,2025
5583414,14,5,2022,2026
5611520,14,3,2023,2025
5629715,14,2,2023,2024
5672983,14,3,2021,2023
5682153,14,4,2023,2026
6006785,14,3,2024,2026
6114701,14,3,2021,2025
6139831,14,5,2021,2025
6283510,14,3,2022,2024
6290503,14,3,2023,2025
6381972,14,4,2021,2024
6429623,14,4,2021,2025
6577618,14,5,2022,2026
6593778,14,3,2022,2024
6616029,14,2,2024,2026
6637367,14,1,2023,2023
6720388,14,4,2021,2024
6748434,14,5,2021,2026
6781786,14,4,2021,2025
6813627,14,3,2021,2025
6836732,14,2,2024,2025
6928872,14,3,2020,2024
7026868,14,3,2022,2024
7046271,14,2,2024,2025
7059189,14,3,2021,2023
7123754,14,2,2022,2023
7246601,14,5,2021,2025
7263676,14,4,2021,2024
7269860,14,4,2021,2024
7271454,14,2,2024,2025
7372016,14,2,2024,2025
7387494,14,4,2022,2025
7421683,14,5,2020,2025
7521934,14,1,2025,2025
7564505,14,3,2024,2026
7674610,14,3,2022,2024
7761859,14,2,2023,2025
7811411,14,1,2025,2025
7812857,14,1,2023,2023
7969008,14,2,2025,2026
8080702,14,1,2025,2025
8835996,14,4,2022,2025
8838173,14,4,2023,2026
8966535,14,3,2023,2025
9022574,14,3,2024,2026
9604478,14,3,2024,2026
9642591,14,4,2022,2025
10241426,14,5,2020,2024
10589848,14,1,2025,2025
11080364,14,6,2020,2025
11158366,14,3,2021,2023
11396947,14,3,2021,2025
11521198,14,4,2021,2025
12063550,14,5,2021,2025
12170564,14,3,2023,2025
12291893,14,3,2021,2024
12793394,14,3,2023,2025
12976987,14,3,2022,2024
12978526,14,4,2022,2025
13202675,14,4,2022,2025
13484193,14,6,2021,2026
13809245,14,4,2022,2025
13886260,14,3,2023,2026
14216761,14,4,2022,2026
14233852,14,3,2024,2026
14415342,14,5,2021,2025
14563835,14,3,2021,2025
14781729,14,4,2022,2025
14876193,14,4,2021,2024
14978970,14,1,2024,2024
15296600,14,5,2021,2025
15446058,14,5,2021,2025
16087245,14,2,2024,2025
16225386,14,4,2023,2026
16270439,14,4,2022,2025
16530571,14,5,2022,2026
16737400,14,5,2020,2025
16849739,14,5,2021,2025
16862766,14,3,2021,2024
16892094,14,4,2021,2025
16991188,14,2,2023,2024
17386373,14,4,2022,2026
17388624,14,5,2022,2026
18072865,14,2,2022,2023
18188483,14,5,2021,2025
18357613,14,5,2022,2026
18749659,14,4,2023,2026
18899646,14,1,2026,2026
18996211,14,4,2023,2026
19249611,14,2,2023,2024
19746154,14,2,2024,2025
19839945,14,4,2022,2026
19944683,14,5,2021,2025
19988613,14,4,2022,2025
20062609,14,4,2023,2026
20144237,14,4,2022,2025
20425973,14,4,2022,2025
20696655,14,3,2023,2025
20956301,14,1,2021,2021
20996783,14,2,2021,2025
21038694,14,2,2024,2025
21081600,14,3,2023,2026
21301293,14,4,2022,2025
21470606,14,2,2024,2025
21743835,14,3,2022,2025
22154550,14,2,2023,2025
22167136,14,2,2025,2026
22177348,14,3,2023,2025
22225229,14,3,2023,2025
22371001,14,3,2023,2025
22581452,14,3,2022,2024
22982104,14,3,2022,2024
22990228,14,4,2022,2025
23031917,14,2,2024,2025
23088605,14,4,2021,2025
23124682,14,3,2022,2024
23134738,14,3,2023,2025
23160364,14,4,2023,2026
23418027,14,3,2024,2026
23479225,14,1,2023,2023
23836670,14,5,2022,2026
23960397,14,4,2022,2025
24077544,14,3,2023,2025
24244975,14,5,2021,2026
24912963,14,2,2024,2025
25158047,14,1,2025,2025
26422383,14,2,2025,2026
26528032,14,3,2023,2025
26648793,14,4,2020,2023
26914568,14,3,2023,2026
26948939,14,1,2023,2023
35485911,14,2,2024,2025
40851522,14,2,2024,2025
48515648,14,2,2024,2025
49750769,14,3,2023,2025
81387123,14,4,2023,2026
81420793,14,4,2022,2025
90547356,14,4,2023,2026
90555545,14,2,2022,2023
92769054,14,5,2021,2026
92773684,14,3,2024,2026
92792526,14,2,2024,2025
92809744,14,4,2022,2025
92826917,14,3,2021,2024
92844046,14,3,2023,2025
93002094,14,3,2023,2026
93007286,14,4,2023,2026
93009700,14,2,2023,2024
93025513,14,4,2022,2026
93043474,14,5,2021,2025
93066069,14,5,2021,2025
93073140,14,5,2021,2025
93080614,14,4,2021,2024
93088522,14,4,2023,2026
93132706,14,4,2021,2024
93228805,14,1,2025,2025
93237971,14,1,2025,2025
93284079,14,3,2022,2024
93385635,14,2,2024,2025
93508277,14,4,2022,2025
93514766,14,5,2021,2025
93516485,14,3,2023,2025
93574814,14,1,2025,2025
93690018,14,3,2022,2024
93691159,14,4,2021,2024
94021714,14,3,2024,2026
94367327,14,3,2024,2026
94749458,14,5,2021,2025
94766588,14,3,2023,2025
94908836,14,4,2021,2025
94936669,14,2,2025,2026
95050752,14,4,2023,2026
95477186,14,2,2025,2026
95512846,14,3,2023,2025
95518689,14,3,2023,2025
95660040,14,4,2023,2026
95717809,14,1,2024,2024
95870785,14,3,2023,2026
96157225,14,3,2023,2025
96237085,14,1,2025,2025
96539158,14,3,2023,2025
96723907,14,4,2023,2026
96824396,14,3,2024,2026
96856903,14,4,2022,2025
97605161,14,2,2023,2024
97882110,14,1,2025,2025
98225206,14,1,2025,2025
98466359,14,3,2023,2025
98764940,14,3,2024,2026
100236140,14,3,2023,2025
101460104,14,3,2024,2026
101725461,14,2,2024,2025
102278509,14,1,2025,2025
5635,13,6,2021,2026
23094,13,3,2024,2026
84181,13,3,2024,2026
97898,13,3,2023,2025
106098,13,4,2022,2026
109642,13,4,2021,2025
117458,13,1,2024,2024
130278,13,1,2026,2026
130971,13,2,2023,2024
145715,13,3,2024,2026
161607,13,3,2024,2026
173666,13,4,2022,2025
220539,13,1,2025,2025
227035,13,2,2024,2025
245527,13,2,2024,2025
257395,13,2,2021,2022
262193,13,4,2021,2024
268011,13,2,2024,2025
277415,13,4,2022,2026
280930,13,4,2021,2026
286018,13,3,2024,2026
289264,13,2,2024,2025
298101,13,3,2023,2025
302066,13,2,2024,2025
315296,13,3,2022,2025
360923,13,3,2023,2025
367464,13,1,2024,2024
372497,13,2,2022,2023
381964,13,2,2025,2026
391190,13,5,2021,2026
401544,13,4,2022,2025
401737,13,5,2021,2026
412875,13,4,2020,2024
415466,13,1,2021,2021
416760,13,4,2021,2024
417661,13,2,2024,2025
451429,13,3,2022,2024
455604,13,3,2022,2024
457755,13,2,2022,2024
460468,13,3,2024,2026
462921,13,3,2023,2026
476637,13,2,2023,2024
491651,13,4,2022,2025
494991,13,2,2022,2025
502969,13,2,2024,2026
514437,13,5,2022,2026
547968,13,1,2023,2023
565815,13,4,2022,2025
568471,13,3,2024,2026
581316,13,2,2023,2024
582727,13,3,2024,2026
584366,13,4,2022,2025
589891,13,3,2023,2025
614989,13,2,2023,2025
625648,13,1,2024,2024
659616,13,3,2022,2024
669474,13,3,2021,2023
690983,13,3,2023,2025
699852,13,2,2024,2025
729784,13,2,2024,2025
759320,13,5,2020,2025
760553,13,1,2024,2024
802724,13,2,2024,2025
802838,13,3,2023,2025
803225,13,4,2022,2025
804120,13,4,2020,2026
812370,13,3,2021,2025
834094,13,5,2020,2025
838704,13,3,2021,2023
839719,13,2,2024,2025
840614,13,3,2021,2025
847791,13,4,2021,2025
857976,13,5,2021,2026
861861,13,3,2022,2025
865980,13,4,2023,2026
875814,13,4,2021,2025
883573,13,3,2023,2025
890417,13,3,2023,2025
890959,13,3,2023,2025
898319,13,2,2024,2025
904642,13,1,2025,2025
926979,13,5,2022,2026
938383,13,3,2023,2025
973463,13,3,2021,2024
982005,13,1,2021,2021
988606,13,3,2022,2024
1005086,13,1,2025,2025
1012658,13,4,2021,2025
1015943,13,1,2025,2025
1046789,13,4,2023,2026
1085998,13,5,2022,2026
1092280,13,4,2022,2025
1119583,13,3,2021,2023
1126900,13,1,2024,2024
1128870,13,5,2022,2026
1149276,13,2,2022,2023
1157049,13,4,2021,2025
1159923,13,5,2021,2026
1190723,13,3,2022,2024
1208456,13,2,2023,2024
1234698,13,2,2023,2024
1242827,13,2,2023,2025
1253973,13,5,2020,2025
1269829,13,2,2024,2025
1279649,13,4,2022,2025
1286104,13,3,2024,2026
1325399,13,2,2024,2025
1333884,13,2,2024,2025
1347484,13,4,2023,2026
1349570,13,3,2024,2026
1350374,13,5,2021,2025
1391250,13,2,2022,2023
1414899,13,3,2023,2025
1425811,13,2,2022,2024
1478729,13,2,2024,2025
1489818,13,3,2023,2025
1515131,13,3,2024,2026
1658559,13,3,2021,2024
1682773,13,4,2022,2026
1698393,13,5,2021,2025
1721911,13,6,2020,2026
1761763,13,5,2021,2026
1782649,13,4,2022,2026
1813050,13,4,2023,2026
1847095,13,6,2020,2025
1859985,13,3,2024,2026
2004654,13,5,2020,2026
2007624,13,5,2021,2026
2054885,13,4,2021,2024
2079537,13,4,2021,2024
2149784,13,3,2022,2024
2160415,13,5,2022,2026
2165774,13,4,2021,2025
2241225,13,3,2022,2024
2291872,13,5,2021,2025
2386026,13,4,2021,2025
2422865,13,5,2020,2024
2438422,13,6,2021,2026
2515083,13,5,2021,2026
2535376,13,1,2024,2024
2719842,13,2,2024,2025
2755882,13,5,2021,2025
2806000,13,4,2022,2026
2830916,13,3,2023,2026
2873793,13,4,2022,2026
3015501,13,4,2021,2025
3142778,13,4,2021,2024
3158395,13,4,2022,2025
3168061,13,4,2023,2026
3196889,13,2,2024,2025
3211052,13,4,2021,2024
3211541,13,5,2022,2026
3227375,13,5,2022,2026
3232484,13,4,2022,2026
3376360,13,3,2021,2025
3387542,13,6,2021,2026
3389841,13,3,2021,2024
3395569,13,4,2022,2025
3397483,13,3,2023,2025
3397592,13,5,2022,2026
3413946,13,4,2021,2024
3435217,13,4,2021,2024
3625148,13,4,2022,2025
3642249,13,4,2022,2025
3643026,13,6,2021,2026
3660999,13,4,2021,2025
3664951,13,5,2022,2026
3756551,13,6,2020,2025
3806107,13,5,2020,2025
3840138,13,5,2021,2026
3849457,13,4,2023,2026
3925705,13,4,2022,2025
3972583,13,4,2021,2025
3985030,13,5,2021,2026
4080897,13,4,2022,2025
4086473,13,5,2020,2025
4152082,13,4,2021,2025
4210253,13,2,2025,2026
4286773,13,3,2022,2024
4299164,13,2,2022,2023
4301932,13,3,2024,2026
4407622,13,4,2022,2025
4452505,13,4,2022,2026
4493747,13,2,2021,2022
4508068,13,5,2020,2024
4532835,13,4,2020,2023
4539389,13,2,2022,2023
4553883,13,5,2021,2025
4575775,13,4,2021,2025
4576498,13,5,2022,2026
4734761,13,3,2023,2025
4826851,13,2,2025,2026
4842152,13,5,2020,2025
4850208,13,4,2021,2025
4852862,13,1,2025,2025
4887785,13,3,2021,2024
4960349,13,6,2021,2026
4976476,13,6,2021,2026
5119577,13,1,2021,2021
5122342,13,3,2021,2023
5124784,13,4,2021,2024
5127328,13,3,2021,2024
5135034,13,5,2020,2024
5137955,13,5,2022,2026
5162151,13,5,2021,2026
5177548,13,2,2023,2024
5182759,13,2,2024,2025
5227406,13,2,2022,2023
5311365,13,4,2022,2025
5372957,13,5,2021,2025
5397657,13,4,2022,2025
5430993,13,4,2021,2025
5446200,13,1,2024,2024
5533793,13,4,2021,2024
5595691,13,4,2021,2024
5596581,13,3,2023,2026
5626570,13,5,2021,2026
5688016,13,5,2021,2025
5819984,13,4,2022,2025
5828321,13,2,2023,2024
5830803,13,3,2023,2025
5860303,13,4,2021,2025
6041584,13,4,2022,2025
6042124,13,2,2022,2023
6055020,13,3,2023,2025
6072858,13,2,2025,2026
6108289,13,3,2022,2024
6117794,13,6,2020,2025
6169085,13,5,2022,2026
6183432,13,5,2021,2025
6184657,13,6,2021,2026
6224261,13,5,2021,2025
6249005,13,4,2021,2025
6266531,13,3,2023,2025
6275449,13,4,2021,2025
6320697,13,3,2023,2025
6474438,13,4,2023,2026
6481642,13,4,2023,2026
6500052,13,4,2022,2025
6501662,13,2,2024,2025
6671041,13,2,2024,2025
6745026,13,2,2024,2025
6767054,13,5,2021,2026
6814008,13,5,2021,2025
6953354,13,6,2021,2026
6984688,13,5,2021,2025
7071693,13,3,2022,2024
7075287,13,5,2022,2026
7109849,13,5,2020,2025
7148255,13,6,2021,2026
7155420,13,5,2021,2025
7217100,13,3,2022,2025
7275575,13,4,2022,2025
7664173,13,3,2022,2024
7665168,13,3,2023,2026
7684736,13,3,2022,2024
7765273,13,3,2022,2024
7796030,13,2,2025,2026
7820035,13,3,2021,2023
7898946,13,2,2023,2025
7941513,13,4,2023,2026
8103103,13,4,2021,2025
8131627,13,1,2023,2023
8137380,13,3,2023,2025
8256072,13,3,2023,2025
8537018,13,4,2020,2023
8784018,13,6,2021,2026
8934340,13,4,2022,2025
9025971,13,4,2020,2023
9069760,13,4,2022,2026
9152886,13,4,2021,2025
9174783,13,6,2020,2025
9187568,13,2,2023,2024
9211711,13,1,2022,2022
9229563,13,3,2023,2025
9238569,13,5,2021,2025
9286521,13,5,2021,2025
9377712,13,5,2021,2025
9416812,13,3,2022,2024
10436283,13,4,2020,2025
10509103,13,3,2024,2026
10607994,13,3,2023,2025
11026108,13,5,2021,2026
11192632,13,4,2023,2026
11329555,13,3,2023,2025
11331279,13,1,2024,2024
11615374,13,4,2022,2025
11729479,13,2,2024,2025
11775780,13,3,2022,2024
11791032,13,3,2023,2025
12324162,13,3,2024,2026
12871842,13,4,2022,2026
13404184,13,3,2023,2025
13439121,13,2,2021,2022
13627846,13,5,2021,2026
13814525,13,5,2021,2025
14196327,13,3,2023,2025
14207963,13,5,2020,2025
14372342,13,3,2023,2025
14721876,13,4,2023,2026
14779304,13,3,2021,2025
14786192,13,5,2022,2026
15185728,13,3,2023,2026
15261348,13,6,2020,2026
15386111,13,4,2021,2025
15497147,13,3,2022,2024
15539039,13,4,2023,2026
15544546,13,3,2021,2023
15565565,13,4,2022,2026
15943667,13,3,2023,2025
15982891,13,3,2024,2026
16131167,13,4,2022,2025
16144497,13,4,2017,2020
16345389,13,6,2020,2026
16660451,13,4,2023,2026
16822317,13,4,2021,2025
17036427,13,2,2022,2024
17049215,13,5,2021,2025
17292436,13,6,2021,2026
17336259,13,2,2024,2025
17337823,13,3,2022,2024
17345717,13,4,2023,2026
17779249,13,3,2024,2026
17798044,13,4,2022,2025
17968264,13,3,2023,2025
18006090,13,4,2022,2025
18175458,13,3,2023,2026
18511047,13,3,2022,2024
18680863,13,3,2023,2025
18871253,13,4,2023,2026
19021745,13,2,2022,2024
19375603,13,3,2022,2024
19859543,13,4,2020,2026
20929722,13,3,2023,2025
20931378,13,6,2020,2025
20965929,13,3,2022,2026
21031356,13,4,2022,2025
21049331,13,4,2021,2025
21330549,13,3,2022,2024
21441370,13,3,2022,2025
21674088,13,4,2023,2026
21724803,13,3,2022,2025
21732747,13,4,2021,2025
22062309,13,4,2022,2026
22171442,13,3,2022,2025
22236582,13,2,2024,2025
22252303,13,5,2021,2026
22260846,13,2,2023,2025
22271179,13,4,2022,2025
22373617,13,4,2023,2026
22384009,13,4,2023,2026
22975395,13,4,2022,2025
23474145,13,2,2025,2026
23623042,13,5,2021,2025
23825389,13,2,2025,2026
23902756,13,4,2022,2025
24152098,13,4,2022,2025
24154571,13,2,2024,2025
24386819,13,3,2023,2026
24445462,13,4,2021,2024
24680993,13,2,2023,2024
24710862,13,5,2021,2025
24861435,13,4,2023,2026
26445542,13,5,2020,2025
26699140,13,3,2022,2025
30110916,13,3,2023,2025
35491219,13,4,2022,2026
40841352,13,4,2023,2026
48509283,13,3,2024,2026
67112423,13,3,2023,2025
87789077,13,1,2021,2021
90522561,13,2,2024,2025
92915047,13,3,2022,2025
92965169,13,2,2023,2024
93007792,13,2,2024,2025
93034708,13,5,2021,2025
93080037,13,2,2024,2025
93112852,13,4,2023,2026
93151693,13,2,2023,2024
93156888,13,6,2020,2025
93191750,13,3,2022,2025
93231457,13,3,2024,2026
93294589,13,4,2021,2024
93315112,13,3,2024,2026
93326429,13,3,2023,2025
93349217,13,3,2023,2025
93799092,13,5,2022,2026
94112762,13,3,2023,2025
94181423,13,5,2022,2026
94273925,13,3,2023,2025
94392823,13,2,2023,2024
94610364,13,1,2023,2023
94779379,13,2,2024,2025
94838173,13,3,2023,2025
94997714,13,3,2023,2025
95122986,13,3,2023,2025
95127830,13,2,2023,2024
95162074,13,3,2023,2025
95576135,13,3,2023,2025
95633191,13,1,2025,2025
95682010,13,4,2023,2026
95696663,13,2,2024,2025
95726270,13,2,2025,2026
95762846,13,2,2025,2026
95821368,13,2,2024,2025
96062812,13,3,2023,2025
96149791,13,3,2024,2026
96228489,13,3,2024,2026
96705155,13,2,2025,2026
96950276,13,2,2024,2025
96985989,13,3,2022,2025
97950122,13,3,2024,2026
98340646,13,2,2025,2026
98391668,13,3,2023,2025
98514689,13,4,2023,2026
98696276,13,2,2024,2025
99065296,13,2,2024,2025
99317825,13,4,2023,2026
100082982,13,3,2022,2024
100392453,13,3,2024,2026
100401508,13,2,2024,2025
101024083,13,2,2025,2026
101583528,13,2,2025,2026
4119,12,4,2023,2026
5500,12,1,2025,2025
13129,12,3,2023,2025
13952,12,3,2022,2025
18142,12,3,2022,2026
20625,12,2,2022,2023
38418,12,4,2022,2025
41949,12,3,2023,2025
42489,12,2,2022,2023
63113,12,4,2022,2025
66911,12,5,2022,2026
69074,12,3,2021,2025
72567,12,3,2022,2024
108537,12,6,2021,2026
110300,12,3,2023,2025
113744,12,2,2024,2025
115073,12,3,2021,2026
117721,12,3,2022,2024
123165,12,3,2022,2026
128850,12,3,2023,2025
139579,12,3,2022,2024
174981,12,5,2020,2026
179725,12,1,2024,2024
192857,12,3,2022,2024
195854,12,1,2025,2025
202361,12,2,2025,2026
247722,12,2,2023,2024
248411,12,4,2022,2025
256477,12,4,2021,2025
256642,12,1,2024,2024
260791,12,4,2023,2026
286150,12,2,2021,2023
304136,12,7,2020,2026
314135,12,2,2024,2025
315685,12,2,2025,2026
320272,12,4,2021,2025
341413,12,3,2023,2025
349428,12,3,2022,2026
404091,12,2,2024,2025
409304,12,4,2022,2026
420216,12,3,2023,2025
420392,12,2,2022,2025
430914,12,5,2021,2025
432540,12,2,2024,2025
457585,12,2,2020,2021
458099,12,3,2023,2025
478877,12,4,2021,2025
498861,12,4,2023,2026
507203,12,2,2021,2022
513556,12,2,2025,2026
515239,12,2,2024,2025
522329,12,1,2025,2025
526849,12,5,2021,2025
544774,12,5,2022,2026
567815,12,1,2023,2023
568584,12,4,2023,2026
608107,12,4,2021,2024
615328,12,2,2024,2025
620115,12,2,2023,2024
625861,12,1,2025,2025
640889,12,2,2023,2024
642515,12,3,2022,2025
649126,12,2,2022,2023
659901,12,3,2022,2024
667508,12,2,2023,2025
672285,12,3,2022,2026
690958,12,3,2022,2024
695510,12,3,2021,2026
710444,12,3,2024,2026
723566,12,3,2022,2025
740279,12,2,2024,2025
756292,12,5,2021,2025
768974,12,2,2025,2026
771385,12,1,2025,2025
776585,12,3,2022,2024
790270,12,5,2021,2025
795425,12,1,2025,2025
811158,12,4,2020,2025
811168,12,4,2022,2025
811215,12,1,2025,2025
812631,12,2,2024,2025
819688,12,1,2025,2025
823867,12,2,2021,2022
848191,12,3,2020,2025
851552,12,2,2022,2023
853816,12,2,2024,2025
861937,12,3,2023,2025
868498,12,4,2021,2024
884373,12,4,2022,2025
906751,12,2,2023,2024
906995,12,4,2023,2026
917527,12,1,2022,2022
932584,12,4,2020,2023
952140,12,5,2021,2025
956423,12,2,2024,2025
959073,12,2,2025,2026
972008,12,2,2024,2025
973318,12,3,2024,2026
974668,12,3,2024,2026
974968,12,2,2024,2025
989824,12,2,2022,2023
1014843,12,4,2021,2026
1023746,12,2,2022,2023
1106413,12,3,2021,2025
1106462,12,1,2025,2025
1113775,12,3,2023,2025
1122704,12,3,2023,2026
1125047,12,3,2023,2025
1129961,12,2,2024,2025
1146642,12,2,2024,2025
1185593,12,3,2021,2024
1188017,12,2,2023,2024
1227955,12,2,2021,2022
1255129,12,3,2021,2023
1269273,12,4,2022,2026
1282289,12,3,2022,2024
1297817,12,2,2023,2024
1301647,12,3,2022,2024
1312509,12,1,2024,2024
1350466,12,2,2021,2022
1368560,12,2,2025,2026
1369304,12,6,2021,2026
1383832,12,1,2025,2025
1388901,12,3,2024,2026
1400269,12,3,2020,2022
1427695,12,4,2021,2024
1428739,12,5,2021,2026
1493830,12,4,2023,2026
1761979,12,5,2021,2025
1785162,12,5,2021,2026
1787700,12,5,2022,2026
1805878,12,3,2023,2025
1845323,12,3,2021,2023
1868951,12,4,2021,2025
1926165,12,5,2022,2026
1970419,12,4,2020,2025
1990871,12,3,2023,2025
2007575,12,5,2021,2025
2058765,12,3,2020,2022
2126089,12,4,2022,2025
2138148,12,4,2022,2026
2158459,12,3,2024,2026
2160248,12,6,2021,2026
2292504,12,4,2021,2025
2343700,12,4,2021,2024
2360899,12,3,2023,2025
2362396,12,3,2023,2025
2397513,12,2,2025,2026
2426646,12,4,2022,2025
2591519,12,3,2021,2024
2675493,12,3,2021,2024
2747668,12,5,2021,2026
2803412,12,4,2023,2026
2812114,12,3,2020,2023
2837904,12,4,2022,2025
2956300,12,3,2022,2025
3041102,12,5,2021,2025
3103677,12,4,2022,2025
3120147,12,4,2021,2025
3177062,12,2,2024,2025
3194985,12,4,2021,2024
3196407,12,3,2020,2024
3233622,12,4,2021,2026
3244926,12,5,2022,2026
3265458,12,4,2022,2025
3289835,12,3,2023,2025
3307585,12,5,2021,2025
3310366,12,2,2021,2022
3326574,12,5,2021,2025
3382816,12,3,2023,2025
3397105,12,4,2023,2026
3444783,12,4,2022,2025
3457221,12,2,2024,2025
3547141,12,5,2021,2026
3601458,12,3,2024,2026
3601459,12,4,2022,2026
3674472,12,3,2022,2024
3675674,12,4,2021,2024
3682269,12,5,2021,2025
3743740,12,3,2021,2023
3778384,12,4,2022,2025
3788027,12,4,2022,2025
3819356,12,4,2022,2025
3830761,12,2,2025,2026
3985224,12,4,2021,2025
4009812,12,3,2022,2025
4077426,12,5,2021,2025
4123010,12,1,2023,2023
4134813,12,2,2025,2026
4189892,12,1,2025,2025
4218527,12,2,2023,2024
4232881,12,5,2021,2026
4275651,12,4,2022,2025
4327655,12,3,2021,2025
4430466,12,4,2021,2024
4448607,12,5,2021,2026
4501482,12,5,2020,2025
4512332,12,4,2021,2024
4527687,12,3,2024,2026
4532032,12,3,2021,2025
4543749,12,1,2023,2023
4614340,12,4,2021,2025
4621532,12,3,2022,2025
4633114,12,4,2021,2025
4736712,12,2,2023,2024
4751197,12,5,2021,2025
4848786,12,4,2022,2025
4871113,12,5,2022,2026
4886167,12,3,2024,2026
4933093,12,5,2021,2025
4939285,12,3,2024,2026
4962384,12,4,2023,2026
4976886,12,4,2022,2025
5139117,12,4,2020,2024
5139150,12,3,2021,2024
5162510,12,4,2022,2025
5269205,12,6,2020,2026
5328302,12,4,2022,2025
5459354,12,3,2023,2025
5461368,12,3,2022,2024
5521631,12,4,2021,2024
5550735,12,4,2021,2025
5594563,12,3,2023,2025
5628192,12,3,2021,2023
5672194,12,5,2021,2025
5708674,12,5,2022,2026
5746425,12,5,2022,2026
5746812,12,5,2022,2026
5752179,12,4,2020,2025
5754137,12,3,2022,2024
5813453,12,4,2022,2025
5828007,12,3,2023,2025
5859970,12,1,2024,2024
5912252,12,3,2023,2025
5947071,12,5,2021,2025
5969350,12,2,2021,2022
6022383,12,4,2021,2026
6037399,12,3,2024,2026
6105094,12,4,2021,2024
6180762,12,5,2020,2025
6193238,12,2,2025,2026
6214551,12,4,2020,2025
6251543,12,2,2022,2023
6281135,12,4,2022,2025
6326303,12,3,2022,2025
6327824,12,5,2022,2026
6332979,12,3,2023,2025
6333793,12,5,2022,2026
6340712,12,5,2021,2025
6499963,12,4,2021,2025
6521561,12,4,2021,2025
6546742,12,5,2020,2024
6613828,12,4,2021,2026
6615214,12,4,2022,2025
6691700,12,5,2020,2025
6703441,12,5,2022,2026
6717937,12,3,2023,2025
6837453,12,5,2021,2025
6992596,12,3,2023,2025
6993482,12,4,2022,2025
7068162,12,4,2021,2025
7099273,12,5,2021,2025
7104216,12,2,2022,2024
7195010,12,4,2021,2024
7241967,12,2,2024,2025
7263132,12,1,2021,2021
7352157,12,3,2022,2025
7502250,12,1,2025,2025
7646709,12,1,2023,2023
7682766,12,2,2024,2025
7685283,12,4,2022,2025
7729297,12,2,2022,2023
7825118,12,1,2025,2025
7887514,12,3,2021,2023
7891671,12,4,2022,2025
7944758,12,3,2023,2025
7952935,12,3,2022,2024
8023479,12,1,2021,2021
8091306,12,2,2023,2024
8386389,12,5,2021,2025
8512322,12,3,2023,2025
8558743,12,3,2024,2026
8623953,12,5,2022,2026
8800138,12,4,2023,2026
8833193,12,4,2022,2025
8908814,12,1,2023,2023
8913784,12,4,2022,2025
9129307,12,3,2022,2024
9255247,12,5,2021,2025
9386501,12,5,2021,2026
9477241,12,3,2023,2025
10216146,12,4,2023,2026
10485205,12,6,2021,2026
10702569,12,5,2020,2024
11455128,12,2,2024,2025
11480998,12,3,2024,2026
11518431,12,5,2020,2025
11684961,12,3,2023,2025
11705528,12,5,2021,2025
12073945,12,3,2024,2026
12145106,12,4,2023,2026
12377734,12,4,2023,2026
12433554,12,3,2022,2024
12457526,12,4,2022,2025
12799688,12,2,2025,2026
12970822,12,7,2020,2026
13183360,12,5,2022,2026
13316956,12,6,2020,2025
13490478,12,5,2022,2026
13510220,12,4,2022,2026
13535766,12,6,2021,2026
13599136,12,2,2022,2023
13627917,12,3,2023,2025
13899336,12,4,2021,2024
14157896,12,3,2023,2025
14701914,12,2,2023,2024
14993550,12,4,2020,2024
15110476,12,3,2022,2025
15125713,12,2,2024,2026
15133883,12,4,2022,2025
15354433,12,2,2025,2026
15589628,12,3,2023,2025
15816813,12,3,2023,2025
15844399,12,2,2022,2023
16059032,12,3,2023,2025
16065172,12,3,2023,2025
16071540,12,5,2020,2024
16206684,12,3,2022,2024
16456185,12,4,2022,2025
16486748,12,4,2023,2026
16949076,12,4,2021,2025
17291081,12,4,2021,2024
17382657,12,4,2022,2025
17388684,12,6,2020,2026
17502394,12,4,2021,2024
17672337,12,2,2024,2025
17737617,12,1,2024,2024
17960982,12,2,2022,2023
17967537,12,2,2024,2025
18187575,12,3,2022,2025
18212644,12,4,2020,2023
18398033,12,3,2023,2025
18406830,12,4,2022,2025
18514316,12,6,2020,2025
18619202,12,4,2023,2026
18695669,12,6,2021,2026
18765669,12,4,2023,2026
18807707,12,2,2024,2025
18828002,12,2,2023,2025
18907035,12,4,2021,2025
19260420,12,4,2022,2025
19497795,12,4,2022,2025
19589581,12,5,2021,2025
19729458,12,2,2021,2024
19866955,12,5,2022,2026
20042457,12,6,2021,2026
20076523,12,3,2022,2024
20077867,12,3,2022,2025
20322732,12,3,2022,2024
20393717,12,3,2021,2024
20408300,12,5,2021,2025
20519981,12,2,2022,2023
20540773,12,5,2021,2026
20571344,12,1,2021,2021
20921455,12,2,2022,2025
20921805,12,4,2022,2025
21121896,12,3,2023,2025
21516825,12,3,2022,2025
21916301,12,2,2024,2025
22170919,12,3,2024,2026
22176284,12,5,2021,2025
22178114,12,4,2021,2026
22212535,12,6,2019,2026
22241662,12,5,2021,2025
22245905,12,3,2022,2024
22259720,12,3,2021,2023
22778922,12,1,2022,2022
22785790,12,2,2024,2025
22874026,12,3,2023,2025
22878291,12,4,2022,2026
22942164,12,5,2021,2026
23012493,12,3,2022,2024
23157070,12,5,2022,2026
23174578,12,3,2023,2025
23236952,12,3,2022,2025
23596307,12,6,2021,2026
23596367,12,2,2024,2025
23612139,12,3,2023,2025
23703595,12,2,2022,2023
24038315,12,5,2022,2026
24220637,12,2,2023,2024
24235335,12,2,2025,2026
24436626,12,5,2022,2026
24628145,12,2,2022,2023
24811884,12,3,2023,2025
24890608,12,2,2024,2025
26486719,12,6,2021,2026
26505975,12,3,2022,2024
26548255,12,3,2023,2025
26561941,12,3,2023,2025
26570452,12,2,2023,2024
26609967,12,3,2024,2026
26617981,12,4,2022,2025
26618921,12,6,2021,2026
26667211,12,3,2023,2025
26695797,12,3,2023,2025
26961004,12,4,2023,2026
49739168,12,4,2023,2026
49754255,12,3,2023,2025
92772226,12,2,2024,2025
92773683,12,5,2021,2025
92855318,12,4,2023,2026
92869018,12,3,2022,2024
93109136,12,4,2021,2025
93128688,12,4,2023,2026
93129693,12,1,2023,2023
93174697,12,3,2023,2026
93225401,12,2,2021,2022
93252170,12,3,2023,2025
93304234,12,2,2024,2025
93307425,12,2,2024,2025
93351733,12,5,2022,2026
93360679,12,4,2022,2025
93444611,12,3,2023,2025
93499457,12,3,2023,2025
93535234,12,4,2022,2025
93604968,12,2,2023,2024
93707159,12,6,2021,2026
93717556,12,5,2021,2025
93740476,12,2,2024,2025
93899181,12,4,2023,2026
94156380,12,3,2023,2025
94239868,12,2,2024,2025
94376801,12,3,2023,2025
94532371,12,2,2024,2025
94608295,12,4,2023,2026
94689470,12,4,2023,2026
94790944,12,3,2022,2025
94864997,12,2,2024,2025
95098046,12,2,2023,2024
95172367,12,2,2024,2025
95271953,12,3,2023,2025
95297617,12,3,2023,2025
95342818,12,2,2025,2026
95459377,12,3,2024,2026
95621201,12,1,2025,2025
95693069,12,2,2023,2024
95720116,12,2,2023,2024
95782810,12,4,2023,2026
95871903,12,3,2023,2025
95877366,12,4,2023,2026
95897175,12,3,2023,2025
95898849,12,4,2022,2025
95954073,12,4,2023,2026
95990008,12,3,2023,2025
96015534,12,3,2023,2025
96149788,12,4,2022,2025
96224335,12,2,2025,2026
96242680,12,3,2023,2025
96388128,12,2,2020,2021
96426483,12,3,2023,2025
97148206,12,3,2023,2025
98369988,12,3,2023,2025
98754599,12,2,2024,2025
99619588,12,3,2024,2026
100415666,12,2,2024,2025
100443252,12,4,2021,2024
100824387,12,1,2025,2025
100981450,12,2,2025,2026
101040945,12,2,2024,2025
101369717,12,3,2023,2025
101384350,12,2,2023,2024
102059459,12,2,2025,2026
4869,11,4,2019,2022
7917,11,2,2024,2025
27760,11,4,2021,2024
31635,11,2,2023,2024
33486,11,3,2022,2024
71436,11,2,2024,2025
90587,11,1,2025,2025
99381,11,4,2021,2025
103684,11,4,2023,2026
110042,11,2,2022,2023
130972,11,3,2023,2025
137523,11,1,2025,2025
144497,11,2,2024,2025
149592,11,6,2020,2025
157694,11,3,2022,2025
159584,11,1,2023,2023
178138,11,5,2021,2025
186322,11,6,2020,2025
208483,11,3,2020,2025
219789,11,2,2021,2024
223675,11,4,2020,2023
232088,11,3,2023,2025
243686,11,3,2023,2025
244362,11,1,2025,2025
254912,11,2,2021,2025
262613,11,2,2021,2022
269150,11,4,2021,2024
283603,11,4,2021,2024
285514,11,5,2022,2026
288606,11,2,2022,2024
294272,11,2,2023,2024
302515,11,4,2023,2026
315964,11,5,2021,2025
316110,11,3,2021,2025
324293,11,2,2023,2024
325816,11,1,2022,2022
326298,11,3,2024,2026
356301,11,2,2025,2026
365648,11,3,2023,2025
378103,11,3,2021,2025
397202,11,2,2025,2026
397710,11,5,2020,2026
413852,11,2,2023,2025
417234,11,1,2023,2023
420260,11,1,2025,2025
436314,11,1,2024,2024
440508,11,3,2022,2025
443318,11,1,2021,2021
454346,11,2,2020,2021
466094,11,3,2021,2023
473589,11,1,2022,2022
486673,11,5,2022,2026
493504,11,1,2025,2025
495542,11,1,2024,2024
497116,11,3,2023,2025
510585,11,3,2023,2025
521464,11,4,2021,2025
543489,11,4,2022,2025
580838,11,4,2023,2026
586941,11,3,2022,2024
599435,11,3,2020,2022
643874,11,2,2021,2022
660563,11,1,2023,2023
672703,11,2,2025,2026
695228,11,5,2022,2026
714195,11,4,2020,2025
729394,11,4,2021,2025
741266,11,4,2022,2026
747910,11,5,2018,2026
748436,11,4,2021,2025
760978,11,2,2024,2025
767562,11,4,2021,2025
771825,11,3,2023,2026
776190,11,3,2024,2026
783367,11,5,2022,2026
842690,11,3,2023,2025
844909,11,1,2023,2023
862504,11,5,2020,2026
864645,11,3,2023,2025
868434,11,1,2025,2025
907646,11,3,2024,2026
907946,11,2,2023,2024
921372,11,1,2025,2025
930585,11,2,2024,2025
933453,11,5,2021,2026
935059,11,3,2023,2025
943508,11,2,2025,2026
949969,11,5,2022,2026
953287,11,2,2025,2026
974560,11,4,2021,2025
975934,11,2,2023,2024
979281,11,6,2020,2025
983784,11,3,2022,2024
1009199,11,4,2021,2025
1011442,11,1,2025,2025
1015482,11,2,2025,2026
1020516,11,2,2021,2022
1040266,11,2,2024,2025
1063328,11,1,2021,2021
1069366,11,3,2021,2023
1088601,11,4,2022,2025
1123380,11,4,2021,2025
1127197,11,2,2024,2025
1139320,11,1,2025,2025
1146973,11,2,2023,2024
1164084,11,4,2023,2026
1168608,11,5,2021,2026
1171831,11,3,2021,2024
1174726,11,2,2023,2024
1199229,11,4,2023,2026
1206532,11,4,2022,2025
1228918,11,1,2025,2025
1231832,11,1,2023,2023
1241837,11,2,2022,2023
1266312,11,4,2021,2025
1268016,11,2,2023,2024
1277709,11,4,2021,2025
1290858,11,1,2025,2025
1314252,11,2,2024,2025
1343892,11,1,2025,2025
1346841,11,5,2020,2024
1359716,11,3,2020,2025
1360120,11,3,2024,2026
1370301,11,4,2021,2025
1411246,11,2,2023,2024
1484330,11,2,2022,2023
1511943,11,2,2025,2026
1648152,11,2,2021,2022
1651109,11,3,2022,2024
1670536,11,4,2023,2026
1675964,11,4,2022,2026
1705300,11,5,2021,2025
1731639,11,2,2025,2026
1744732,11,3,2023,2025
1746669,11,5,2022,2026
1764117,11,3,2024,2026
1811018,11,4,2020,2023
1836571,11,4,2021,2024
1857485,11,4,2022,2025
1919823,11,4,2021,2024
1921441,11,1,2025,2025
2014529,11,3,2022,2025
2028456,11,3,2023,2025
2077011,11,4,2023,2026
2079524,11,4,2022,2025
2095446,11,4,2020,2025
2100086,11,5,2022,2026
2106024,11,4,2021,2025
2148106,11,3,2020,2022
2183003,11,5,2021,2025
2240307,11,2,2025,2026
2282261,11,4,2022,2025
2305131,11,2,2023,2024
2359387,11,3,2020,2023
2554008,11,5,2021,2025
2559375,11,5,2021,2026
2561261,11,1,2022,2022
2574923,11,4,2020,2023
2576032,11,4,2021,2024
2601021,11,4,2022,2025
2682612,11,4,2021,2025
2686449,11,4,2021,2025
2746918,11,4,2021,2024
2785528,11,3,2022,2024
2785960,11,2,2022,2023
2877433,11,3,2023,2025
2880672,11,1,2022,2022
2945614,11,4,2021,2025
2960800,11,4,2023,2026
3042053,11,2,2020,2021
3055341,11,5,2021,2025
3085178,11,3,2024,2026
3103284,11,3,2023,2025
3131374,11,3,2021,2023
3139527,11,4,2021,2024
3141028,11,4,2020,2023
3169508,11,4,2020,2023
3175013,11,2,2025,2026
3186580,11,5,2022,2026
3352829,11,4,2021,2024
3427029,11,2,2023,2024
3431448,11,2,2024,2025
3435319,11,4,2023,2026
3441907,11,5,2021,2025
3451909,11,3,2022,2026
3525330,11,4,2023,2026
3527331,11,2,2024,2025
3581675,11,2,2024,2025
3638378,11,5,2020,2026
3655351,11,5,2021,2026
3702413,11,3,2021,2025
3737044,11,3,2022,2025
3768249,11,4,2022,2025
3805190,11,3,2023,2025
3827675,11,3,2021,2025
3839005,11,2,2024,2025
3844647,11,5,2022,2026
3965309,11,2,2022,2023
3984756,11,4,2022,2025
3986713,11,4,2021,2025
4030145,11,4,2022,2025
4057856,11,4,2022,2025
4087945,11,1,2022,2022
4154939,11,3,2021,2024
4155473,11,2,2022,2023
4163359,11,3,2023,2025
4214400,11,5,2021,2025
4240969,11,4,2022,2025
4267971,11,4,2023,2026
4284083,11,3,2022,2025
4317918,11,5,2021,2025
4411778,11,5,2021,2026
4412990,11,3,2024,2026
4446718,11,6,2020,2025
4452236,11,5,2021,2025
4461992,11,4,2020,2024
4486906,11,5,2020,2025
4496380,11,6,2021,2026
4506566,11,4,2022,2025
4521109,11,1,2025,2025
4532733,11,3,2022,2025
4572723,11,2,2020,2021
4624755,11,3,2024,2026
4654548,11,4,2021,2026
4659584,11,3,2022,2025
4695450,11,4,2021,2025
4706584,11,3,2022,2025
4772413,11,5,2021,2025
4830589,11,4,2023,2026
4850214,11,3,2021,2023
4862487,11,5,2021,2025
4877368,11,3,2022,2025
4881462,11,3,2022,2024
4916456,11,2,2023,2025
4925084,11,1,2025,2025
4928198,11,4,2023,2026
4971969,11,4,2020,2025
5068876,11,5,2021,2025
5125098,11,6,2020,2025
5126625,11,5,2021,2025
5128743,11,4,2021,2025
5160656,11,5,2020,2026
5207336,11,3,2021,2025
5241848,11,3,2021,2023
5273329,11,5,2022,2026
5291438,11,3,2023,2025
5341062,11,4,2022,2026
5365960,11,4,2021,2026
5406951,11,3,2022,2025
5432058,11,4,2022,2026
5440212,11,3,2023,2025
5475809,11,4,2021,2024
5488240,11,3,2023,2025
5495068,11,4,2022,2025
5501001,11,4,2022,2025
5572236,11,2,2023,2024
5595207,11,5,2022,2026
5598759,11,5,2021,2025
5628052,11,5,2021,2025
5684222,11,4,2022,2025
5741358,11,4,2022,2025
5758670,11,3,2022,2024
5773995,11,1,2024,2024
5845232,11,4,2022,2025
5903809,11,5,2021,2025
5942145,11,3,2024,2026
5953930,11,3,2022,2026
5986253,11,4,2021,2025
5996841,11,5,2021,2025
6006455,11,3,2021,2024
6021814,11,2,2024,2025
6031720,11,3,2023,2025
6078345,11,2,2024,2025
6088439,11,3,2020,2023
6178755,11,2,2024,2025
6207931,11,3,2023,2025
6213714,11,3,2021,2023
6354566,11,3,2021,2023
6390303,11,4,2022,2025
6461018,11,3,2023,2025
6527745,11,3,2021,2024
6602967,11,5,2021,2026
6615983,11,2,2021,2022
6649534,11,2,2025,2026
6753407,11,2,2023,2025
6759607,11,3,2021,2023
6772023,11,5,2021,2025
6843642,11,3,2023,2025
6845582,11,5,2021,2026
6891960,11,2,2025,2026
6915864,11,2,2024,2025
6922884,11,4,2020,2025
6935800,11,3,2023,2025
7176471,11,3,2023,2025
7177009,11,2,2024,2025
7208983,11,3,2024,2026
7284813,11,2,2023,2025
7289694,11,4,2021,2024
7289697,11,2,2025,2026
7381819,11,3,2023,2025
7418885,11,3,2023,2025
7520714,11,2,2024,2025
7646134,11,3,2023,2025
7657246,11,4,2023,2026
7665611,11,3,2021,2025
7742314,11,5,2021,2025
7744246,11,5,2021,2026
7772998,11,1,2023,2023
7828113,11,4,2021,2024
7845240,11,4,2023,2026
7853651,11,1,2024,2024
7868803,11,5,2021,2025
7937215,11,3,2024,2026
8061619,11,1,2025,2025
8104794,11,4,2022,2026
8343423,11,2,2024,2025
8457131,11,2,2025,2026
8481605,11,4,2022,2025
8681752,11,5,2022,2026
8688258,11,1,2021,2021
8958984,11,4,2022,2025
8959797,11,3,2022,2024
9062983,11,1,2025,2025
9141867,11,4,2021,2025
9265808,11,6,2021,2026
9268697,11,4,2022,2025
9409524,11,5,2021,2025
9555473,11,5,2022,2026
9567502,11,3,2021,2023
9645884,11,3,2022,2026
9968246,11,4,2022,2025
10142823,11,2,2024,2025
10362473,11,3,2022,2024
10509170,11,3,2022,2025
10584717,11,3,2024,2026
10703981,11,3,2022,2024
10809248,11,7,2020,2026
11195630,11,4,2022,2026
11338718,11,3,2022,2024
11562122,11,5,2021,2026
11620994,11,1,2025,2025
11695283,11,4,2021,2024
11712952,11,5,2020,2024
11774708,11,3,2022,2026
11798851,11,2,2025,2026
11823794,11,4,2021,2024
11891952,11,2,2023,2025
11958750,11,4,2023,2026
12050186,11,3,2023,2025
12291881,11,4,2021,2025
12361306,11,3,2021,2023
12800624,11,4,2021,2025
12916647,11,2,2024,2025
12940252,11,2,2024,2025
13178737,11,2,2024,2025
13180417,11,3,2023,2025
13377546,11,4,2022,2025
13388559,11,4,2022,2025
13475122,11,2,2022,2023
13489948,11,4,2022,2025
13490920,11,3,2023,2025
13501969,11,4,2022,2025
13747629,11,1,2022,2022
13842094,11,1,2022,2022
13897403,11,2,2023,2024
13906340,11,3,2022,2025
14321888,11,3,2021,2023
14566984,11,5,2021,2025
14569386,11,3,2023,2025
14587671,11,2,2025,2026
14793459,11,4,2022,2025
14895808,11,4,2020,2024
14919978,11,2,2025,2026
15199453,11,1,2024,2024
15330386,11,2,2025,2026
15517303,11,3,2022,2025
15826203,11,3,2022,2024
15951976,11,2,2023,2024
16173301,11,4,2022,2025
16312562,11,3,2021,2024
16372518,11,3,2023,2025
16438451,11,3,2021,2023
16491402,11,4,2022,2025
16659912,11,4,2021,2024
16709664,11,3,2022,2025
17054273,11,3,2024,2026
17057973,11,5,2022,2026
17156568,11,1,2025,2025
17413540,11,2,2021,2022
18041041,11,3,2022,2025
18075131,11,3,2023,2025
18143564,11,5,2021,2025
18265768,11,2,2021,2022
18275188,11,2,2024,2025
18281078,11,2,2020,2025
18849722,11,5,2021,2025
18932095,11,4,2022,2026
18971359,11,4,2022,2026
18982818,11,5,2021,2026
18985512,11,4,2023,2026
18999937,11,1,2025,2025
19015090,11,2,2021,2023
19094741,11,5,2021,2026
19264791,11,4,2021,2024
19347667,11,6,2021,2026
19425353,11,3,2022,2025
19626354,11,3,2022,2025
19735272,11,2,2021,2022
20921708,11,5,2022,2026
20930678,11,2,2024,2025
20990623,11,1,2026,2026
21013164,11,3,2022,2025
21022460,11,1,2022,2022
21075232,11,3,2022,2024
21379056,11,4,2022,2025
21782667,11,3,2023,2025
21926982,11,4,2022,2025
21979156,11,6,2021,2026
22086792,11,1,2022,2022
22142605,11,2,2024,2025
22147647,11,3,2023,2025
22198056,11,4,2022,2025
22245663,11,3,2024,2026
22383906,11,2,2024,2025
22447025,11,2,2023,2024
22787328,11,4,2021,2026
22936811,11,2,2024,2025
23044103,11,4,2023,2026
23087181,11,2,2023,2024
23202025,11,4,2022,2026
23484141,11,4,2022,2025
23804127,11,4,2023,2026
23859805,11,4,2021,2025
23945688,11,3,2023,2025
24268126,11,4,2021,2025
24389389,11,3,2023,2025
24460970,11,2,2024,2025
24491300,11,4,2023,2026
24822537,11,3,2023,2025
25058036,11,1,2025,2025
26449443,11,3,2023,2025
26467449,11,4,2023,2026
26566466,11,5,2022,2026
26645314,11,3,2022,2025
26750544,11,4,2022,2025
26753092,11,2,2023,2024
49788897,11,5,2022,2026
81401341,11,3,2023,2025
90569941,11,3,2024,2026
90572369,11,3,2024,2026
92773696,11,4,2022,2026
92791620,11,3,2021,2026
92861786,11,2,2024,2025
92883058,11,3,2024,2026
92933384,11,1,2025,2025
93034114,11,5,2021,2025
93051851,11,4,2022,2025
93096942,11,3,2023,2025
93163901,11,3,2022,2024
93242429,11,3,2020,2022
93308948,11,3,2023,2025
93352585,11,5,2021,2025
93361163,11,3,2023,2025
93395005,11,2,2025,2026
93523874,11,4,2023,2026
93555733,11,2,2024,2025
93656585,11,2,2025,2026
93683508,11,2,2024,2026
93691282,11,5,2022,2026
93750863,11,3,2023,2025
93960517,11,3,2023,2025
94091755,11,3,2023,2025
94130932,11,2,2023,2024
94224082,11,4,2023,2026
94242729,11,3,2023,2025
94251121,11,3,2024,2026
94479034,11,4,2023,2026
94480973,11,3,2023,2025
94487155,11,4,2023,2026
94602877,11,3,2023,2025
94680120,11,3,2023,2025
94811671,11,1,2023,2023
95000982,11,4,2023,2026
95073716,11,3,2023,2025
95191789,11,4,2023,2026
95318642,11,4,2022,2025
95523230,11,1,2025,2025
95560458,11,5,2022,2026
95636576,11,4,2023,2026
95716123,11,3,2023,2026
95855133,11,3,2024,2026
95905380,11,3,2024,2026
95989028,11,3,2023,2025
96032546,11,3,2023,2025
96132593,11,3,2024,2026
96248263,11,2,2024,2025
96305908,11,3,2023,2025
96346215,11,3,2023,2025
96468478,11,2,2023,2025
96517951,11,4,2023,2026
96558219,11,2,2024,2025
96593152,11,3,2024,2026
96706992,11,3,2024,2026
96724954,11,3,2023,2025
96801325,11,3,2024,2026
96801680,11,3,2024,2026
96870835,11,3,2024,2026
96914399,11,3,2024,2026
96926199,11,3,2024,2026
97083791,11,3,2024,2026
97176300,11,3,2024,2026
97211408,11,1,2025,2025
97295965,11,3,2024,2026
97622347,11,3,2024,2026
97667970,11,3,2024,2026
97784212,11,1,2025,2025
97955838,11,2,2024,2025
98034917,11,1,2025,2025
98283730,11,3,2023,2025
99347658,11,2,2024,2025
99788841,11,2,2025,2026
99974666,11,2,2025,2026
100021284,11,3,2020,2022
100654160,11,2,2025,2026
100907234,11,2,2025,2026
101512447,11,1,2025,2025
102246468,11,2,2025,2026
2687,10,1,2025,2025
2886,10,4,2022,2026
4044,10,3,2020,2024
14602,10,5,2021,2026
16683,10,2,2024,2025
34712,10,4,2021,2024
36765,10,3,2021,2024
41415,10,2,2025,2026
41692,10,4,2022,2025
53638,10,1,2024,2024
69858,10,3,2023,2025
83747,10,2,2024,2025
93620,10,2,2022,2023
101761,10,2,2024,2025
108534,10,3,2024,2026
119622,10,3,2023,2025
124622,10,5,2022,2026
127239,10,3,2023,2025
135399,10,4,2022,2025
138497,10,3,2024,2026
148736,10,2,2024,2025
157586,10,2,2023,2024
160784,10,3,2024,2026
162217,10,2,2025,2026
167042,10,2,2021,2022
172286,10,3,2023,2025
174232,10,2,2022,2023
189777,10,1,2025,2025
194530,10,3,2024,2026
200513,10,3,2018,2020
214506,10,1,2025,2025
221910,10,3,2021,2026
229373,10,1,2024,2024
241566,10,1,2025,2025
252617,10,1,2023,2023
252797,10,1,2021,2021
266215,10,5,2021,2025
267220,10,4,2022,2026
273951,10,2,2024,2025
284941,10,2,2024,2025
289788,10,5,2020,2025
293716,10,3,2021,2023
311464,10,2,2023,2024
325011,10,2,2024,2026
336679,10,3,2022,2024
354846,10,4,2022,2025
361110,10,2,2025,2026
361356,10,1,2025,2025
368623,10,1,2022,2022
373054,10,4,2020,2026
376121,10,5,2021,2025
382720,10,3,2022,2024
398390,10,3,2023,2025
431670,10,3,2022,2024
432551,10,2,2024,2025
454000,10,4,2023,2026
455100,10,3,2024,2026
463720,10,3,2023,2025
511509,10,3,2020,2022
531320,10,2,2025,2026
534260,10,4,2022,2025
539396,10,3,2021,2026
577013,10,4,2022,2025
585373,10,3,2022,2024
591737,10,1,2025,2025
593908,10,3,2021,2024
615227,10,2,2025,2026
646816,10,4,2020,2023
648550,10,1,2025,2025
650747,10,2,2023,2024
658745,10,2,2021,2025
676671,10,1,2025,2025
700760,10,5,2021,2025
704326,10,2,2020,2025
720574,10,3,2024,2026
727371,10,2,2022,2024
728371,10,2,2025,2026
748523,10,2,2024,2025
757073,10,5,2021,2025
776681,10,3,2021,2024
812390,10,2,2021,2022
822236,10,2,2023,2025
826212,10,1,2021,2021
836023,10,5,2021,2025
838351,10,4,2023,2026
845505,10,2,2021,2022
884082,10,3,2021,2025
894840,10,2,2025,2026
900443,10,2,2024,2025
901128,10,4,2021,2025
902179,10,5,2021,2025
910084,10,4,2022,2026
922006,10,3,2021,2026
934460,10,5,2022,2026
946350,10,3,2023,2025
954606,10,3,2022,2025
962307,10,2,2025,2026
968110,10,2,2025,2026
971392,10,4,2020,2024
981214,10,3,2023,2025
983084,10,4,2022,2025
987953,10,4,2022,2025
994512,10,5,2022,2026
999151,10,3,2021,2023
1012967,10,1,2025,2025
1016428,10,2,2025,2026
1021769,10,4,2021,2025
1040264,10,2,2020,2025
1084252,10,3,2021,2026
1095292,10,5,2021,2025
1095500,10,4,2021,2026
1154154,10,2,2022,2024
1193994,10,3,2024,2026
1218084,10,4,2022,2025
1221974,10,1,2021,2021
1222150,10,2,2021,2022
1227667,10,2,2023,2024
1231274,10,2,2022,2023
1232749,10,4,2022,2026
1234610,10,4,2023,2026
1271957,10,3,2021,2025
1274454,10,3,2021,2024
1287416,10,2,2023,2025
1293290,10,3,2021,2023
1306208,10,3,2024,2026
1309691,10,2,2024,2025
1322313,10,3,2023,2025
1334350,10,2,2023,2024
1359803,10,1,2024,2024
1371181,10,3,2024,2026
1372505,10,3,2022,2024
1426280,10,1,2024,2024
1428890,10,2,2025,2026
1442082,10,3,2024,2026
1465455,10,1,2025,2025
1494207,10,3,2022,2025
1612037,10,2,2021,2022
1637451,10,4,2023,2026
1638318,10,3,2022,2024
1713387,10,4,2020,2024
1718838,10,2,2022,2024
1721016,10,6,2020,2025
1723302,10,3,2021,2024
1724079,10,4,2023,2026
1727808,10,5,2022,2026
1745351,10,4,2021,2025
1845449,10,1,2024,2024
1877578,10,6,2020,2026
1967121,10,3,2021,2023
1995623,10,3,2024,2026
2006066,10,2,2020,2021
2040698,10,3,2023,2025
2050643,10,4,2023,2026
2058028,10,2,2024,2025
2121166,10,4,2023,2026
2123731,10,3,2023,2025
2126095,10,2,2022,2024
2186705,10,3,2023,2025
2191207,10,4,2020,2025
2195171,10,5,2022,2026
2255509,10,2,2023,2025
2291445,10,2,2022,2023
2327494,10,3,2021,2024
2377115,10,4,2021,2025
2406152,10,4,2022,2025
2511357,10,3,2021,2024
2513605,10,3,2021,2024
2524969,10,3,2023,2025
2542758,10,5,2021,2026
2586644,10,3,2023,2025
2629008,10,1,2024,2024
2649623,10,1,2025,2025
2720592,10,2,2024,2025
2861055,10,4,2021,2025
2882591,10,2,2022,2025
2927351,10,4,2021,2024
2943192,10,3,2022,2026
2945126,10,3,2020,2022
2981669,10,3,2021,2023
3029288,10,5,2020,2025
3038822,10,6,2020,2025
3050066,10,3,2023,2025
3051343,10,4,2020,2023
3095023,10,5,2021,2025
3124846,10,5,2021,2025
3167180,10,4,2021,2025
3214597,10,4,2022,2026
3246609,10,2,2022,2023
3264772,10,5,2021,2026
3375049,10,3,2021,2023
3387739,10,3,2021,2023
3397598,10,3,2023,2025
3526999,10,4,2021,2025
3551358,10,2,2024,2025
3583445,10,3,2022,2025
3641521,10,3,2021,2023
3648353,10,2,2024,2025
3658036,10,5,2021,2026
3689738,10,4,2022,2025
3716305,10,4,2020,2024
3793185,10,4,2022,2025
3844605,10,3,2023,2025
3848161,10,4,2023,2026
3855580,10,3,2022,2025
3856418,10,4,2022,2025
3885546,10,2,2023,2024
3899779,10,4,2021,2025
3932935,10,4,2023,2026
3977368,10,3,2024,2026
3979666,10,4,2021,2025
3984752,10,3,2023,2025
4099443,10,3,2020,2024
4134148,10,3,2021,2025
4145678,10,5,2022,2026
4148530,10,2,2021,2022
4191175,10,3,2022,2024
4248257,10,2,2021,2025
4258038,10,3,2023,2025
4302588,10,6,2021,2026
4304143,10,1,2024,2024
4391720,10,2,2023,2024
4399145,10,2,2023,2025
4438608,10,5,2021,2025
4447288,10,4,2022,2025
4455907,10,3,2023,2025
4528275,10,5,2020,2024
4532678,10,4,2022,2025
4586477,10,2,2024,2025
4668834,10,5,2020,2025
4680868,10,4,2021,2025
4723939,10,3,2023,2025
4795181,10,2,2022,2023
4796065,10,5,2021,2025
4819571,10,4,2023,2026
4843425,10,5,2021,2026
4864893,10,3,2020,2024
4873488,10,4,2023,2026
4879619,10,4,2023,2026
4880192,10,5,2021,2026
4904320,10,3,2021,2023
4957403,10,4,2021,2025
5000556,10,2,2023,2025
5079901,10,6,2021,2026
5120198,10,3,2023,2025
5132226,10,2,2023,2024
5270215,10,6,2020,2025
5297563,10,4,2023,2026
5337585,10,5,2021,2026
5342174,10,4,2021,2025
5363170,10,3,2022,2025
5394245,10,3,2021,2023
5406955,10,5,2021,2026
5413816,10,3,2023,2025
5427713,10,2,2024,2025
5445869,10,5,2022,2026
5446366,10,4,2022,2025
5481280,10,4,2021,2025
5516692,10,3,2024,2026
5557095,10,3,2023,2025
5580513,10,4,2022,2025
5581630,10,4,2021,2024
5595708,10,4,2021,2024
5644117,10,5,2020,2025
5666351,10,2,2024,2025
5684912,10,2,2024,2025
5696302,10,6,2020,2026
5746053,10,2,2020,2021
5758171,10,1,2024,2024
5758491,10,5,2021,2025
5841215,10,1,2022,2022
5882147,10,2,2021,2022
5892855,10,4,2023,2026
5938124,10,5,2021,2025
5946857,10,2,2022,2023
5979290,10,3,2021,2024
5996346,10,5,2021,2026
5998903,10,3,2022,2025
6007931,10,3,2023,2025
6013096,10,2,2022,2023
6057194,10,4,2021,2025
6228698,10,3,2022,2024
6233244,10,5,2020,2026
6290197,10,4,2021,2024
6305248,10,4,2023,2026
6323193,10,5,2020,2024
6328930,10,5,2020,2024
6340056,10,5,2021,2026
6340204,10,5,2021,2025
6359228,10,5,2021,2026
6360472,10,1,2025,2025
6396497,10,3,2022,2025
6410806,10,4,2021,2024
6456459,10,3,2023,2026
6547397,10,5,2022,2026
6564393,10,2,2023,2024
6568137,10,1,2025,2025
6614984,10,5,2022,2026
6657177,10,1,2021,2021
6706367,10,3,2023,2025
6706909,10,4,2021,2024
6719083,10,4,2021,2026
6817815,10,2,2022,2023
7008028,10,3,2021,2023
7009302,10,3,2022,2025
7059833,10,2,2024,2025
7084387,10,4,2021,2025
7112493,10,2,2021,2022
7185491,10,4,2021,2024
7206708,10,2,2024,2025
7259836,10,3,2023,2025
7289716,10,3,2020,2025
7381254,10,2,2025,2026
7387985,10,2,2024,2025
7399987,10,2,2024,2025
7471436,10,3,2023,2025
7562454,10,2,2023,2025
7666736,10,5,2020,2024
7735622,10,2,2024,2025
7747252,10,3,2021,2025
7774142,10,3,2022,2024
7807003,10,3,2023,2025
7862172,10,4,2021,2025
7877253,10,3,2022,2024
7898871,10,4,2022,2025
7928712,10,3,2023,2025
7935997,10,3,2021,2025
8097396,10,5,2021,2026
8125985,10,3,2023,2026
8134418,10,5,2021,2025
8136621,10,1,2025,2025
8241253,10,3,2022,2024
8287497,10,3,2023,2025
8303945,10,3,2024,2026
8463825,10,2,2022,2024
8635080,10,2,2025,2026
8707947,10,5,2021,2026
8713640,10,3,2022,2025
8731850,10,4,2022,2025
8865833,10,1,2025,2025
9007666,10,3,2023,2025
9104841,10,2,2024,2025
9129472,10,4,2021,2025
9693807,10,4,2022,2025
9998804,10,2,2024,2025
10004652,10,3,2023,2025
10692414,10,3,2021,2023
10793844,10,2,2024,2025
10881730,10,2,2023,2024
11094242,10,3,2024,2026
11159489,10,3,2024,2026
11337043,10,4,2023,2026
11350315,10,4,2022,2025
11357572,10,2,2022,2023
11445836,10,5,2021,2025
11557770,10,6,2020,2025
11652506,10,1,2025,2025
11695651,10,6,2020,2025
11877602,10,3,2022,2025
11903079,10,4,2022,2025
11916048,10,4,2021,2024
12005111,10,4,2022,2026
12093356,10,3,2021,2023
12230159,10,4,2022,2025
12310776,10,4,2021,2025
12357428,10,3,2024,2026
12379487,10,4,2020,2023
12429252,10,2,2022,2023
12917025,10,5,2021,2025
13048960,10,3,2024,2026
13149304,10,5,2021,2025
13214681,10,3,2023,2025
13401519,10,3,2022,2024
13485657,10,4,2021,2025
13562250,10,4,2021,2025
13576570,10,2,2022,2024
13603286,10,4,2021,2025
13645119,10,6,2021,2026
13758480,10,3,2022,2024
13841932,10,3,2022,2026
14197202,10,4,2022,2025
14212203,10,4,2023,2026
14382480,10,4,2022,2025
14425576,10,3,2021,2023
14507307,10,2,2024,2025
14578884,10,3,2023,2025
14710945,10,3,2023,2025
14936021,10,5,2021,2026
15186165,10,3,2023,2025
15243643,10,3,2023,2026
15257723,10,5,2020,2025
15440854,10,4,2022,2025
15489984,10,3,2020,2025
15531905,10,1,2025,2025
15568155,10,5,2021,2025
15602809,10,3,2024,2026
15744573,10,1,2024,2024
15784506,10,4,2021,2024
15956777,10,2,2021,2023
16039381,10,3,2023,2025
16071885,10,5,2022,2026
16274123,10,2,2024,2025
16461887,10,3,2023,2025
16575308,10,3,2022,2026
16661844,10,1,2022,2022
16694952,10,3,2023,2026
16916792,10,5,2021,2026
17056605,10,3,2022,2026
17165895,10,5,2021,2026
17390482,10,4,2023,2026
17444438,10,4,2021,2025
17517341,10,4,2020,2023
17799928,10,2,2022,2023
17884344,10,2,2023,2024
17962875,10,4,2022,2025
18202011,10,6,2020,2025
18210562,10,1,2021,2021
18314683,10,3,2022,2025
18365941,10,3,2021,2024
18481518,10,3,2021,2023
18641717,10,3,2020,2024
18874283,10,3,2023,2025
18935265,10,1,2024,2024
19001862,10,2,2025,2026
19060166,10,4,2022,2025
19098453,10,3,2024,2026
19344648,10,4,2022,2025
19625292,10,3,2022,2025
19746477,10,3,2024,2026
19782080,10,4,2022,2025
20020010,10,3,2022,2024
20174900,10,4,2023,2026
20323485,10,1,2023,2023
20351535,10,3,2021,2024
20356782,10,6,2021,2026
20468242,10,3,2022,2025
20928035,10,2,2024,2025
21102192,10,3,2022,2025
21314303,10,4,2022,2025
21325695,10,2,2022,2023
21511558,10,3,2024,2026
21588357,10,4,2023,2026
21674233,10,5,2022,2026
21932920,10,3,2022,2024
22158482,10,1,2023,2023
22159428,10,3,2021,2024
22206726,10,1,2025,2025
22209451,10,4,2023,2026
22312398,10,4,2022,2025
22370882,10,4,2023,2026
22885766,10,4,2022,2025
23110713,10,3,2022,2024
23120952,10,3,2022,2024
23237527,10,3,2022,2025
23252207,10,3,2023,2025
23632604,10,2,2025,2026
23636331,10,3,2023,2025
23781123,10,2,2022,2023
23856521,10,2,2023,2025
23920217,10,3,2021,2024
23928097,10,4,2021,2026
24141459,10,2,2024,2025
24306343,10,3,2023,2025
24356157,10,4,2022,2025
24367730,10,3,2023,2025
24435020,10,3,2022,2025
24435095,10,2,2024,2025
24492588,10,3,2022,2024
24519100,10,3,2024,2026
24713179,10,1,2025,2025
24750022,10,4,2023,2026
26408341,10,3,2022,2024
26413137,10,4,2022,2025
26463951,10,3,2023,2025
26554050,10,2,2023,2024
26624497,10,4,2022,2025
26671025,10,4,2022,2025
26803295,10,2,2024,2025
26941445,10,2,2023,2024
27738361,10,2,2022,2023
27838756,10,3,2023,2025
35484782,10,2,2023,2024
40859560,10,2,2023,2024
40871700,10,3,2023,2025
48487927,10,4,2023,2026
49750656,10,3,2023,2025
81402764,10,3,2023,2025
81409019,10,4,2022,2025
90563324,10,4,2023,2026
92765576,10,3,2024,2026
92773681,10,5,2021,2025
92798242,10,2,2024,2025
92809433,10,2,2024,2025
92811225,10,2,2024,2025
92849694,10,2,2025,2026
92853324,10,1,2025,2025
92936427,10,3,2024,2026
93025829,10,4,2021,2026
93045351,10,3,2024,2026
93128966,10,3,2023,2025
93154871,10,1,2025,2025
93166419,10,2,2023,2024
93180489,10,5,2022,2026
93221767,10,3,2022,2024
93231407,10,5,2021,2025
93233599,10,2,2024,2025
93267517,10,1,2025,2025
93305352,10,2,2023,2024
93321754,10,1,2025,2025
93334330,10,4,2021,2025
93435327,10,3,2022,2025
93468786,10,2,2025,2026
93478005,10,3,2024,2026
93480398,10,1,2023,2023
93517619,10,1,2021,2021
93644570,10,4,2022,2026
93654545,10,5,2021,2025
93689986,10,4,2023,2026
93941255,10,3,2024,2026
93973318,10,4,2023,2026
93973424,10,2,2023,2024
93973685,10,1,2024,2024
94079280,10,2,2024,2025
94241732,10,2,2025,2026
94381057,10,4,2023,2026
94517287,10,4,2023,2026
94532887,10,4,2022,2025
94624461,10,2,2025,2026
94794578,10,4,2023,2026
94960886,10,2,2022,2023
95098331,10,3,2023,2025
95150924,10,3,2023,2025
95263629,10,3,2023,2025
95298120,10,3,2023,2025
95342949,10,3,2024,2026
95464606,10,2,2024,2025
95469621,10,3,2023,2025
95502988,10,3,2024,2026
95583659,10,3,2022,2024
95700495,10,3,2023,2025
95716500,10,3,2023,2026
95756706,10,3,2023,2025
95776141,10,3,2023,2025
95816436,10,4,2023,2026
95893729,10,3,2023,2025
96029713,10,2,2024,2025
96203485,10,4,2023,2026
96323596,10,3,2023,2025
96411804,10,3,2023,2025
96490208,10,4,2021,2024
96831824,10,3,2023,2025
96873828,10,2,2024,2025
96897044,10,3,2024,2026
97016641,10,3,2023,2025
97119983,10,2,2024,2025
97177712,10,2,2025,2026
97364287,10,1,2024,2024
97463913,10,2,2024,2025
97478491,10,5,2021,2026
97619083,10,3,2022,2024
97762956,10,3,2024,2026
97805124,10,1,2024,2024
97812023,10,1,2025,2025
98112021,10,3,2024,2026
98353422,10,3,2024,2026
98494507,10,4,2021,2025
99838156,10,3,2024,2026
100113059,10,3,2023,2025
100680153,10,1,2025,2025
100975974,10,1,2025,2025
101076155,10,3,2024,2026
101275446,10,2,2025,2026
101338090,10,2,2025,2026
101509792,10,2,2025,2026
102224790,10,2,2024,2025
2034,9,3,2021,2025
32923,9,1,2021,2021
65330,9,3,2023,2026
74739,9,1,2025,2025
87991,9,3,2022,2026
96284,9,3,2022,2025
96784,9,2,2025,2026
98643,9,3,2023,2025
111605,9,1,2022,2022
121892,9,5,2022,2026
123093,9,3,2023,2025
132192,9,2,2023,2024
136878,9,3,2023,2025
141756,9,1,2023,2023
149130,9,2,2024,2025
151961,9,3,2023,2025
167546,9,3,2024,2026
175433,9,1,2025,2025
187061,9,1,2024,2024
224404,9,3,2023,2025
225653,9,3,2022,2024
235417,9,2,2024,2025
239954,9,2,2025,2026
240632,9,2,2022,2023
248286,9,2,2023,2024
257472,9,2,2023,2025
258587,9,3,2023,2025
266925,9,4,2022,2025
273494,9,1,2023,2023
274830,9,4,2021,2025
279146,9,3,2024,2026
295020,9,1,2025,2025
295392,9,3,2024,2026
297894,9,3,2021,2023
310923,9,5,2022,2026
312731,9,2,2023,2024
325802,9,4,2022,2025
339514,9,3,2022,2024
390825,9,1,2026,2026
405409,9,4,2022,2025
405685,9,2,2023,2024
421002,9,5,2020,2024
431637,9,4,2020,2023
455287,9,1,2024,2024
459184,9,3,2021,2023
464605,9,4,2020,2025
466947,9,3,2024,2026
468297,9,2,2024,2025
475014,9,3,2024,2026
479660,9,3,2022,2025
496750,9,3,2023,2025
513937,9,2,2021,2022
523258,9,1,2023,2023
526293,9,2,2022,2025
531607,9,2,2024,2025
531884,9,2,2020,2021
581803,9,3,2024,2026
588962,9,3,2023,2025
598083,9,3,2021,2025
621684,9,2,2021,2022
630539,9,4,2023,2026
635556,9,4,2022,2025
642144,9,2,2025,2026
648117,9,2,2023,2024
654980,9,3,2023,2025
660000,9,2,2025,2026
666772,9,4,2022,2025
669221,9,2,2024,2025
670915,9,2,2025,2026
677336,9,2,2024,2025
677870,9,4,2021,2024
683162,9,2,2023,2024
688495,9,1,2021,2021
689844,9,3,2024,2026
702022,9,3,2023,2025
712050,9,2,2024,2025
714844,9,1,2025,2025
720872,9,2,2025,2026
738080,9,2,2025,2026
740756,9,2,2021,2022
748714,9,3,2024,2026
770613,9,2,2022,2023
778455,9,3,2021,2026
783376,9,3,2023,2025
785231,9,6,2020,2025
793640,9,2,2023,2025
793763,9,1,2022,2022
795188,9,4,2021,2024
803929,9,5,2020,2024
805501,9,4,2022,2025
831846,9,3,2023,2025
834562,9,2,2022,2023
842228,9,4,2021,2024
868220,9,4,2023,2026
870478,9,3,2021,2024
872379,9,2,2021,2022
877693,9,2,2024,2025
878750,9,4,2022,2025
879619,9,3,2023,2025
881989,9,3,2023,2025
888252,9,3,2024,2026
889102,9,1,2024,2024
898073,9,1,2021,2021
900923,9,4,2022,2025
903518,9,7,2016,2025
909163,9,1,2023,2023
910269,9,2,2025,2026
915181,9,1,2021,2021
915251,9,3,2021,2025
928776,9,3,2023,2026
930019,9,2,2022,2023
934635,9,3,2020,2022
936338,9,1,2026,2026
937229,9,4,2022,2025
938055,9,3,2023,2025
939538,9,5,2022,2026
948528,9,2,2023,2024
950845,9,3,2023,2025
951964,9,2,2023,2024
956763,9,3,2023,2025
972713,9,3,2023,2025
977615,9,3,2023,2025
987569,9,1,2025,2025
994727,9,3,2021,2023
1010843,9,2,2021,2022
1012729,9,1,2024,2024
1026319,9,1,2023,2023
1027428,9,2,2023,2024
1031442,9,3,2023,2025
1045665,9,4,2022,2025
1061141,9,3,2022,2024
1090693,9,2,2024,2025
1106575,9,1,2024,2024
1130442,9,4,2023,2026
1137889,9,3,2022,2026
1159227,9,1,2022,2022
1162356,9,5,2020,2025
1173830,9,3,2022,2024
1174402,9,2,2024,2025
1178968,9,1,2023,2023
1186255,9,4,2023,2026
1187490,9,3,2021,2025
1220594,9,4,2022,2025
1226395,9,3,2023,2026
1230953,9,3,2024,2026
1236129,9,3,2024,2026
1238538,9,1,2021,2021
1254408,9,4,2021,2026
1270063,9,3,2021,2026
1274778,9,3,2022,2025
1277632,9,2,2025,2026
1304119,9,1,2023,2023
1306851,9,3,2023,2025
1317378,9,1,2025,2025
1324898,9,2,2023,2024
1325574,9,2,2021,2023
1335745,9,2,2021,2022
1337462,9,3,2020,2024
1343692,9,2,2025,2026
1371514,9,4,2023,2026
1374823,9,1,2023,2023
1379363,9,5,2020,2025
1418299,9,2,2023,2025
1425131,9,2,2024,2025
1443503,9,3,2022,2025
1482645,9,2,2024,2025
1482758,9,1,2021,2021
1658569,9,2,2024,2025
1674803,9,3,2022,2025
1685999,9,2,2024,2025
1741257,9,4,2022,2025
1753068,9,4,2021,2024
1802279,9,5,2020,2025
1829821,9,3,2022,2025
1832976,9,4,2022,2026
1834139,9,4,2021,2024
1847239,9,5,2022,2026
1876241,9,2,2024,2025
1901502,9,2,2024,2025
1926590,9,2,2022,2023
1928637,9,2,2024,2025
1931102,9,2,2024,2025
1964463,9,3,2023,2025
2014715,9,3,2022,2024
2047176,9,4,2021,2024
2053110,9,3,2024,2026
2059963,9,1,2024,2024
2092619,9,4,2022,2025
2128606,9,3,2023,2025
2149066,9,2,2022,2023
2202649,9,1,2022,2022
2208123,9,2,2025,2026
2253399,9,2,2024,2026
2276724,9,4,2021,2025
2299532,9,3,2023,2025
2330194,9,2,2024,2025
2360371,9,3,2023,2025
2370516,9,5,2020,2024
2400386,9,5,2021,2025
2411048,9,2,2024,2025
2420409,9,4,2022,2025
2611613,9,4,2022,2025
2645282,9,3,2021,2023
2683095,9,4,2022,2025
2707015,9,2,2024,2025
2713807,9,2,2020,2021
2767238,9,4,2022,2025
2797545,9,4,2021,2025
2842009,9,2,2021,2022
2849890,9,3,2023,2025
2874392,9,3,2024,2026
2882033,9,3,2023,2025
2889383,9,2,2023,2024
2958723,9,3,2022,2025
3013611,9,1,2024,2024
3029129,9,4,2022,2025
3036340,9,4,2021,2024
3111872,9,2,2024,2025
3137770,9,4,2021,2025
3142765,9,5,2020,2025
3149865,9,3,2023,2025
3151530,9,3,2022,2025
3158257,9,3,2023,2025
3199933,9,4,2023,2026
3208285,9,3,2024,2026
3230567,9,4,2022,2026
3233194,9,3,2023,2026
3238768,9,5,2022,2026
3268737,9,3,2022,2025
3276057,9,5,2020,2024
3354969,9,3,2021,2025
3385533,9,4,2023,2026
3390716,9,2,2024,2025
3395742,9,5,2021,2025
3397375,9,3,2023,2025
3397671,9,3,2023,2025
3399184,9,3,2022,2026
3399742,9,2,2021,2022
3431491,9,4,2021,2024
3435719,9,4,2023,2026
3439756,9,4,2021,2024
3452002,9,3,2021,2023
3455451,9,5,2022,2026
3479003,9,3,2024,2026
3507554,9,2,2025,2026
3546667,9,3,2023,2025
3549501,9,5,2020,2026
3631209,9,4,2022,2025
3690941,9,4,2022,2025
3720957,9,2,2020,2021
3730622,9,2,2023,2024
3741522,9,3,2021,2024
3751276,9,5,2021,2025
3790111,9,4,2020,2025
3802474,9,4,2022,2025
3805647,9,3,2024,2026
3844869,9,3,2023,2025
3844941,9,4,2022,2025
3845017,9,3,2022,2025
3857831,9,2,2021,2022
3883996,9,2,2023,2025
3932239,9,1,2024,2024
3973086,9,2,2025,2026
3984762,9,4,2021,2026
3984940,9,5,2021,2026
4012819,9,2,2025,2026
4066655,9,3,2023,2025
4078260,9,1,2021,2021
4108328,9,2,2024,2025
4123781,9,3,2023,2025
4208605,9,3,2022,2025
4289787,9,4,2021,2024
4328665,9,3,2022,2024
4362815,9,1,2025,2025
4400422,9,1,2022,2022
4425190,9,2,2022,2023
4445922,9,5,2022,2026
4447441,9,3,2023,2025
4454330,9,3,2023,2025
4478962,9,3,2021,2025
4503568,9,3,2021,2024
4521744,9,2,2024,2025
4558924,9,2,2024,2025
4579645,9,4,2021,2025
4661029,9,2,2022,2024
4662816,9,3,2023,2025
4670069,9,5,2021,2025
4672132,9,1,2025,2025
4681465,9,5,2021,2025
4702750,9,3,2022,2025
4709571,9,6,2020,2026
4772223,9,3,2022,2025
4890444,9,5,2020,2025
4896729,9,4,2022,2025
4909516,9,3,2023,2025
4919149,9,5,2020,2026
4919477,9,4,2023,2026
4922434,9,5,2021,2025
4933101,9,3,2024,2026
4937303,9,5,2020,2025
4955501,9,2,2022,2023
5003219,9,3,2020,2022
5099227,9,4,2022,2025
5171897,9,3,2023,2025
5232647,9,1,2023,2023
5243803,9,4,2022,2025
5270264,9,3,2023,2025
5272765,9,3,2023,2025
5298504,9,2,2025,2026
5321480,9,4,2021,2024
5339174,9,3,2022,2024
5388053,9,4,2022,2026
5397172,9,4,2023,2026
5409593,9,3,2023,2025
5429532,9,3,2024,2026
5440818,9,2,2023,2024
5452880,9,4,2022,2025
5475448,9,3,2022,2024
5475811,9,3,2021,2023
5510926,9,3,2023,2025
5564787,9,5,2022,2026
5579035,9,3,2023,2025
5602568,9,2,2024,2025
5603466,9,4,2022,2025
5609777,9,3,2022,2024
5668061,9,2,2025,2026
5700278,9,1,2025,2025
5700941,9,3,2021,2023
5710987,9,2,2024,2025
5774362,9,3,2021,2023
5817481,9,2,2022,2023
5856355,9,2,2022,2025
5928753,9,3,2022,2024
6016158,9,1,2023,2023
6159264,9,4,2022,2025
6200737,9,6,2021,2026
6251076,9,3,2022,2024
6275616,9,4,2021,2025
6284713,9,3,2023,2025
6373868,9,1,2023,2023
6392736,9,1,2025,2025
6412884,9,3,2020,2022
6516170,9,4,2022,2025
6547591,9,3,2023,2025
6607363,9,6,2021,2026
6662287,9,3,2021,2024
6706011,9,4,2021,2025
6755134,9,3,2022,2024
6808522,9,3,2021,2023
6846833,9,4,2022,2025
6863865,9,4,2022,2025
6995456,9,5,2021,2025
7001163,9,2,2023,2024
7036888,9,4,2021,2024
7097420,9,3,2021,2023
7189624,9,2,2023,2024
7208563,9,1,2022,2022
7221685,9,1,2025,2025
7235539,9,4,2023,2026
7256013,9,3,2023,2025
7258784,9,3,2022,2025
7261705,9,3,2023,2025
7280771,9,3,2022,2024
7381981,9,3,2021,2025
7389397,9,1,2024,2024
7427813,9,4,2019,2026
7433074,9,3,2023,2025
7501525,9,2,2025,2026
7561798,9,3,2021,2023
7712660,9,3,2023,2025
7715212,9,3,2021,2025
7721212,9,3,2022,2025
7763343,9,4,2021,2024
7837192,9,3,2023,2026
7845048,9,2,2024,2025
7873981,9,3,2021,2024
7894638,9,4,2021,2024
7898153,9,2,2024,2025
7908901,9,2,2024,2025
7939974,9,4,2022,2025
7949632,9,3,2022,2024
7950743,9,2,2024,2025
8100086,9,2,2024,2025
8105915,9,2,2024,2025
8119637,9,3,2023,2025
8193947,9,3,2024,2026
8218780,9,4,2020,2025
8340894,9,5,2021,2026
8364318,9,3,2022,2024
8373380,9,4,2020,2025
8609091,9,3,2021,2025
8618387,9,3,2024,2026
8678396,9,3,2021,2023
8694674,9,3,2022,2025
8716670,9,5,2021,2025
8736596,9,3,2024,2026
8782797,9,1,2025,2025
8840340,9,5,2022,2026
8872216,9,3,2021,2023
8949104,9,4,2021,2025
8970759,9,5,2021,2025
9009031,9,2,2024,2025
9013892,9,3,2022,2024
9125737,9,3,2022,2024
9548976,9,2,2022,2023
9647363,9,2,2022,2023
9660692,9,3,2023,2025
9743295,9,5,2020,2026
9872580,9,2,2022,2023
10536707,9,4,2022,2026
10568371,9,2,2023,2024
10839490,9,4,2022,2025
10870700,9,3,2023,2025
10938783,9,3,2024,2026
11014228,9,3,2023,2025
11121299,9,5,2021,2025
11166047,9,5,2021,2025
11215179,9,2,2021,2022
11235091,9,5,2022,2026
11379858,9,3,2022,2024
11404728,9,2,2025,2026
11505580,9,5,2021,2025
11650744,9,1,2024,2024
11795548,9,4,2021,2025
11915399,9,4,2021,2024
11916430,9,1,2025,2025
12102431,9,3,2023,2025
12250775,9,3,2022,2024
12291886,9,4,2021,2025
12291887,9,3,2020,2022
12302381,9,4,2020,2023
12421136,9,2,2022,2023
12650939,9,3,2021,2023
12703454,9,1,2023,2023
12836866,9,3,2021,2024
13107422,9,3,2023,2025
13209339,9,3,2022,2024
13296066,9,5,2022,2026
13443349,9,3,2022,2026
13515050,9,5,2021,2025
13615997,9,3,2023,2026
13734862,9,4,2020,2023
13814033,9,2,2021,2022
13851290,9,1,2025,2025
13865282,9,3,2024,2026
14212414,9,1,2024,2024
14364145,9,4,2021,2024
14756434,9,1,2023,2023
14853511,9,3,2021,2023
14936018,9,3,2022,2025
15160874,9,3,2022,2025
15176477,9,3,2023,2025
15365927,9,3,2022,2025
15406978,9,2,2022,2023
15508665,9,3,2021,2023
15514133,9,3,2024,2026
15532615,9,2,2022,2024
15546696,9,3,2021,2024
15554173,9,1,2023,2023
15688199,9,1,2021,2021
15735587,9,3,2024,2026
15764677,9,5,2021,2025
15796532,9,5,2021,2026
15832239,9,2,2023,2025
15948902,9,4,2021,2025
15950279,9,2,2022,2023
16085050,9,2,2023,2024
16246504,9,5,2020,2024
16297262,9,3,2023,2025
16317065,9,2,2022,2023
16489230,9,3,2024,2026
16491975,9,3,2023,2025
16512988,9,4,2022,2025
16548484,9,3,2022,2024
16553015,9,4,2022,2026
16638745,9,2,2025,2026
16784549,9,5,2021,2025
17107448,9,2,2023,2024
17139456,9,4,2022,2025
17168519,9,2,2024,2025
17290653,9,3,2022,2024
17355285,9,5,2020,2026
17385864,9,3,2024,2026
17388232,9,3,2024,2026
17447348,9,2,2023,2025
17708080,9,4,2023,2026
17730142,9,4,2021,2024
17775428,9,3,2023,2026
17816845,9,2,2023,2025
18074006,9,4,2022,2025
18187782,9,4,2022,2025
18265318,9,4,2021,2025
18274145,9,2,2024,2025
18278772,9,2,2021,2022
18297867,9,2,2024,2025
18487442,9,4,2021,2026
18553280,9,3,2022,2025
18890420,9,3,2023,2025
18891457,9,6,2021,2026
19028717,9,5,2021,2026
19318773,9,4,2021,2026
19363997,9,1,2026,2026
19477715,9,2,2025,2026
19579134,9,2,2022,2024
19721324,9,2,2024,2025
19748946,9,3,2022,2025
19807750,9,2,2022,2023
19820851,9,4,2022,2025
19863972,9,4,2021,2025
19885630,9,4,2021,2024
19909655,9,3,2023,2025
20040374,9,3,2022,2024
20089009,9,2,2023,2024
20186533,9,2,2023,2024
20343987,9,3,2023,2025
20408028,9,2,2022,2023
20418826,9,2,2024,2025
20571533,9,2,2024,2025
20935521,9,2,2023,2025
20942279,9,2,2023,2025
20961530,9,2,2022,2024
21016835,9,3,2024,2026
21023386,9,1,2025,2025
21041371,9,4,2021,2026
21046843,9,2,2023,2025
21274357,9,1,2025,2025
21451524,9,3,2024,2026
21474933,9,3,2023,2025
21502385,9,3,2024,2026
21543649,9,3,2022,2024
21593989,9,3,2022,2024
21728650,9,1,2023,2023
21832840,9,2,2023,2024
21844267,9,3,2022,2024
21872322,9,4,2023,2026
21880983,9,4,2021,2024
22002441,9,2,2024,2025
22051064,9,3,2024,2026
22110996,9,4,2022,2025
22120991,9,1,2023,2023
22153162,9,5,2021,2026
22157773,9,2,2022,2023
22163951,9,2,2023,2025
22168793,9,2,2024,2025
22179102,9,2,2023,2025
22182821,9,4,2021,2024
22204054,9,3,2021,2025
22236220,9,5,2022,2026
22503259,9,2,2021,2022
22789214,9,2,2021,2022
22809449,9,4,2022,2026
22854077,9,2,2022,2023
23043108,9,3,2023,2025
23153956,9,2,2023,2024
23158474,9,4,2022,2026
23160149,9,3,2023,2025
23365709,9,3,2022,2025
23368812,9,4,2020,2023
23454736,9,3,2023,2025
23489372,9,3,2022,2024
23633328,9,3,2023,2025
23666923,9,4,2022,2025
23718717,9,2,2024,2025
23779907,9,3,2023,2025
23975710,9,5,2022,2026
24020171,9,4,2023,2026
24191394,9,1,2024,2024
24289257,9,3,2022,2024
24389341,9,4,2022,2025
24402771,9,4,2022,2025
24422670,9,2,2024,2025
24488109,9,3,2022,2025
24511904,9,4,2021,2025
24520376,9,3,2023,2025
24543125,9,2,2024,2025
24547918,9,2,2022,2023
24555155,9,2,2023,2024
24565251,9,2,2023,2024
24822191,9,4,2023,2026
24841910,9,3,2022,2024
24984773,9,4,2023,2026
24995483,9,3,2024,2026
26419452,9,5,2021,2025
26440111,9,2,2024,2025
26449250,9,4,2023,2026
26452904,9,5,2022,2026
26474073,9,4,2023,2026
26476428,9,1,2023,2023
26574327,9,4,2023,2026
26694202,9,3,2022,2024
26713790,9,3,2023,2025
26859030,9,2,2023,2024
26863179,9,2,2024,2025
26886075,9,3,2023,2025
26886307,9,4,2023,2026
26899497,9,3,2024,2026
27725269,9,2,2023,2025
27857001,9,4,2021,2026
27893417,9,3,2022,2024
27901998,9,2,2023,2024
30150682,9,2,2024,2025
35521551,9,3,2024,2026
40835428,9,4,2023,2026
48517616,9,2,2024,2025
49774907,9,1,2023,2023
49786233,9,2,2024,2025
90523002,9,2,2023,2024
90568656,9,1,2025,2025
92766876,9,4,2021,2025
92773682,9,4,2022,2025
92856710,9,3,2020,2022
92870772,9,2,2022,2025
92881443,9,2,2025,2026
92908422,9,4,2023,2026
92936772,9,4,2022,2025
92961552,9,3,2024,2026
92987280,9,4,2022,2026
93033952,9,1,2025,2025
93068006,9,1,2025,2025
93072773,9,4,2021,2025
93093969,9,4,2023,2026
93110927,9,3,2023,2025
93125436,9,4,2023,2026
93183146,9,4,2023,2026
93278974,9,5,2022,2026
93283317,9,1,2024,2024
93283534,9,2,2024,2025
93304155,9,5,2021,2025
93338176,9,2,2024,2025
93370048,9,3,2022,2024
93371621,9,2,2024,2025
93372168,9,1,2024,2024
93436615,9,3,2023,2025
93444600,9,4,2023,2026
93497642,9,1,2025,2025
93508406,9,3,2023,2025
93536644,9,1,2023,2023
93655697,9,4,2022,2025
93767974,9,3,2024,2026
93769246,9,3,2022,2026
93782619,9,3,2022,2025
93798323,9,2,2023,2024
94074942,9,3,2023,2025
94086984,9,2,2023,2024
94092110,9,3,2023,2025
94187226,9,1,2023,2023
94252413,9,3,2020,2024
94389239,9,2,2023,2024
94422051,9,3,2023,2025
94490450,9,2,2024,2025
94554666,9,3,2023,2025
94662767,9,1,2023,2023
94668071,9,3,2023,2025
94711523,9,4,2023,2026
94731504,9,2,2022,2025
94855335,9,2,2023,2024
94905934,9,1,2025,2025
94981560,9,3,2023,2025
95012673,9,4,2023,2026
95070764,9,2,2023,2024
95070770,9,3,2023,2025
95133892,9,2,2024,2025
95162155,9,2,2023,2024
95234859,9,3,2023,2025
95256008,9,2,2024,2025
95260440,9,4,2022,2025
95320221,9,2,2025,2026
95320222,9,3,2023,2025
95417090,9,2,2024,2025
95436796,9,2,2018,2024
95441538,9,1,2024,2024
95454064,9,4,2023,2026
95702928,9,3,2024,2026
95719302,9,3,2023,2025
95720081,9,3,2023,2025
95807189,9,2,2024,2025
95828653,9,3,2024,2026
95894073,9,3,2023,2025
95958655,9,3,2023,2025
95972900,9,2,2024,2025
95980891,9,3,2024,2026
96129944,9,3,2023,2025
96155719,9,2,2024,2025
96175248,9,4,2023,2026
96327524,9,3,2024,2026
96380099,9,2,2023,2024
96513175,9,1,2024,2024
96582406,9,1,2024,2024
96594976,9,1,2025,2025
96781571,9,2,2024,2025
96782222,9,2,2024,2025
96789473,9,3,2024,2026
96848587,9,1,2024,2024
96913142,9,4,2023,2026
96951616,9,3,2023,2025
97011749,9,2,2025,2026
97081932,9,1,2025,2025
97536639,9,2,2024,2025
97869159,9,2,2025,2026
97897890,9,2,2025,2026
98174733,9,2,2025,2026
98326323,9,3,2022,2024
98643445,9,2,2024,2025
98727824,9,3,2024,2026
99025569,9,3,2024,2026
99361347,9,2,2025,2026
99368323,9,4,2023,2026
99483457,9,3,2024,2026
99628669,9,3,2024,2026
99784732,9,5,2022,2026
99923973,9,3,2024,2026
100211811,9,4,2021,2026
100219001,9,3,2023,2025
100332238,9,2,2024,2025
100491457,9,2,2024,2025
101005423,9,2,2025,2026
101221274,9,3,2023,2025
101229723,9,5,2021,2025
101261911,9,2,2024,2025
101266487,9,1,2025,2025
101428046,9,2,2025,2026
101502922,9,1,2022,2022
101613083,9,1,2025,2025
101871387,9,3,2024,2026
102253171,9,2,2025,2026
1795,8,5,2022,2026
3430,8,2,2025,2026
5511,8,2,2024,2025
5719,8,2,2025,2026
20991,8,4,2021,2025
39701,8,1,2025,2025
40137,8,3,2022,2024
42322,8,1,2022,2022
47308,8,3,2023,2025
49950,8,2,2023,2024
73658,8,2,2025,2026
77051,8,3,2020,2025
77463,8,2,2024,2025
82461,8,1,2024,2024
83546,8,1,2025,2025
117477,8,3,2024,2026
119277,8,2,2024,2025
119618,8,3,2021,2023
124768,8,4,2023,2026
125507,8,2,2023,2024
139675,8,1,2021,2021
146446,8,2,2025,2026
156431,8,1,2021,2021
157031,8,1,2022,2022
162272,8,3,2023,2025
169901,8,3,2023,2025
182472,8,2,2024,2025
185963,8,4,2021,2026
191951,8,2,2023,2025
210861,8,3,2022,2025
220176,8,2,2025,2026
226641,8,3,2022,2024
236014,8,4,2021,2024
236396,8,2,2024,2025
246640,8,1,2025,2025
254502,8,3,2021,2025
257888,8,2,2024,2025
266177,8,2,2023,2025
267347,8,4,2022,2026
271425,8,2,2025,2026
276197,8,2,2024,2025
283699,8,2,2025,2026
290208,8,5,2021,2025
298863,8,3,2023,2025
299925,8,2,2024,2025
301464,8,3,2024,2026
301561,8,2,2023,2024
305044,8,2,2021,2022
306685,8,2,2023,2025
308151,8,1,2021,2021
316375,8,1,2025,2025
319700,8,4,2022,2025
323357,8,2,2024,2025
342485,8,2,2024,2025
347418,8,2,2022,2024
347796,8,2,2023,2025
369516,8,3,2023,2025
371504,8,2,2023,2024
372773,8,1,2024,2024
381592,8,2,2024,2025
406365,8,1,2025,2025
413617,8,1,2025,2025
416104,8,2,2024,2025
420350,8,2,2025,2026
429898,8,4,2020,2023
432068,8,2,2024,2025
434898,8,1,2021,2021
448914,8,1,2022,2022
451760,8,1,2025,2025
467010,8,3,2021,2025
468553,8,4,2022,2026
476117,8,3,2022,2024
488049,8,5,2020,2026
500322,8,3,2022,2024
519539,8,2,2023,2024
527512,8,3,2021,2025
531522,8,2,2025,2026
535003,8,2,2024,2025
541723,8,3,2021,2025
562663,8,3,2023,2025
576297,8,3,2021,2025
583513,8,3,2022,2025
591105,8,2,2024,2025
594120,8,4,2023,2026
597208,8,4,2022,2025
604581,8,2,2025,2026
607605,8,2,2021,2022
618198,8,3,2022,2024
621820,8,1,2025,2025
622012,8,2,2024,2026
624308,8,1,2021,2021
626012,8,2,2025,2026
635698,8,3,2021,2024
642366,8,2,2023,2024
661558,8,1,2025,2025
664313,8,1,2023,2023
679758,8,3,2023,2025
686932,8,2,2024,2025
703073,8,2,2023,2025
729090,8,1,2021,2021
730865,8,3,2022,2025
734943,8,1,2025,2025
740172,8,1,2023,2023
747831,8,2,2023,2024
754020,8,3,2021,2025
774911,8,3,2024,2026
778963,8,2,2022,2024
786742,8,2,2024,2025
797427,8,2,2024,2025
806465,8,2,2023,2024
810172,8,3,2022,2025
810505,8,3,2021,2024
812899,8,4,2022,2025
813211,8,4,2022,2026
817213,8,3,2020,2022
836678,8,4,2020,2023
847062,8,4,2023,2026
865465,8,2,2024,2025
877400,8,4,2022,2025
880022,8,1,2022,2022
880447,8,2,2024,2025
886258,8,3,2023,2025
899013,8,3,2022,2024
907871,8,4,2020,2025
909609,8,4,2021,2025
913453,8,2,2024,2025
922363,8,2,2025,2026
929833,8,4,2021,2024
931039,8,4,2023,2026
948738,8,1,2024,2024
949037,8,2,2024,2025
950402,8,1,2022,2022
954048,8,3,2022,2025
954613,8,3,2022,2025
955772,8,1,2025,2025
960308,8,2,2023,2024
960533,8,1,2025,2025
981014,8,1,2025,2025
990862,8,3,2021,2025
1002452,8,2,2024,2025
1006892,8,2,2022,2023
1018991,8,3,2023,2026
1026112,8,3,2021,2025
1030543,8,1,2024,2024
1034330,8,3,2021,2023
1036915,8,3,2021,2024
1041908,8,2,2024,2025
1045996,8,3,2024,2026
1050039,8,2,2024,2025
1059880,8,2,2024,2025
1065572,8,2,2023,2025
1075399,8,3,2022,2024
1086650,8,3,2023,2025
1103022,8,3,2022,2025
1107319,8,3,2020,2022
1115671,8,1,2025,2025
1116644,8,2,2022,2024
1121041,8,2,2024,2025
1134463,8,2,2024,2025
1147893,8,2,2023,2024
1150738,8,3,2024,2026
1153422,8,2,2024,2025
1160037,8,2,2023,2025
1169002,8,3,2022,2025
1169404,8,3,2024,2026
1178321,8,2,2023,2024
1201329,8,3,2023,2025
1201629,8,3,2021,2025
1208706,8,4,2022,2025
1209216,8,4,2021,2025
1218131,8,4,2023,2026
1228638,8,2,2024,2025
1233947,8,2,2024,2025
1237588,8,1,2023,2023
1247718,8,4,2021,2025
1251912,8,2,2024,2025
1265596,8,2,2021,2022
1266369,8,3,2022,2025
1275806,8,3,2023,2025
1280277,8,2,2025,2026
1280493,8,3,2022,2024
1280985,8,2,2024,2025
1281510,8,3,2023,2026
1288943,8,4,2022,2025
1293124,8,3,2021,2025
1294042,8,2,2025,2026
1298556,8,1,2022,2022
1316119,8,2,2022,2023
1322044,8,3,2021,2023
1343578,8,2,2021,2022
1345393,8,3,2021,2026
1347544,8,4,2020,2025
1351070,8,4,2020,2023
1394221,8,2,2024,2025
1414273,8,1,2025,2025
1415525,8,3,2023,2025
1434774,8,3,2020,2022
1444004,8,3,2020,2024
1465341,8,3,2021,2023
1475870,8,2,2024,2025
1633309,8,1,2025,2025
1658959,8,4,2023,2026
1682481,8,2,2023,2024
1693310,8,3,2021,2023
1699138,8,2,2024,2025
1747113,8,2,2023,2024
1764566,8,2,2024,2025
1794072,8,3,2023,2025
1800530,8,4,2022,2025
1807473,8,1,2025,2025
1817595,8,2,2021,2022
1818649,8,3,2023,2026
1844660,8,2,2023,2025
1876273,8,2,2024,2025
1934094,8,3,2021,2024
1956088,8,3,2022,2024
1958148,8,5,2021,2025
1965977,8,3,2022,2025
2001126,8,2,2025,2026
2010183,8,3,2022,2025
2018211,8,2,2023,2024
2034111,8,4,2021,2026
2036013,8,4,2021,2025
2042897,8,3,2022,2025
2053321,8,2,2024,2025
2075877,8,2,2024,2025
2076018,8,3,2023,2025
2089201,8,4,2023,2026
2121062,8,2,2024,2025
2140447,8,4,2021,2025
2149483,8,2,2024,2025
2176837,8,3,2023,2025
2181778,8,3,2024,2026
2185055,8,2,2024,2025
2202310,8,4,2021,2025
2209538,8,5,2021,2026
2288032,8,2,2024,2025
2290236,8,4,2021,2024
2293262,8,4,2021,2024
2301373,8,1,2023,2023
2359227,8,4,2022,2025
2405468,8,5,2020,2025
2421770,8,2,2024,2025
2501097,8,4,2022,2025
2505641,8,2,2024,2025
2506355,8,3,2023,2025
2570272,8,3,2024,2026
2619993,8,4,2022,2025
2637263,8,2,2024,2025
2662694,8,3,2022,2024
2726344,8,4,2023,2026
2745229,8,2,2024,2025
2764952,8,2,2024,2025
2790492,8,2,2024,2025
2809059,8,4,2021,2024
2844331,8,3,2020,2024
2870625,8,4,2022,2025
2875838,8,2,2022,2023
2918039,8,2,2024,2025
2928708,8,2,2022,2025
2932851,8,6,2021,2026
2971698,8,3,2021,2023
2988750,8,2,2023,2025
3024595,8,5,2021,2026
3026619,8,2,2024,2025
3049991,8,5,2022,2026
3081526,8,4,2021,2025
3095019,8,3,2024,2026
3152657,8,2,2025,2026
3179753,8,2,2020,2022
3228017,8,4,2022,2025
3250051,8,2,2024,2025
3253036,8,3,2024,2026
3305102,8,3,2023,2025
3344174,8,5,2020,2025
3397315,8,3,2023,2025
3458439,8,3,2023,2025
3473199,8,2,2025,2026
3473420,8,4,2022,2025
3521089,8,4,2021,2025
3549383,8,3,2022,2024
3556644,8,3,2023,2025
3558359,8,2,2024,2025
3575897,8,5,2020,2026
3631341,8,2,2021,2023
3647452,8,4,2021,2024
3657178,8,4,2022,2025
3692502,8,3,2022,2024
3724009,8,2,2023,2024
3743748,8,3,2022,2025
3779686,8,2,2024,2025
3809656,8,3,2020,2023
3812011,8,3,2022,2025
3844653,8,5,2021,2025
3847002,8,5,2021,2025
3848639,8,2,2021,2022
3857072,8,3,2023,2025
3893396,8,3,2022,2024
3924842,8,4,2021,2024
3962963,8,4,2021,2025
3970349,8,1,2026,2026
4002755,8,3,2021,2023
4087462,8,3,2021,2024
4106999,8,3,2023,2025
4134728,8,4,2022,2025
4259487,8,4,2022,2025
4262268,8,2,2024,2025
4273038,8,3,2022,2025
4307474,8,1,2025,2025
4310143,8,1,2023,2023
4383979,8,3,2023,2025
4400264,8,1,2024,2024
4434540,8,2,2024,2025
4452225,8,3,2022,2024
4457589,8,2,2024,2025
4465506,8,3,2021,2025
4476218,8,3,2022,2024
4498649,8,2,2024,2025
4532755,8,2,2024,2025
4532826,8,2,2023,2024
4585473,8,4,2021,2024
4603172,8,2,2024,2025
4610127,8,2,2022,2023
4663867,8,2,2024,2025
4691860,8,5,2022,2026
4698206,8,6,2021,2026
4708908,8,3,2021,2023
4724593,8,1,2024,2024
4751687,8,1,2024,2024
4767332,8,4,2022,2025
4786135,8,2,2022,2023
4786136,8,4,2022,2025
4814314,8,4,2021,2024
4838338,8,3,2022,2024
4870725,8,5,2021,2026
4887549,8,3,2023,2026
4910489,8,2,2024,2025
4917652,8,2,2024,2025
4931128,8,4,2021,2024
4932657,8,2,2022,2023
4959381,8,2,2020,2021
4976902,8,2,2024,2025
5020858,8,3,2022,2024
5047174,8,3,2022,2024
5059885,8,2,2024,2025
5073450,8,3,2021,2025
5089450,8,3,2023,2026
5100979,8,3,2024,2026
5101689,8,2,2020,2021
5124110,8,2,2025,2026
5128470,8,4,2021,2025
5177192,8,4,2021,2025
5180216,8,4,2022,2026
5186798,8,5,2021,2025
5193018,8,2,2024,2025
5217426,8,4,2023,2026
5227594,8,4,2022,2025
5246399,8,3,2021,2023
5269176,8,4,2022,2026
5270174,8,4,2021,2025
5273222,8,4,2021,2024
5285708,8,1,2023,2023
5314029,8,2,2024,2025
5327164,8,3,2021,2025
5327609,8,5,2021,2025
5365293,8,3,2022,2025
5366107,8,5,2021,2025
5370247,8,3,2023,2025
5376226,8,5,2020,2025
5414640,8,4,2021,2025
5441947,8,3,2022,2024
5460748,8,1,2025,2025
5473589,8,1,2024,2024
5489779,8,3,2022,2024
5511543,8,5,2021,2025
5558744,8,3,2024,2026
5578464,8,2,2020,2021
5609771,8,2,2022,2023
5611168,8,2,2021,2023
5621260,8,4,2023,2026
5654631,8,2,2024,2025
5777153,8,3,2022,2025
5789255,8,3,2022,2024
5805127,8,2,2024,2025
5817610,8,6,2020,2025
5842022,8,3,2021,2024
5845923,8,2,2024,2025
5869028,8,2,2024,2025
5959504,8,6,2020,2026
6007557,8,5,2021,2025
6008433,8,4,2022,2025
6063136,8,3,2023,2025
6089573,8,3,2022,2026
6133847,8,5,2021,2025
6183984,8,3,2021,2024
6210807,8,2,2025,2026
6245810,8,3,2022,2026
6247444,8,2,2022,2023
6250941,8,4,2021,2024
6267199,8,2,2022,2023
6290246,8,4,2022,2025
6301450,8,3,2020,2024
6303480,8,5,2021,2025
6318525,8,2,2023,2024
6323092,8,4,2022,2025
6390534,8,1,2024,2024
6399737,8,2,2024,2025
6413387,8,4,2022,2025
6457166,8,2,2024,2025
6536663,8,2,2023,2024
6566303,8,1,2025,2025
6605861,8,4,2020,2026
6624429,8,3,2021,2023
6635671,8,2,2025,2026
6655630,8,2,2023,2024
6689524,8,4,2022,2025
6708527,8,5,2021,2025
6716862,8,1,2025,2025
6720906,8,5,2020,2024
6777929,8,1,2024,2024
6782674,8,4,2021,2025
6810047,8,3,2023,2025
6810625,8,5,2020,2024
6863516,8,3,2023,2025
6875115,8,3,2023,2025
6930011,8,3,2021,2023
6955792,8,3,2022,2025
6972677,8,4,2021,2024
6972794,8,3,2022,2024
6973387,8,5,2020,2024
6976303,8,3,2022,2024
6977611,8,2,2024,2025
6982245,8,3,2024,2026
6986124,8,3,2021,2024
7011038,8,2,2024,2025
7030770,8,4,2023,2026
7047593,8,3,2022,2024
7052632,8,4,2023,2026
7079059,8,2,2024,2025
7121683,8,3,2023,2026
7147174,8,3,2020,2022
7147830,8,1,2025,2025
7194240,8,3,2022,2024
7237247,8,4,2023,2026
7277450,8,3,2020,2024
7289614,8,4,2021,2025
7369631,8,1,2025,2025
7410551,8,2,2024,2025
7475888,8,2,2024,2025
7546100,8,1,2024,2024
7546166,8,4,2023,2026
7680340,8,3,2021,2023
7714124,8,1,2022,2022
7715527,8,2,2023,2024
7726319,8,2,2024,2025
7742961,8,3,2024,2026
7767735,8,1,2024,2024
7827256,8,2,2024,2025
7831544,8,4,2022,2026
7851390,8,2,2024,2025
7861916,8,3,2022,2024
7862844,8,2,2025,2026
7867646,8,2,2024,2025
7868077,8,2,2024,2025
7914483,8,4,2023,2026
7956984,8,2,2024,2025
8064689,8,2,2025,2026
8071263,8,5,2021,2026
8126531,8,4,2021,2025
8158110,8,3,2023,2025
8187963,8,4,2022,2025
8294705,8,4,2022,2025
8357270,8,4,2023,2026
8656413,8,3,2023,2025
8683591,8,2,2023,2024
8703040,8,4,2021,2024
8736047,8,3,2022,2026
8818448,8,3,2023,2025
8950905,8,3,2023,2025
9055130,8,2,2024,2025
9061295,8,6,2021,2026
9129260,8,2,2022,2024
9233852,8,3,2024,2026
9242792,8,3,2024,2026
9384669,8,3,2021,2023
9477631,8,1,2024,2024
9567378,8,3,2023,2025
9992434,8,2,2024,2025
10179844,8,3,2021,2024
10335366,8,2,2024,2025
10434814,8,3,2024,2026
10493336,8,5,2021,2026
10558650,8,3,2022,2024
10648981,8,2,2024,2025
11011752,8,2,2024,2025
11091138,8,3,2022,2026
11124260,8,3,2022,2025
11284255,8,4,2021,2026
11355128,8,3,2023,2025
11514304,8,3,2023,2025
11631950,8,4,2022,2026
11862170,8,3,2023,2025
11897769,8,3,2022,2024
11916738,8,2,2024,2025
11941901,8,3,2021,2024
11945800,8,3,2022,2025
12006713,8,2,2022,2023
12080461,8,5,2020,2025
12151437,8,2,2023,2024
12196138,8,2,2021,2022
12209863,8,3,2023,2025
12304795,8,2,2023,2025
12326203,8,3,2023,2025
12427401,8,3,2021,2025
12464102,8,2,2020,2021
12512207,8,4,2022,2025
12680566,8,1,2025,2025
12681913,8,3,2021,2024
12709257,8,3,2024,2026
12739140,8,3,2021,2024
12916102,8,4,2021,2024
12925207,8,1,2022,2022
13115362,8,3,2024,2026
13130558,8,5,2021,2025
13239167,8,2,2024,2025
13262698,8,2,2022,2023
13461215,8,4,2023,2026
13541435,8,4,2022,2025
13835428,8,4,2021,2024
13875240,8,2,2024,2025
14077341,8,4,2023,2026
14089130,8,2,2024,2025
14154693,8,4,2022,2025
14214141,8,1,2023,2023
14316177,8,2,2022,2023
14331212,8,2,2021,2022
14366014,8,2,2023,2024
14395155,8,2,2023,2024
14441542,8,3,2022,2025
14469904,8,3,2021,2024
14566770,8,3,2022,2025
14694478,8,3,2023,2025
14794213,8,2,2025,2026
14828939,8,4,2021,2026
14847704,8,4,2021,2026
14877604,8,2,2024,2025
14949875,8,3,2021,2023
14991325,8,5,2022,2026
15149404,8,2,2020,2025
15219145,8,3,2022,2025
15290118,8,5,2021,2025
15383324,8,3,2022,2024
15388359,8,4,2022,2026
15592911,8,3,2022,2025
15673566,8,2,2024,2025
15727155,8,1,2023,2023
15784273,8,4,2023,2026
16009315,8,4,2022,2026
16036805,8,3,2023,2025
16101190,8,3,2024,2026
16212394,8,4,2022,2025
16380554,8,5,2020,2024
16458389,8,3,2022,2025
16488454,8,3,2021,2023
16507314,8,5,2021,2025
16585882,8,2,2024,2025
16789257,8,3,2020,2022
16810885,8,5,2020,2024
16849591,8,4,2023,2026
16955908,8,2,2023,2026
17024943,8,5,2021,2025
17151498,8,3,2021,2025
17305905,8,3,2024,2026
17346306,8,2,2022,2025
17386381,8,4,2020,2023
17399201,8,3,2023,2025
17453381,8,3,2023,2025
17594391,8,3,2023,2025
17638740,8,2,2022,2023
17640901,8,2,2023,2025
17643172,8,5,2021,2025
17676586,8,2,2024,2025
17720052,8,3,2023,2025
17726509,8,3,2022,2024
17727913,8,4,2021,2025
17842629,8,3,2023,2025
17898264,8,3,2022,2026
17992180,8,3,2023,2025
18006710,8,2,2021,2022
18158963,8,3,2023,2025
18195580,8,3,2022,2026
18219959,8,1,2023,2023
18272905,8,4,2021,2024
18317153,8,3,2022,2025
18339322,8,5,2022,2026
18385448,8,3,2022,2025
18410067,8,3,2022,2024
18513332,8,2,2024,2025
18605903,8,4,2023,2026
18738403,8,2,2025,2026
18739751,8,2,2023,2024
19015316,8,2,2023,2025
19028339,8,3,2023,2025
19042367,8,1,2023,2023
19058189,8,6,2020,2025
19098381,8,3,2024,2026
19317471,8,3,2021,2023
19322388,8,3,2023,2025
19332892,8,2,2025,2026
19339552,8,3,2022,2024
19368933,8,2,2022,2023
19488941,8,4,2021,2025
19742739,8,3,2022,2024
19766654,8,2,2023,2024
19813073,8,3,2023,2025
19865039,8,4,2021,2025
19881683,8,2,2023,2024
20067765,8,3,2023,2025
20073966,8,5,2021,2025
20146139,8,3,2021,2024
20152591,8,3,2023,2025
20152931,8,2,2022,2023
20184830,8,2,2022,2023
20371821,8,2,2025,2026
20411448,8,1,2023,2023
20550137,8,3,2023,2026
20571455,8,5,2020,2024
20927963,8,3,2024,2026
20952014,8,2,2024,2025
21099002,8,2,2024,2025
21146737,8,2,2024,2025
21146859,8,3,2024,2026
21190406,8,3,2022,2024
21313829,8,3,2023,2025
21418718,8,3,2023,2026
21419995,8,2,2022,2023
21424135,8,2,2024,2025
21464142,8,4,2022,2026
21535985,8,2,2025,2026
21540297,8,3,2024,2026
21558795,8,5,2020,2026
21575949,8,2,2024,2025
21698347,8,4,2023,2026
21700645,8,2,2024,2025
21806708,8,2,2024,2025
21989763,8,3,2022,2024
22055856,8,2,2024,2025
22090345,8,3,2022,2025
22151635,8,3,2022,2024
22155925,8,2,2024,2025
22159801,8,2,2024,2025
22181873,8,2,2021,2024
22254724,8,2,2025,2026
22256248,8,3,2020,2022
22258398,8,2,2024,2025
22292461,8,3,2022,2024
22416742,8,3,2022,2025
22417731,8,2,2024,2025
22428649,8,4,2021,2024
22918518,8,4,2021,2026
22969675,8,4,2023,2026
23013713,8,2,2023,2024
23064688,8,2,2023,2025
23136586,8,3,2022,2025
23194910,8,2,2024,2025
23223286,8,4,2022,2025
23233829,8,2,2023,2024
23384441,8,4,2021,2025
23457178,8,4,2021,2024
23496439,8,3,2023,2026
23513617,8,4,2023,2026
23558137,8,4,2023,2026
23560172,8,3,2022,2025
23806187,8,3,2021,2025
23875408,8,4,2022,2025
24131293,8,2,2023,2025
24151351,8,5,2022,2026
24192059,8,2,2024,2025
24220665,8,4,2023,2026
24349772,8,3,2020,2025
24419100,8,3,2022,2024
24433552,8,5,2022,2026
24596109,8,4,2023,2026
24768248,8,1,2024,2024
24885974,8,3,2022,2024
24980543,8,2,2023,2025
25005313,8,4,2023,2026
26504528,8,3,2023,2025
26511176,8,3,2022,2024
26784783,8,2,2024,2025
26792055,8,3,2023,2025
26827235,8,3,2023,2025
26864276,8,2,2024,2025
26944062,8,1,2025,2025
27877427,8,3,2024,2026
35512133,8,2,2024,2025
36280654,8,2,2025,2026
36282981,8,2,2024,2025
40858013,8,3,2023,2025
48495762,8,4,2022,2025
51759890,8,3,2023,2025
63212826,8,3,2024,2026
81423398,8,3,2023,2025
90549801,8,2,2023,2024
92765584,8,1,2023,2023
92773680,8,4,2020,2025
92783384,8,2,2024,2025
92805801,8,2,2024,2025
92808002,8,1,2022,2022
92865458,8,3,2020,2022
92876376,8,2,2023,2025
92965845,8,3,2024,2026
92968089,8,2,2024,2025
93021979,8,1,2023,2023
93030456,8,2,2023,2024
93043225,8,2,2024,2025
93051654,8,3,2021,2023
93068627,8,1,2025,2025
93076202,8,3,2024,2026
93128339,8,3,2023,2025
93196971,8,2,2025,2026
93253376,8,2,2023,2024
93296143,8,4,2023,2026
93315108,8,4,2023,2026
93335182,8,4,2021,2024
93338237,8,2,2023,2024
93361164,8,2,2021,2022
93373999,8,3,2023,2025
93374141,8,2,2025,2026
93403200,8,2,2024,2025
93415770,8,2,2020,2021
93492614,8,3,2024,2026
93533709,8,1,2026,2026
93608837,8,2,2023,2024
93616616,8,3,2023,2026
93619214,8,3,2022,2024
93636859,8,2,2021,2022
93657726,8,1,2023,2023
93664391,8,3,2022,2025
93713686,8,4,2023,2026
93772012,8,3,2023,2025
93783521,8,4,2023,2026
93793349,8,2,2022,2023
93840065,8,3,2023,2025
93899629,8,2,2023,2025
93909194,8,2,2024,2025
94047879,8,3,2023,2025
94048623,8,3,2022,2025
94066622,8,2,2024,2025
94084374,8,2,2024,2025
94235712,8,4,2023,2026
94245151,8,2,2023,2024
94338462,8,2,2025,2026
94423787,8,2,2024,2025
94481728,8,2,2023,2024
94495085,8,3,2024,2026
94499575,8,3,2022,2024
94526846,8,3,2022,2025
94533805,8,3,2024,2026
94653523,8,2,2025,2026
94870542,8,2,2024,2025
94966237,8,3,2023,2025
94983133,8,2,2024,2025
95021148,8,2,2023,2025
95071329,8,2,2023,2024
95154662,8,2,2024,2025
95168855,8,3,2024,2026
95306599,8,3,2023,2025
95381327,8,2,2022,2023
95384199,8,4,2023,2026
95681673,8,3,2023,2025
95758737,8,2,2025,2026
95778267,8,2,2023,2024
95816821,8,3,2023,2025
95826542,8,3,2022,2024
96008377,8,2,2025,2026
96038806,8,2,2024,2025
96153551,8,5,2022,2026
96199902,8,2,2024,2025
96244645,8,2,2024,2025
96328926,8,3,2023,2025
96357138,8,3,2022,2024
96409252,8,2,2024,2025
96524772,8,2,2024,2025
96531143,8,3,2024,2026
96541927,8,2,2024,2025
96594342,8,3,2024,2026
96602083,8,2,2024,2025
96728645,8,2,2024,2025
96742787,8,3,2024,2026
96832900,8,2,2023,2024
96876438,8,3,2024,2026
96877704,8,3,2024,2026
96933747,8,2,2023,2024
97077598,8,3,2024,2026
97151282,8,2,2024,2025
97528334,8,2,2025,2026
97539327,8,2,2024,2025
97634400,8,4,2023,2026
97636360,8,3,2024,2026
97767296,8,3,2023,2025
97803451,8,3,2024,2026
97998743,8,2,2024,2025
98250849,8,2,2024,2025
98283410,8,3,2024,2026
98756824,8,3,2024,2026
98758352,8,3,2024,2026
99037551,8,3,2024,2026
99198065,8,1,2024,2024
99317959,8,2,2024,2025
99369707,8,2,2024,2025
99483674,8,3,2024,2026
99964185,8,2,2024,2025
99990120,8,2,2025,2026
100075984,8,1,2025,2025
100204630,8,3,2023,2025
100331788,8,3,2023,2025
100459552,8,3,2020,2022
100640130,8,3,2024,2026
100644658,8,3,2024,2026
100924613,8,1,2025,2025
101052216,8,1,2025,2025
101441028,8,2,2025,2026
101759373,8,3,2023,2025
101861571,8,1,2025,2025
101868666,8,1,2025,2025
101970182,8,2,2024,2025
102257819,8,2,2025,2026
10920,7,1,2023,2023
21416,7,2,2024,2025
23012,7,3,2021,2024
36956,7,3,2022,2025
51256,7,2,2024,2025
67950,7,2,2024,2025
72930,7,1,2022,2022
77457,7,5,2021,2025
82773,7,1,2023,2023
87553,7,2,2024,2025
96929,7,4,2020,2025
98902,7,3,2023,2026
105805,7,3,2022,2024
116825,7,2,2025,2026
118916,7,2,2024,2025
136438,7,2,2024,2025
143430,7,3,2023,2026
152628,7,1,2025,2025
157128,7,1,2022,2022
162544,7,2,2024,2025
168934,7,2,2025,2026
195355,7,3,2023,2025
195572,7,1,2021,2021
203009,7,4,2023,2026
212693,7,1,2024,2024
221243,7,1,2023,2023
225400,7,2,2022,2023
228451,7,2,2022,2023
245798,7,2,2022,2023
253962,7,2,2023,2024
262067,7,1,2022,2022
263815,7,1,2021,2021
263846,7,4,2022,2025
266253,7,3,2022,2026
267122,7,3,2021,2026
271970,7,2,2025,2026
273344,7,1,2024,2024
284335,7,2,2024,2025
292859,7,2,2022,2025
295685,7,2,2022,2023
309418,7,2,2023,2024
310569,7,2,2021,2025
347617,7,2,2024,2025
349359,7,3,2024,2026
354328,7,5,2021,2025
355355,7,2,2023,2025
359178,7,2,2022,2023
380273,7,2,2025,2026
387002,7,3,2021,2023
393048,7,3,2023,2026
398739,7,1,2024,2024
398943,7,1,2024,2024
405397,7,2,2024,2025
407601,7,2,2024,2025
413761,7,2,2020,2021
415445,7,5,2021,2025
423543,7,2,2025,2026
430701,7,1,2025,2025
433553,7,3,2022,2024
437078,7,4,2022,2025
440589,7,2,2023,2025
442587,7,2,2024,2025
444948,7,2,2022,2023
448712,7,1,2023,2023
452133,7,2,2021,2023
458650,7,3,2023,2025
458740,7,2,2025,2026
464703,7,1,2021,2021
469391,7,3,2024,2026
474209,7,2,2024,2025
476837,7,2,2022,2023
479359,7,5,2021,2026
482177,7,3,2022,2025
491397,7,2,2025,2026
496074,7,4,2023,2026
505665,7,1,2022,2022
510261,7,2,2023,2024
523335,7,1,2025,2025
524589,7,3,2024,2026
527332,7,3,2021,2024
530806,7,2,2025,2026
536807,7,2,2024,2025
569070,7,2,2024,2025
572347,7,3,2024,2026
574215,7,4,2023,2026
574692,7,2,2025,2026
574960,7,2,2025,2026
575046,7,1,2025,2025
576629,7,2,2021,2022
577217,7,2,2020,2021
578043,7,1,2025,2025
582710,7,2,2023,2024
596940,7,3,2024,2026
604092,7,1,2025,2025
604375,7,2,2025,2026
608852,7,1,2021,2021
623710,7,2,2022,2023
627242,7,4,2021,2025
627313,7,1,2022,2022
632928,7,1,2025,2025
637081,7,2,2024,2025
638290,7,3,2021,2025
653320,7,5,2021,2025
653482,7,4,2020,2026
669891,7,1,2024,2024
674851,7,2,2022,2023
677906,7,4,2022,2026
678118,7,2,2024,2025
678564,7,2,2024,2025
686949,7,4,2021,2024
702793,7,2,2022,2023
702843,7,4,2022,2026
703721,7,2,2023,2025
705544,7,1,2023,2023
706408,7,2,2020,2024
727949,7,2,2024,2025
739347,7,4,2022,2025
755154,7,3,2022,2024
758201,7,2,2024,2025
767434,7,3,2022,2026
771847,7,2,2024,2025
772764,7,2,2024,2025
773196,7,2,2024,2025
776748,7,2,2024,2025
778301,7,2,2024,2025
780102,7,2,2023,2025
782873,7,2,2023,2024
783795,7,4,2021,2025
788056,7,2,2021,2022
790118,7,4,2021,2025
792717,7,1,2023,2023
796973,7,2,2025,2026
799255,7,3,2020,2022
803919,7,2,2025,2026
808957,7,2,2024,2025
820129,7,2,2024,2025
833344,7,3,2021,2023
833763,7,2,2022,2025
850114,7,2,2022,2025
851945,7,1,2025,2025
858706,7,2,2024,2025
867087,7,3,2024,2026
871444,7,2,2024,2025
871894,7,2,2024,2025
872161,7,4,2020,2024
881335,7,1,2024,2024
884501,7,3,2023,2025
896251,7,2,2024,2025
898283,7,1,2025,2025
901839,7,1,2025,2025
915343,7,1,2025,2025
922673,7,3,2023,2025
923075,7,2,2023,2024
933022,7,2,2024,2025
934098,7,3,2020,2022
940015,7,2,2025,2026
1000920,7,2,2023,2025
1003272,7,3,2021,2025
1004657,7,2,2021,2022
1004828,7,3,2024,2026
1016388,7,4,2021,2024
1016454,7,4,2022,2025
1024910,7,1,2025,2025
1028296,7,4,2023,2026
1037345,7,3,2022,2024
1044158,7,3,2020,2023
1052761,7,4,2020,2025
1055547,7,1,2026,2026
1059608,7,3,2021,2025
1064020,7,2,2022,2024
1068964,7,2,2024,2025
1071519,7,2,2025,2026
1075533,7,2,2024,2025
1085322,7,1,2024,2024
1089447,7,4,2022,2026
1089834,7,3,2023,2025
1098313,7,2,2022,2023
1101946,7,3,2024,2026
1106893,7,3,2023,2025
1115263,7,2,2024,2025
1117790,7,1,2025,2025
1136887,7,3,2021,2024
1145383,7,1,2021,2021
1176557,7,2,2024,2025
1189863,7,1,2025,2025
1196190,7,4,2022,2026
1205843,7,2,2024,2025
1207619,7,2,2022,2024
1209672,7,2,2023,2025
1212729,7,3,2021,2023
1220600,7,2,2022,2023
1225038,7,2,2023,2024
1225953,7,2,2024,2025
1231674,7,2,2025,2026
1233011,7,4,2021,2024
1233178,7,2,2025,2026
1233306,7,2,2025,2026
1239690,7,2,2024,2025
1242128,7,4,2021,2024
1244176,7,3,2021,2026
1244705,7,3,2022,2024
1256494,7,1,2022,2022
1258948,7,2,2021,2022
1274572,7,2,2022,2023
1274698,7,2,2024,2025
1283640,7,2,2022,2023
1289906,7,3,2024,2026
1292022,7,4,2020,2023
1292460,7,3,2021,2024
1295620,7,2,2024,2025
1308537,7,2,2021,2022
1325407,7,2,2024,2025
1336638,7,2,2024,2025
1337288,7,3,2023,2025
1347215,7,3,2022,2024
1349712,7,5,2021,2025
1350495,7,3,2023,2025
1357018,7,3,2023,2025
1364431,7,5,2022,2026
1370988,7,2,2025,2026
1374838,7,2,2025,2026
1377324,7,3,2022,2025
1379952,7,2,2023,2025
1387823,7,4,2022,2025
1394417,7,2,2021,2022
1398121,7,2,2024,2026
1404518,7,2,2025,2026
1406195,7,2,2025,2026
1409579,7,4,2023,2026
1433763,7,2,2024,2025
1448687,7,2,2024,2025
1476543,7,4,2020,2024
1543470,7,2,2024,2025
1628034,7,2,2023,2024
1646088,7,2,2024,2025
1655035,7,2,2024,2025
1668156,7,2,2024,2025
1679720,7,2,2023,2024
1702870,7,4,2022,2026
1740945,7,2,2020,2021
1748029,7,2,2019,2021
1753124,7,2,2024,2025
1773444,7,3,2023,2025
1808546,7,1,2021,2021
1812826,7,3,2022,2026
1880949,7,4,2020,2025
1883863,7,2,2021,2022
1885546,7,2,2023,2024
1901753,7,2,2022,2023
1951465,7,4,2022,2025
1958755,7,3,2023,2026
1998634,7,1,2023,2023
2000867,7,2,2021,2022
2024614,7,2,2020,2021
2060206,7,2,2024,2025
2076138,7,2,2022,2023
2076495,7,4,2020,2026
2094564,7,4,2022,2026
2097129,7,1,2024,2024
2100087,7,4,2020,2026
2106941,7,2,2024,2025
2114661,7,2,2024,2025
2117679,7,3,2022,2024
2119739,7,2,2024,2025
2154930,7,2,2025,2026
2155036,7,4,2022,2025
2201235,7,2,2022,2024
2207550,7,4,2021,2025
2325039,7,2,2024,2025
2349122,7,3,2022,2024
2353280,7,1,2023,2023
2371964,7,5,2021,2025
2393860,7,2,2022,2023
2431077,7,3,2021,2024
2513881,7,4,2022,2025
2517864,7,2,2024,2025
2551690,7,2,2023,2025
2559360,7,3,2023,2025
2584375,7,2,2022,2023
2587335,7,3,2023,2026
2588160,7,3,2021,2025
2595226,7,5,2021,2026
2597075,7,4,2022,2025
2632772,7,2,2024,2025
2632891,7,1,2023,2023
2635678,7,4,2021,2025
2688774,7,2,2024,2025
2725090,7,2,2024,2025
2730865,7,1,2024,2024
2796953,7,2,2023,2025
2823820,7,3,2023,2025
2864412,7,3,2023,2025
2899845,7,3,2022,2025
2915874,7,3,2023,2025
2931121,7,2,2024,2025
2931956,7,4,2023,2026
2933149,7,3,2023,2025
2968529,7,4,2021,2026
2976440,7,3,2021,2025
3011236,7,2,2024,2025
3028014,7,3,2022,2025
3034473,7,4,2021,2026
3044033,7,4,2022,2025
3055723,7,1,2026,2026
3073962,7,1,2025,2025
3135994,7,1,2023,2023
3145380,7,4,2021,2024
3173144,7,2,2023,2024
3177293,7,2,2023,2024
3200324,7,4,2023,2026
3211171,7,2,2022,2025
3237198,7,3,2023,2025
3251598,7,3,2021,2024
3303346,7,4,2022,2025
3314096,7,3,2022,2024
3321239,7,3,2021,2025
3342934,7,5,2021,2025
3363363,7,3,2023,2026
3363535,7,2,2021,2023
3385749,7,2,2021,2022
3413897,7,2,2022,2023
3431740,7,4,2022,2025
3436472,7,3,2023,2025
3443900,7,3,2021,2023
3445697,7,4,2021,2025
3466359,7,4,2021,2025
3466491,7,1,2021,2021
3467415,7,2,2025,2026
3478147,7,1,2025,2025
3504447,7,1,2025,2025
3520259,7,3,2021,2023
3529246,7,4,2021,2025
3544568,7,1,2021,2021
3551050,7,2,2024,2025
3580887,7,2,2022,2023
3584989,7,3,2021,2025
3661642,7,3,2022,2025
3683073,7,1,2022,2022
3686195,7,4,2021,2025
3727662,7,2,2024,2025
3728467,7,4,2020,2025
3763717,7,3,2021,2023
3775668,7,3,2024,2026
3780006,7,1,2025,2025
3788744,7,2,2025,2026
3810092,7,5,2022,2026
3820380,7,2,2024,2025
3844867,7,5,2021,2025
3844971,7,3,2021,2023
3854779,7,2,2024,2025
3894459,7,3,2022,2024
3952127,7,3,2021,2024
3981434,7,1,2024,2024
3984999,7,5,2022,2026
4028658,7,2,2024,2025
4051241,7,2,2024,2025
4079453,7,3,2024,2026
4123118,7,3,2022,2024
4162812,7,3,2024,2026
4187347,7,3,2023,2025
4209488,7,2,2023,2025
4212669,7,4,2021,2024
4267581,7,4,2021,2025
4271018,7,3,2022,2024
4275550,7,3,2021,2023
4281248,7,4,2022,2025
4281449,7,3,2023,2025
4307009,7,2,2023,2024
4330977,7,1,2024,2024
4337649,7,4,2021,2026
4343928,7,3,2021,2023
4363588,7,1,2024,2024
4380477,7,2,2024,2025
4392775,7,3,2023,2025
4392904,7,2,2024,2025
4423535,7,2,2024,2025
4431768,7,3,2021,2023
4437387,7,2,2021,2022
4467608,7,3,2022,2025
4469700,7,3,2021,2025
4472086,7,2,2023,2024
4481062,7,3,2021,2023
4484774,7,1,2022,2022
4503716,7,4,2023,2026
4527482,7,5,2020,2026
4563690,7,2,2023,2024
4591408,7,3,2023,2025
4615754,7,5,2021,2026
4626367,7,3,2022,2025
4659582,7,4,2022,2026
4660839,7,4,2021,2024
4661963,7,3,2021,2026
4675806,7,2,2024,2025
4683622,7,3,2022,2026
4698742,7,4,2022,2025
4749249,7,4,2021,2024
4762965,7,4,2021,2026
4764743,7,4,2022,2025
4786186,7,3,2022,2024
4835908,7,2,2024,2025
4836965,7,1,2022,2022
4840976,7,3,2022,2024
4843197,7,2,2022,2025
4869143,7,2,2022,2025
4885568,7,1,2025,2025
4942059,7,2,2024,2025
4952417,7,3,2023,2025
5021205,7,2,2024,2025
5079307,7,2,2023,2025
5097468,7,2,2021,2022
5116920,7,2,2022,2023
5121527,7,3,2023,2025
5124782,7,2,2022,2023
5136274,7,3,2023,2025
5137624,7,2,2024,2025
5188424,7,1,2025,2025
5266292,7,3,2022,2025
5268688,7,4,2018,2022
5272950,7,2,2023,2025
5273918,7,2,2024,2025
5275224,7,3,2021,2024
5278875,7,3,2023,2025
5282180,7,1,2025,2025
5295092,7,4,2022,2025
5318024,7,3,2022,2025
5334466,7,5,2021,2026
5336838,7,2,2022,2025
5342132,7,3,2023,2025
5344577,7,4,2022,2025
5346577,7,2,2024,2025
5349098,7,4,2021,2026
5379440,7,2,2025,2026
5418025,7,4,2021,2026
5426839,7,2,2021,2024
5435914,7,2,2025,2026
5465230,7,4,2022,2025
5482689,7,4,2020,2025
5513205,7,3,2021,2025
5527711,7,3,2020,2022
5531437,7,3,2023,2025
5536303,7,3,2023,2025
5547504,7,3,2024,2026
5547505,7,1,2024,2024
5559160,7,5,2022,2026
5578095,7,3,2024,2026
5589551,7,3,2023,2026
5591434,7,3,2023,2025
5595407,7,2,2025,2026
5617251,7,3,2023,2025
5636483,7,3,2021,2025
5636849,7,2,2025,2026
5641390,7,1,2021,2021
5672688,7,5,2021,2026
5674369,7,3,2023,2025
5677365,7,2,2025,2026
5703751,7,1,2025,2025
5705266,7,2,2025,2026
5710615,7,4,2021,2025
5743530,7,2,2023,2025
5747176,7,2,2024,2025
5765982,7,1,2025,2025
5828130,7,2,2022,2023
5843101,7,2,2024,2025
5858093,7,3,2023,2025
5859980,7,1,2022,2022
5866910,7,3,2023,2025
5874930,7,3,2021,2025
5881794,7,3,2022,2024
5882518,7,2,2021,2022
5899877,7,1,2026,2026
5923905,7,4,2022,2026
5940717,7,3,2023,2025
5953331,7,2,2022,2023
5961130,7,2,2025,2026
5961759,7,1,2023,2023
5962969,7,2,2024,2025
6037379,7,3,2023,2026
6047516,7,3,2021,2025
6059609,7,4,2022,2025
6065626,7,2,2021,2023
6065920,7,3,2022,2024
6077320,7,5,2021,2026
6087513,7,5,2021,2025
6137248,7,3,2024,2026
6179050,7,2,2024,2025
6182338,7,2,2024,2025
6189351,7,2,2023,2025
6191515,7,4,2023,2026
6206799,7,3,2024,2026
6247731,7,1,2025,2025
6266034,7,2,2022,2024
6303974,7,2,2023,2024
6335810,7,3,2023,2026
6376475,7,3,2023,2026
6386919,7,4,2022,2025
6412940,7,1,2021,2021
6458529,7,2,2024,2025
6495647,7,2,2024,2025
6554455,7,1,2025,2025
6570090,7,4,2020,2025
6570437,7,3,2023,2025
6601447,7,4,2022,2026
6613638,7,4,2020,2026
6642229,7,1,2025,2025
6667463,7,5,2022,2026
6708177,7,3,2021,2024
6710513,7,2,2024,2025
6713801,7,2,2023,2024
6715104,7,2,2022,2023
6750881,7,4,2022,2025
6803320,7,3,2023,2026
6834305,7,2,2024,2025
6844580,7,3,2023,2025
6844582,7,2,2023,2024
6845605,7,2,2023,2025
6858870,7,1,2022,2022
6868489,7,3,2023,2025
6891714,7,4,2022,2025
6892761,7,2,2021,2022
6901917,7,5,2021,2025
6909234,7,3,2023,2025
6919588,7,2,2025,2026
6933112,7,3,2021,2024
6936167,7,1,2025,2025
6972175,7,2,2024,2025
6980273,7,4,2020,2025
7000623,7,3,2023,2025
7026224,7,4,2022,2026
7051823,7,4,2021,2024
7056765,7,1,2025,2025
7071150,7,4,2021,2025
7079471,7,2,2024,2025
7189621,7,2,2024,2025
7215668,7,2,2024,2025
7252304,7,1,2025,2025
7254743,7,4,2020,2024
7276193,7,2,2024,2025
7390718,7,2,2024,2025
7393522,7,4,2023,2026
7471402,7,1,2022,2022
7515355,7,2,2024,2025
7535748,7,2,2021,2023
7546002,7,3,2022,2024
7592291,7,3,2020,2024
7646712,7,2,2022,2023
7658599,7,1,2023,2023
7659638,7,3,2023,2025
7661363,7,3,2022,2026
7719841,7,2,2023,2025
7725525,7,3,2023,2025
7738250,7,3,2023,2025
7738714,7,1,2025,2025
7762429,7,3,2022,2024
7790797,7,2,2022,2023
7795955,7,2,2022,2024
7797334,7,2,2023,2024
7803624,7,4,2021,2025
7804917,7,3,2020,2022
7848286,7,4,2021,2026
7859515,7,2,2025,2026
7863899,7,3,2022,2025
7876376,7,1,2026,2026
7884706,7,4,2021,2024
7898797,7,2,2025,2026
7900667,7,4,2021,2024
7917331,7,2,2021,2022
7925776,7,4,2022,2025
7941416,7,2,2024,2025
8080601,7,2,2021,2022
8081669,7,4,2022,2026
8113081,7,6,2021,2026
8210945,7,4,2022,2025
8304196,7,2,2023,2024
8554930,7,2,2022,2025
8555673,7,3,2022,2025
8570728,7,2,2024,2025
8613350,7,3,2022,2026
8695290,7,4,2023,2026
8698695,7,1,2024,2024
8706858,7,2,2024,2025
8734127,7,2,2022,2023
8781111,7,3,2023,2025
8797030,7,3,2021,2025
8827631,7,2,2023,2025
8858861,7,3,2022,2024
8868056,7,4,2021,2025
8957219,7,4,2021,2024
8962058,7,3,2022,2024
8986390,7,3,2023,2026
9018506,7,2,2023,2024
9026372,7,3,2024,2026
9152660,7,5,2021,2026
9164276,7,3,2024,2026
9213406,7,2,2023,2024
9224749,7,2,2024,2025
9237442,7,2,2023,2025
9255319,7,3,2024,2026
9419701,7,3,2023,2025
9483339,7,2,2023,2025
9787889,7,3,2023,2025
9959127,7,3,2021,2025
10006230,7,4,2021,2025
10127803,7,3,2022,2025
10133086,7,4,2023,2026
10261742,7,3,2023,2026
10433645,7,3,2021,2023
10631169,7,2,2022,2023
10724411,7,3,2023,2025
11019115,7,2,2023,2024
11325745,7,3,2023,2025
11332075,7,5,2020,2025
11336395,7,3,2023,2025
11414886,7,4,2022,2026
11573980,7,3,2022,2025
11612328,7,3,2022,2025
11644012,7,4,2022,2025
11684590,7,2,2023,2024
11755669,7,3,2021,2025
11765031,7,2,2023,2025
11789796,7,3,2023,2025
11790819,7,3,2023,2025
11819690,7,3,2022,2024
11895732,7,2,2023,2024
11901971,7,4,2021,2025
11913612,7,2,2022,2023
11915430,7,5,2022,2026
11916381,7,3,2023,2025
11916549,7,2,2024,2025
12011714,7,1,2023,2023
12211111,7,3,2022,2025
12255727,7,1,2021,2021
12334180,7,3,2023,2025
12418325,7,3,2021,2023
12495070,7,4,2022,2025
12695061,7,4,2023,2026
12869197,7,1,2025,2025
13009507,7,4,2022,2026
13039478,7,3,2022,2025
13089126,7,3,2024,2026
13104096,7,4,2023,2026
13153871,7,2,2023,2024
13218144,7,4,2021,2025
13238523,7,4,2021,2025
13254462,7,2,2024,2025
13315732,7,3,2021,2026
13379205,7,4,2022,2025
13405636,7,2,2023,2024
13427688,7,4,2021,2025
13500323,7,2,2023,2024
13503658,7,3,2021,2023
13561852,7,3,2021,2024
13598327,7,4,2022,2025
13713056,7,2,2024,2025
13842054,7,2,2024,2025
13851366,7,2,2024,2025
13877693,7,4,2020,2025
13912706,7,1,2023,2023
14065950,7,2,2024,2025
14177541,7,2,2024,2025
14252594,7,3,2023,2025
14529932,7,5,2020,2024
14577239,7,3,2022,2025
14713068,7,2,2024,2025
14763485,7,3,2024,2026
14901877,7,4,2021,2026
15059641,7,2,2022,2023
15123882,7,1,2025,2025
15124456,7,3,2024,2026
15385987,7,3,2023,2025
15395439,7,1,2024,2024
15396632,7,4,2022,2025
15463002,7,3,2022,2025
15509673,7,4,2022,2025
15574898,7,3,2021,2025
15626099,7,3,2023,2025
15644906,7,3,2022,2024
15656363,7,2,2023,2024
15706493,7,2,2025,2026
15731454,7,3,2024,2026
15807363,7,2,2023,2024
15823259,7,3,2022,2024
15832932,7,3,2022,2024
15841952,7,3,2022,2024
15863571,7,2,2022,2023
15888548,7,4,2021,2025
15907448,7,2,2024,2025
15955834,7,4,2021,2025
15978993,7,3,2021,2023
16123777,7,2,2021,2023
16144359,7,3,2022,2025
16231238,7,2,2023,2024
16242957,7,2,2023,2024
16306835,7,2,2022,2023
16343200,7,4,2021,2026
16345604,7,3,2023,2025
16361101,7,5,2021,2026
16380469,7,3,2022,2025
16414096,7,1,2023,2023
16436504,7,3,2023,2026
16694896,7,2,2021,2022
16709327,7,4,2021,2025
16814558,7,3,2023,2025
16825817,7,3,2023,2026
16844011,7,3,2021,2024
16847954,7,3,2022,2025
16901911,7,3,2024,2026
16903306,7,4,2022,2025
16958331,7,3,2023,2025
16959154,7,3,2022,2024
17055862,7,3,2023,2026
17115987,7,5,2022,2026
17146243,7,3,2024,2026
17327620,7,2,2024,2025
17538991,7,2,2023,2024
17642549,7,3,2024,2026
17857863,7,4,2022,2026
17959013,7,3,2023,2026
18000730,7,2,2021,2023
18014786,7,4,2021,2026
18026538,7,3,2022,2024
18070010,7,1,2024,2024
18261026,7,2,2024,2025
18275189,7,3,2023,2026
18290465,7,1,2025,2025
18306409,7,3,2021,2025
18313403,7,2,2025,2026
18381332,7,3,2023,2025
18396365,7,3,2021,2023
18493536,7,3,2022,2024
18538920,7,1,2025,2025
18540683,7,2,2022,2023
18597129,7,2,2024,2025
18603538,7,2,2023,2025
18611273,7,2,2024,2025
18816667,7,3,2024,2026
18818551,7,4,2022,2025
18819112,7,3,2021,2024
18866101,7,2,2023,2024
18866691,7,3,2022,2024
18867431,7,1,2025,2025
18885828,7,2,2022,2023
18991081,7,4,2020,2025
19082791,7,3,2023,2026
19086577,7,3,2024,2026
19109853,7,3,2023,2025
19173590,7,3,2021,2025
19238999,7,2,2022,2024
19241277,7,4,2023,2026
19319071,7,4,2022,2025
19497028,7,4,2022,2025
19569895,7,3,2021,2025
19665486,7,3,2022,2024
19724790,7,3,2024,2026
19768187,7,4,2021,2025
19887391,7,4,2022,2026
19917474,7,3,2023,2025
19986510,7,5,2020,2024
20083184,7,4,2022,2025
20231890,7,3,2023,2025
20314933,7,2,2022,2023
20401078,7,3,2023,2025
20490574,7,2,2023,2024
20665210,7,3,2022,2024
20932666,7,3,2024,2026
20988085,7,3,2022,2025
21021554,7,2,2023,2024
21034269,7,2,2021,2022
21042829,7,2,2024,2025
21052147,7,3,2023,2025
21355508,7,3,2023,2025
21372757,7,2,2023,2025
21387976,7,3,2021,2024
21407422,7,3,2022,2025
21409435,7,3,2022,2024
21491536,7,2,2025,2026
21515367,7,2,2021,2022
21543546,7,4,2022,2025
21577394,7,3,2022,2025
21708053,7,1,2024,2024
21875898,7,2,2024,2025
21938589,7,3,2022,2025
22124027,7,2,2025,2026
22144738,7,1,2022,2022
22154568,7,1,2024,2024
22167691,7,1,2022,2022
22214846,7,2,2024,2025
22236973,7,2,2022,2023
22398880,7,1,2024,2024
22400387,7,2,2024,2025
22418763,7,2,2024,2025
22567912,7,2,2022,2023
22657503,7,2,2022,2023
22809848,7,1,2024,2024
22932177,7,3,2022,2024
23060936,7,2,2025,2026
23101836,7,2,2023,2024
23195187,7,1,2025,2025
23473255,7,1,2025,2025
23583285,7,2,2022,2023
23584924,7,3,2023,2025
23648257,7,3,2024,2026
23771482,7,2,2023,2024
23790878,7,2,2025,2026
23825614,7,2,2024,2025
23876728,7,2,2023,2024
23877137,7,3,2023,2025
23928678,7,3,2022,2025
24008429,7,3,2023,2025
24101943,7,2,2024,2025
24141154,7,3,2022,2025
24329547,7,3,2022,2025
24350955,7,3,2023,2026
24518742,7,2,2023,2024
24562515,7,2,2024,2025
24631368,7,4,2022,2025
24644523,7,3,2022,2024
24659067,7,2,2023,2024
24764068,7,2,2023,2024
24782814,7,2,2023,2024
24848275,7,2,2024,2025
24911844,7,3,2023,2025
24936046,7,2,2023,2025
24937971,7,1,2025,2025
24965708,7,2,2023,2024
24989358,7,3,2022,2025
25057977,7,3,2022,2024
26431826,7,3,2022,2024
26474026,7,3,2023,2025
26505890,7,1,2023,2023
26537776,7,3,2022,2025
26554704,7,3,2023,2026
26648498,7,2,2023,2024
26676607,7,4,2022,2025
26703813,7,2,2023,2024
26721812,7,2,2024,2025
26750891,7,2,2024,2025
26774980,7,2,2025,2026
26869607,7,3,2022,2024
26974228,7,3,2022,2025
27737860,7,4,2021,2026
27779232,7,4,2021,2024
27849183,7,2,2024,2025
35499453,7,2,2024,2025
35507323,7,2,2023,2025
35507856,7,2,2023,2024
35512041,7,1,2022,2022
40841915,7,4,2023,2026
40853473,7,3,2022,2024
47684254,7,2,2023,2024
48498876,7,3,2022,2025
48509599,7,2,2024,2025
48516889,7,1,2022,2022
49767730,7,2,2023,2024
53733319,7,4,2022,2025
81392792,7,4,2022,2025
81404985,7,2,2023,2024
81412458,7,2,2023,2024
90551485,7,2,2024,2025
90561405,7,2,2023,2025
90566864,7,4,2022,2025
90575303,7,4,2022,2025
90580421,7,3,2024,2026
92765618,7,2,2023,2024
92765636,7,3,2020,2024
92768869,7,3,2023,2025
92776595,7,2,2024,2025
92782300,7,2,2024,2025
92803192,7,3,2023,2025
92858380,7,2,2024,2025
92861619,7,4,2022,2026
92866426,7,2,2024,2025
92899636,7,2,2024,2025
92905816,7,3,2022,2024
92936591,7,2,2023,2024
92987426,7,4,2023,2026
93023412,7,3,2022,2024
93025860,7,2,2022,2023
93064777,7,1,2025,2025
93068038,7,2,2023,2024
93081121,7,2,2024,2025
93099513,7,3,2024,2026
93112752,7,2,2022,2023
93120572,7,2,2024,2025
93123384,7,2,2023,2024
93136662,7,2,2023,2024
93151176,7,3,2021,2025
93152783,7,2,2024,2025
93160768,7,1,2025,2025
93167570,7,3,2023,2025
93170667,7,2,2025,2026
93186101,7,1,2022,2022
93205376,7,3,2022,2025
93211882,7,2,2024,2025
93280098,7,3,2024,2026
93298283,7,3,2021,2023
93308375,7,2,2024,2025
93317629,7,3,2021,2023
93326692,7,3,2023,2025
93327148,7,3,2023,2025
93334325,7,2,2023,2024
93338206,7,2,2022,2023
93340039,7,2,2024,2025
93373464,7,3,2023,2026
93424267,7,1,2025,2025
93434519,7,2,2024,2025
93459155,7,4,2021,2024
93497491,7,2,2024,2025
93523320,7,3,2024,2026
93530507,7,3,2023,2025
93573442,7,2,2025,2026
93598583,7,5,2021,2025
93599699,7,3,2024,2026
93700366,7,2,2024,2025
93724545,7,2,2025,2026
93735896,7,4,2022,2026
93739829,7,3,2022,2026
93755975,7,2,2021,2023
93797860,7,4,2022,2025
93853384,7,3,2024,2026
93884245,7,1,2024,2024
93959603,7,2,2025,2026
93992507,7,4,2023,2026
94012962,7,2,2024,2025
94037275,7,3,2023,2025
94127537,7,3,2023,2025
94148656,7,2,2024,2025
94164720,7,3,2023,2025
94169674,7,3,2023,2025
94229994,7,2,2023,2024
94310773,7,2,2022,2023
94329652,7,3,2023,2026
94348077,7,1,2024,2024
94432193,7,3,2023,2025
94488009,7,2,2023,2024
94489044,7,3,2023,2025
94511574,7,2,2024,2025
94520157,7,3,2024,2026
94528724,7,1,2025,2025
94537824,7,2,2023,2024
94596953,7,2,2024,2025
94664575,7,2,2024,2025
94689255,7,3,2022,2025
94725656,7,4,2023,2026
94815803,7,2,2023,2025
94887716,7,3,2024,2026
94896881,7,1,2024,2024
94907274,7,3,2023,2025
94930784,7,2,2024,2025
94952050,7,4,2023,2026
94960577,7,2,2023,2024
94996152,7,2,2024,2025
95053580,7,2,2025,2026
95059264,7,2,2023,2024
95073849,7,2,2024,2025
95081164,7,2,2025,2026
95190035,7,2,2025,2026
95262636,7,2,2022,2023
95309724,7,1,2025,2025
95350812,7,2,2024,2025
95351954,7,5,2021,2025
95421069,7,1,2023,2023
95566212,7,3,2024,2026
95566354,7,2,2024,2025
95591365,7,2,2023,2024
95591809,7,2,2024,2025
95612310,7,3,2024,2026
95672185,7,1,2025,2025
95690897,7,3,2023,2025
95721339,7,3,2023,2025
95753063,7,4,2023,2026
95803163,7,2,2023,2024
95817116,7,2,2025,2026
95824617,7,3,2023,2025
95832515,7,2,2023,2024
95832797,7,3,2022,2025
95857878,7,2,2023,2024
95920317,7,2,2024,2025
96021238,7,4,2022,2025
96034657,7,2,2023,2025
96034752,7,1,2025,2025
96038563,7,3,2022,2024
96222362,7,3,2024,2026
96241043,7,2,2024,2025
96303323,7,2,2024,2025
96352064,7,3,2023,2025
96497526,7,3,2024,2026
96555205,7,3,2024,2026
96582389,7,2,2024,2025
96661391,7,2,2024,2025
96673045,7,1,2024,2024
96788237,7,2,2024,2025
96841811,7,2,2023,2024
96844927,7,3,2024,2026
97021156,7,2,2024,2025
97030693,7,1,2024,2024
97035403,7,2,2024,2025
97070872,7,4,2022,2025
97095590,7,4,2022,2025
97108967,7,3,2024,2026
97181014,7,2,2024,2025
97301026,7,2,2024,2025
97439424,7,2,2024,2025
97584544,7,3,2024,2026
97614837,7,2,2023,2024
97633908,7,1,2025,2025
97643591,7,4,2022,2026
97730532,7,3,2022,2025
97740557,7,2,2025,2026
97751827,7,2,2024,2025
97842215,7,2,2025,2026
97882581,7,3,2022,2025
97914867,7,2,2024,2025
97947677,7,3,2024,2026
97955841,7,2,2022,2023
98144681,7,3,2024,2026
98151450,7,3,2024,2026
98287930,7,1,2024,2024
98556579,7,3,2022,2024
98643801,7,2,2025,2026
98765980,7,2,2024,2025
99183034,7,2,2025,2026
99355376,7,1,2025,2025
99408679,7,2,2025,2026
99835048,7,3,2024,2026
99852595,7,2,2025,2026
100178817,7,3,2024,2026
100269858,7,1,2025,2025
100292711,7,2,2025,2026
100574887,7,2,2025,2026
100588969,7,1,2025,2025
100608435,7,1,2025,2025
100841897,7,2,2025,2026
100856717,7,1,2024,2024
100964470,7,1,2025,2025
100978299,7,1,2025,2025
101120557,7,3,2024,2026
101150409,7,1,2025,2025
101206497,7,3,2023,2025
101325349,7,3,2022,2025
101429222,7,3,2023,2026
101740007,7,2,2025,2026
101784526,7,3,2024,2026
14437,6,2,2021,2022
14600,6,1,2023,2023
25689,6,2,2024,2025
36001,6,1,2024,2024
50536,6,3,2023,2025
51172,6,1,2025,2025
57092,6,3,2024,2026
60325,6,2,2021,2022
60914,6,1,2021,2021
68024,6,3,2021,2025
69998,6,3,2023,2026
71901,6,2,2023,2026
73345,6,1,2024,2024
73389,6,1,2024,2024
76605,6,2,2024,2025
77029,6,1,2025,2025
78071,6,1,2024,2024
82974,6,1,2025,2025
83064,6,1,2024,2024
84875,6,4,2022,2025
88430,6,4,2022,2025
90620,6,4,2021,2024
93857,6,5,2020,2025
94099,6,2,2023,2026
95063,6,2,2025,2026
104136,6,1,2025,2025
112421,6,1,2025,2025
116962,6,1,2022,2022
117769,6,1,2025,2025
118403,6,2,2020,2022
122256,6,1,2026,2026
137833,6,2,2024,2025
139408,6,2,2025,2026
147538,6,4,2022,2025
154235,6,3,2021,2026
157920,6,3,2021,2023
163286,6,2,2024,2025
183947,6,2,2024,2025
198090,6,1,2025,2025
226485,6,3,2023,2025
229224,6,2,2024,2025
235602,6,3,2023,2025
235945,6,2,2024,2025
237305,6,2,2024,2025
241097,6,4,2023,2026
243489,6,1,2025,2025
249115,6,2,2024,2025
250346,6,1,2024,2024
278849,6,1,2025,2025
282833,6,2,2023,2024
284018,6,1,2023,2023
284770,6,2,2022,2023
290238,6,2,2020,2021
291272,6,1,2025,2025
296191,6,2,2024,2025
300360,6,3,2023,2025
301612,6,2,2021,2023
301721,6,2,2024,2025
303068,6,2,2024,2025
305306,6,2,2025,2026
306545,6,2,2023,2025
308196,6,3,2022,2024
309083,6,2,2021,2023
314011,6,2,2023,2025
319946,6,3,2023,2025
323951,6,2,2021,2022
330583,6,2,2024,2025
333274,6,2,2024,2025
336997,6,2,2021,2022
338314,6,2,2024,2025
338687,6,3,2023,2025
339418,6,1,2024,2024
348355,6,2,2023,2025
348979,6,4,2023,2026
351714,6,1,2023,2023
351911,6,3,2023,2025
352624,6,2,2021,2025
353466,6,1,2024,2024
358926,6,3,2022,2025
361860,6,3,2023,2026
366282,6,2,2024,2025
368122,6,2,2021,2022
370409,6,1,2025,2025
370486,6,2,2023,2024
374417,6,1,2023,2023
376393,6,2,2023,2024
379358,6,2,2022,2023
384592,6,1,2022,2022
390921,6,3,2021,2025
399068,6,2,2024,2025
399442,6,1,2025,2025
416629,6,1,2025,2025
417423,6,2,2025,2026
420788,6,4,2022,2026
423472,6,3,2021,2025
425472,6,1,2025,2025
425897,6,1,2025,2025
428218,6,1,2021,2021
434765,6,1,2025,2025
439723,6,2,2025,2026
440374,6,3,2021,2026
440711,6,4,2020,2025
451351,6,1,2022,2022
460775,6,1,2025,2025
462649,6,3,2023,2026
464774,6,3,2024,2026
467015,6,1,2025,2025
477265,6,1,2024,2024
477433,6,3,2021,2026
477978,6,1,2025,2025
479743,6,2,2025,2026
483693,6,2,2024,2025
485765,6,3,2021,2025
487701,6,2,2021,2025
489116,6,3,2020,2023
494395,6,3,2021,2025
495313,6,2,2025,2026
514215,6,2,2025,2026
516146,6,3,2022,2024
516488,6,1,2025,2025
523775,6,1,2025,2025
525978,6,3,2022,2025
541151,6,2,2022,2023
554238,6,3,2023,2026
559611,6,1,2025,2025
567991,6,2,2022,2023
570641,6,2,2023,2025
577121,6,1,2022,2022
581386,6,2,2024,2025
587019,6,3,2021,2023
591491,6,1,2025,2025
596243,6,1,2025,2025
612338,6,2,2024,2025
638873,6,2,2020,2025
642378,6,1,2025,2025
643602,6,2,2023,2025
648653,6,2,2024,2025
662028,6,2,2024,2025
667032,6,1,2025,2025
670505,6,4,2023,2026
675743,6,2,2024,2025
678660,6,1,2024,2024
690058,6,3,2022,2024
690114,6,2,2022,2023
694892,6,2,2024,2025
696219,6,2,2024,2025
699819,6,3,2023,2025
708822,6,2,2022,2023
712022,6,1,2025,2025
716590,6,1,2022,2022
719804,6,3,2024,2026
720070,6,1,2025,2025
721770,6,2,2023,2025
722853,6,2,2021,2022
731439,6,1,2025,2025
734828,6,3,2020,2022
738622,6,1,2024,2024
738972,6,2,2024,2025
745305,6,1,2025,2025
763019,6,2,2023,2024
769618,6,3,2023,2025
778053,6,1,2021,2021
780881,6,2,2024,2025
787385,6,2,2021,2024
787698,6,4,2020,2024
788855,6,2,2022,2023
790627,6,3,2023,2026
793117,6,1,2025,2025
793580,6,2,2023,2025
796169,6,1,2026,2026
801041,6,3,2024,2026
801633,6,2,2023,2024
803437,6,2,2023,2024
817412,6,2,2022,2023
818502,6,2,2025,2026
819154,6,2,2023,2024
834239,6,1,2025,2025
835548,6,2,2023,2024
850588,6,2,2023,2024
850839,6,1,2025,2025
854184,6,4,2022,2025
854515,6,2,2023,2024
854671,6,3,2023,2025
862421,6,3,2024,2026
862592,6,3,2023,2026
869833,6,2,2021,2022
872426,6,1,2024,2024
872934,6,1,2025,2025
874753,6,2,2024,2025
885879,6,1,2025,2025
893857,6,2,2023,2025
895822,6,4,2021,2024
916954,6,3,2022,2024
919047,6,2,2024,2025
920272,6,1,2025,2025
921749,6,2,2020,2021
923970,6,2,2024,2025
927677,6,2,2024,2025
928797,6,3,2023,2025
933970,6,1,2025,2025
936275,6,2,2025,2026
936891,6,4,2023,2026
936950,6,1,2022,2022
938381,6,1,2022,2022
942391,6,1,2024,2024
948929,6,2,2024,2025
950874,6,3,2024,2026
968565,6,2,2024,2025
972351,6,1,2025,2025
975477,6,2,2024,2025
978182,6,2,2022,2023
978206,6,2,2023,2024
978658,6,2,2024,2025
981192,6,3,2021,2026
981697,6,2,2023,2024
995202,6,3,2023,2026
1002579,6,2,2020,2025
1006006,6,4,2022,2025
1007451,6,3,2021,2023
1020407,6,3,2023,2025
1020542,6,2,2024,2025
1027938,6,1,2025,2025
1031547,6,3,2023,2025
1032481,6,1,2021,2021
1045247,6,3,2024,2026
1052699,6,3,2022,2025
1054715,6,2,2021,2022
1055376,6,1,2025,2025
1058199,6,2,2021,2022
1059375,6,3,2023,2025
1072784,6,1,2025,2025
1079357,6,2,2024,2025
1087816,6,2,2023,2025
1088513,6,2,2024,2025
1089726,6,3,2023,2025
1090072,6,4,2020,2025
1091832,6,2,2024,2025
1093682,6,1,2022,2022
1098321,6,1,2025,2025
1109138,6,1,2022,2022
1118070,6,3,2024,2026
1130812,6,2,2021,2022
1130985,6,3,2021,2025
1132667,6,1,2025,2025
1135371,6,3,2022,2024
1139515,6,2,2022,2023
1146807,6,2,2022,2023
1181018,6,1,2023,2023
1181876,6,4,2022,2026
1188270,6,2,2024,2025
1189554,6,1,2025,2025
1201703,6,2,2024,2025
1207456,6,3,2021,2024
1216866,6,2,2021,2022
1217285,6,1,2020,2020
1218397,6,2,2024,2025
1219468,6,2,2023,2025
1224986,6,3,2021,2024
1227223,6,1,2025,2025
1234215,6,2,2022,2023
1246610,6,2,2021,2022
1249598,6,5,2021,2025
1260052,6,2,2023,2025
1264851,6,3,2021,2024
1269827,6,2,2022,2023
1279090,6,3,2024,2026
1282848,6,2,2022,2023
1289236,6,2,2023,2024
1292162,6,4,2022,2026
1302341,6,2,2025,2026
1314890,6,1,2023,2023
1326416,6,2,2022,2023
1331226,6,2,2021,2022
1336907,6,1,2025,2025
1339355,6,1,2025,2025
1340978,6,2,2024,2025
1341572,6,1,2022,2022
1343324,6,2,2021,2025
1344728,6,3,2023,2026
1367233,6,2,2021,2025
1378533,6,1,2025,2025
1390558,6,2,2021,2022
1395618,6,2,2022,2023
1399498,6,3,2022,2026
1400847,6,4,2022,2025
1409784,6,2,2025,2026
1411352,6,2,2021,2022
1422953,6,1,2025,2025
1425529,6,1,2024,2024
1427310,6,2,2021,2022
1449747,6,1,2021,2021
1457924,6,1,2022,2022
1469843,6,2,2022,2023
1470328,6,2,2020,2021
1471147,6,1,2024,2024
1473435,6,4,2023,2026
1496843,6,2,2021,2022
1498015,6,1,2025,2025
1577622,6,2,2024,2025
1580116,6,2,2024,2025
1638025,6,1,2024,2024
1646526,6,4,2022,2025
1658884,6,2,2021,2022
1660896,6,2,2024,2025
1670960,6,2,2024,2025
1680434,6,3,2020,2022
1705894,6,3,2022,2024
1748617,6,2,2023,2024
1753064,6,2,2024,2025
1800873,6,3,2021,2025
1801776,6,3,2022,2025
1815819,6,3,2020,2022
1817851,6,1,2022,2022
1875364,6,2,2021,2022
1884773,6,3,2022,2024
1926273,6,3,2021,2026
1927639,6,2,2021,2022
1933973,6,3,2022,2025
1934506,6,2,2024,2025
2007389,6,5,2021,2026
2021053,6,3,2022,2025
2030193,6,1,2023,2023
2041318,6,3,2022,2024
2043319,6,4,2022,2025
2045070,6,2,2022,2023
2047923,6,4,2021,2026
2051511,6,2,2025,2026
2052266,6,3,2022,2025
2078938,6,2,2022,2025
2149401,6,4,2020,2024
2149608,6,3,2024,2026
2169314,6,4,2021,2025
2197692,6,2,2022,2023
2198912,6,3,2021,2025
2203053,6,2,2024,2025
2238447,6,2,2022,2025
2262070,6,2,2024,2025
2278044,6,3,2020,2023
2326304,6,1,2021,2021
2379832,6,2,2024,2025
2383883,6,2,2024,2025
2388147,6,3,2022,2026
2390712,6,2,2024,2025
2431607,6,3,2024,2026
2499258,6,1,2022,2022
2516285,6,3,2021,2024
2538100,6,4,2023,2026
2654641,6,4,2022,2025
2679482,6,2,2024,2025
2693474,6,3,2021,2023
2747393,6,4,2023,2026
2774349,6,2,2022,2023
2777462,6,1,2025,2025
2789441,6,3,2021,2023
2805799,6,3,2023,2025
2827407,6,2,2024,2025
2844502,6,2,2021,2022
2870474,6,1,2023,2023
2882458,6,3,2023,2026
2906500,6,2,2022,2024
2911762,6,2,2024,2025
2915823,6,2,2024,2025
2931752,6,2,2025,2026
2944024,6,3,2022,2025
2955276,6,3,2021,2026
2958567,6,3,2021,2023
2982309,6,3,2023,2025
3027603,6,2,2023,2024
3048873,6,4,2022,2025
3069909,6,5,2021,2026
3100693,6,2,2023,2024
3117001,6,3,2024,2026
3121130,6,5,2021,2025
3139605,6,1,2023,2023
3142803,6,3,2024,2026
3178278,6,3,2021,2023
3186902,6,1,2023,2023
3199934,6,3,2023,2025
3199962,6,1,2023,2023
3228566,6,1,2021,2021
3230595,6,2,2022,2023
3244073,6,2,2024,2025
3283199,6,4,2021,2025
3288538,6,4,2021,2025
3289213,6,2,2022,2024
3301287,6,3,2021,2024
3311400,6,4,2022,2025
3322278,6,2,2020,2021
3353650,6,3,2022,2024
3362781,6,1,2025,2025
3368508,6,1,2025,2025
3370252,6,2,2024,2025
3382467,6,1,2025,2025
3385647,6,4,2022,2026
3388925,6,3,2021,2024
3397688,6,4,2021,2026
3402939,6,3,2021,2025
3418870,6,1,2023,2023
3452081,6,2,2021,2024
3452795,6,3,2021,2025
3454908,6,3,2022,2024
3460445,6,3,2024,2026
3460611,6,4,2021,2025
3462105,6,3,2023,2025
3474820,6,2,2024,2025
3481611,6,2,2021,2022
3534092,6,3,2023,2025
3545093,6,4,2021,2025
3552067,6,3,2020,2024
3597283,6,2,2024,2025
3604230,6,2,2024,2025
3621640,6,3,2022,2025
3624226,6,4,2023,2026
3642247,6,2,2023,2025
3660781,6,2,2022,2023
3684491,6,2,2023,2025
3691559,6,2,2023,2024
3694974,6,3,2023,2025
3699946,6,2,2024,2025
3702325,6,2,2024,2025
3712208,6,3,2023,2026
3718365,6,3,2023,2025
3738678,6,3,2024,2026
3742463,6,2,2021,2022
3742630,6,4,2022,2025
3748055,6,2,2025,2026
3789957,6,5,2021,2025
3813466,6,2,2024,2025
3815071,6,2,2023,2024
3823029,6,3,2021,2023
3836116,6,1,2021,2021
3837302,6,2,2021,2025
3844246,6,2,2021,2024
3846218,6,3,2023,2026
3851721,6,4,2021,2025
3865935,6,3,2023,2025
3907351,6,2,2023,2025
3947770,6,2,2024,2026
3972414,6,3,2022,2025
3973384,6,3,2022,2024
3984778,6,2,2024,2025
4015900,6,1,2023,2023
4019179,6,2,2024,2025
4028360,6,1,2025,2025
4051730,6,2,2024,2025
4072401,6,4,2020,2024
4109384,6,2,2025,2026
4164084,6,2,2024,2025
4209293,6,1,2023,2023
4211301,6,3,2020,2022
4280947,6,1,2025,2025
4287228,6,3,2022,2025
4302210,6,2,2023,2024
4323230,6,2,2024,2025
4323789,6,3,2021,2023
4325681,6,2,2022,2024
4377838,6,4,2020,2025
4384270,6,1,2025,2025
4401149,6,1,2023,2023
4406731,6,3,2020,2023
4408872,6,2,2022,2023
4410053,6,2,2025,2026
4449144,6,1,2025,2025
4463815,6,1,2023,2023
4476824,6,2,2024,2025
4486043,6,2,2023,2024
4500668,6,4,2022,2026
4501291,6,1,2023,2023
4508985,6,2,2021,2022
4513304,6,1,2022,2022
4521937,6,3,2021,2024
4527061,6,2,2022,2023
4531736,6,4,2021,2025
4532738,6,2,2025,2026
4611166,6,3,2022,2024
4654217,6,1,2023,2023
4655153,6,3,2024,2026
4679308,6,2,2023,2025
4693687,6,3,2024,2026
4698649,6,3,2022,2025
4698816,6,4,2022,2026
4749945,6,2,2025,2026
4749946,6,2,2023,2024
4777035,6,1,2023,2023
4782119,6,2,2022,2024
4797520,6,2,2024,2025
4835157,6,3,2024,2026
4841373,6,2,2024,2025
4843401,6,1,2025,2025
4844127,6,2,2022,2024
4902448,6,3,2024,2026
4908788,6,2,2024,2025
4911952,6,3,2023,2025
4937368,6,2,2024,2025
4957996,6,5,2022,2026
4965362,6,2,2024,2025
4967131,6,2,2022,2023
4980074,6,4,2023,2026
4984111,6,3,2022,2024
4989244,6,2,2023,2024
5000597,6,2,2022,2023
5002949,6,4,2022,2026
5021563,6,4,2021,2024
5031358,6,2,2023,2024
5062827,6,2,2022,2024
5136301,6,3,2024,2026
5137268,6,3,2021,2025
5156685,6,2,2022,2024
5162751,6,3,2022,2026
5164433,6,1,2025,2025
5171104,6,1,2024,2024
5174448,6,3,2021,2024
5175796,6,5,2022,2026
5193352,6,2,2023,2024
5193951,6,2,2021,2024
5208708,6,2,2024,2025
5237224,6,3,2021,2024
5243716,6,4,2021,2024
5260930,6,2,2023,2024
5289155,6,2,2022,2024
5290460,6,4,2021,2024
5321314,6,3,2021,2025
5357585,6,3,2022,2024
5376225,6,2,2022,2023
5388879,6,3,2022,2025
5391716,6,3,2022,2026
5416961,6,1,2024,2024
5417059,6,3,2023,2025
5428081,6,1,2025,2025
5433363,6,2,2024,2025
5439927,6,2,2024,2025
5443328,6,2,2023,2025
5454126,6,2,2024,2025
5454938,6,2,2024,2025
5459395,6,3,2021,2025
5491640,6,3,2024,2026
5526211,6,4,2023,2026
5550588,6,2,2022,2023
5566992,6,1,2024,2024
5573670,6,2,2024,2025
5598922,6,3,2021,2023
5610925,6,4,2021,2025
5622600,6,1,2025,2025
5678094,6,2,2025,2026
5685577,6,3,2023,2025
5696973,6,3,2022,2024
5706874,6,3,2021,2024
5829002,6,3,2023,2025
5858936,6,2,2024,2025
5896107,6,2,2023,2024
5960675,6,2,2022,2024
6014457,6,3,2022,2024
6022418,6,3,2024,2026
6031644,6,2,2024,2025
6038229,6,3,2021,2023
6091322,6,3,2023,2025
6098397,6,4,2023,2026
6099871,6,2,2025,2026
6115509,6,3,2023,2025
6139469,6,4,2021,2025
6139973,6,2,2024,2025
6144706,6,1,2023,2023
6166106,6,1,2025,2025
6188777,6,2,2023,2025
6213029,6,3,2023,2025
6224636,6,4,2021,2025
6228984,6,2,2022,2024
6241997,6,2,2022,2023
6266253,6,3,2023,2025
6273873,6,3,2023,2026
6379348,6,2,2024,2025
6415464,6,3,2020,2022
6423425,6,2,2022,2023
6502202,6,4,2022,2025
6504719,6,1,2025,2025
6509510,6,1,2025,2025
6513740,6,2,2022,2025
6540181,6,1,2025,2025
6566953,6,3,2022,2024
6568719,6,3,2023,2025
6568885,6,2,2021,2022
6570222,6,2,2023,2026
6570362,6,2,2022,2024
6585441,6,4,2022,2025
6585718,6,4,2021,2024
6601566,6,2,2023,2025
6607015,6,3,2023,2025
6607495,6,2,2021,2022
6620499,6,4,2022,2026
6640417,6,2,2021,2022
6672312,6,3,2021,2023
6688843,6,2,2021,2022
6700066,6,3,2021,2025
6715097,6,3,2020,2022
6716903,6,2,2022,2023
6719649,6,3,2020,2022
6772107,6,1,2025,2025
6810048,6,4,2022,2026
6811638,6,1,2022,2022
6812834,6,2,2022,2023
6844585,6,2,2022,2023
6853882,6,3,2022,2025
6867905,6,4,2021,2025
6887252,6,2,2024,2025
6894684,6,1,2025,2025
6939419,6,3,2022,2024
6978076,6,3,2021,2023
6980856,6,3,2022,2024
6981393,6,2,2023,2025
6983666,6,1,2025,2025
6995722,6,1,2024,2024
7002385,6,2,2021,2022
7012587,6,1,2022,2022
7027910,6,2,2022,2023
7034684,6,2,2020,2024
7050514,6,1,2023,2023
7063455,6,2,2020,2021
7065568,6,3,2021,2024
7101803,6,3,2021,2024
7109549,6,5,2021,2025
7120052,6,1,2021,2021
7144502,6,2,2022,2025
7186753,6,2,2023,2024
7202117,6,2,2022,2023
7204237,6,2,2021,2022
7229795,6,2,2023,2026
7250508,6,4,2021,2024
7266469,6,2,2020,2024
7278616,6,1,2022,2022
7289654,6,1,2021,2021
7386670,6,2,2023,2024
7465468,6,2,2021,2022
7566755,6,1,2025,2025
7646884,6,1,2025,2025
7646993,6,3,2022,2025
7667346,6,3,2022,2025
7674280,6,4,2021,2025
7675926,6,2,2024,2025
7702563,6,3,2024,2026
7730455,6,3,2021,2023
7739359,6,3,2023,2025
7773972,6,3,2023,2026
7782940,6,4,2021,2024
7786879,6,3,2021,2025
7789527,6,2,2025,2026
7792062,6,2,2025,2026
7797245,6,3,2022,2025
7804771,6,1,2025,2025
7828012,6,2,2024,2025
7891936,6,1,2025,2025
7899988,6,2,2021,2022
7907018,6,4,2023,2026
7910602,6,2,2022,2025
7911780,6,2,2022,2023
7945139,6,1,2022,2022
7975921,6,2,2025,2026
7983434,6,1,2025,2025
8095968,6,2,2021,2022
8104327,6,4,2021,2025
8111172,6,1,2025,2025
8122664,6,2,2024,2025
8134129,6,3,2021,2025
8266355,6,3,2023,2026
8295386,6,3,2022,2025
8397988,6,3,2023,2025
8454763,6,4,2021,2026
8455126,6,4,2021,2025
8485502,6,4,2023,2026
8550552,6,4,2023,2026
8558197,6,2,2023,2025
8583690,6,3,2022,2024
8604315,6,2,2023,2024
8623211,6,3,2022,2024
8623781,6,2,2025,2026
8623884,6,2,2024,2025
8643593,6,3,2023,2026
8670356,6,2,2024,2025
8679448,6,4,2021,2026
8679459,6,3,2022,2024
8755366,6,2,2023,2024
8780228,6,1,2022,2022
8800098,6,3,2022,2024
8809694,6,2,2022,2025
8821191,6,3,2023,2026
8830766,6,3,2022,2024
8974370,6,3,2022,2024
9001670,6,2,2024,2025
9060027,6,2,2023,2024
9178815,6,1,2025,2025
9311778,6,3,2023,2025
9326655,6,2,2024,2025
9336747,6,1,2021,2021
9403327,6,2,2024,2025
9614841,6,4,2021,2026
9686212,6,2,2022,2024
9712597,6,3,2023,2026
9967420,6,2,2022,2023
10227168,6,2,2021,2022
10227374,6,2,2025,2026
10237304,6,4,2022,2025
10445657,6,5,2022,2026
10454522,6,3,2023,2025
10484780,6,2,2022,2023
10529658,6,2,2023,2024
10550647,6,3,2022,2024
10661635,6,1,2023,2023
10722435,6,2,2023,2024
10843560,6,2,2024,2025
10950422,6,4,2021,2024
10953333,6,2,2024,2025
11060218,6,2,2025,2026
11075411,6,2,2024,2025
11091891,6,2,2022,2023
11097110,6,3,2021,2025
11098210,6,2,2022,2024
11185336,6,3,2021,2025
11203737,6,2,2023,2026
11227744,6,2,2025,2026
11338643,6,2,2024,2026
11387341,6,2,2022,2023
11393524,6,4,2020,2024
11504910,6,1,2023,2023
11568727,6,2,2024,2025
11622171,6,2,2021,2022
11718049,6,1,2026,2026
11748433,6,2,2025,2026
11836865,6,3,2023,2025
11843984,6,3,2024,2026
12076926,6,3,2022,2025
12100179,6,2,2022,2024
12154172,6,4,2022,2025
12183735,6,2,2022,2024
12337055,6,3,2022,2024
12386662,6,5,2022,2026
12408171,6,1,2023,2023
12628603,6,3,2021,2023
12636154,6,3,2022,2024
12644456,6,3,2023,2026
12679111,6,2,2024,2025
12703292,6,3,2022,2025
12749216,6,2,2023,2024
12786295,6,2,2020,2021
12882816,6,3,2023,2025
12933585,6,4,2023,2026
12967933,6,2,2024,2025
13217878,6,4,2021,2025
13218317,6,3,2023,2025
13333223,6,2,2023,2024
13454643,6,1,2023,2023
13480071,6,2,2022,2023
13528813,6,2,2024,2025
13583688,6,3,2023,2025
13600775,6,3,2023,2025
13601331,6,4,2022,2025
13646277,6,2,2023,2025
13659415,6,2,2022,2023
13659507,6,3,2021,2024
13745257,6,2,2023,2024
13753255,6,2,2021,2022
13832652,6,3,2021,2026
13850337,6,1,2022,2022
13865199,6,1,2023,2023
13884311,6,2,2022,2023
13887462,6,2,2023,2025
13901537,6,1,2023,2023
14069236,6,2,2025,2026
14070420,6,5,2021,2026
14172066,6,3,2022,2025
14256843,6,4,2021,2025
14283533,6,3,2021,2023
14310948,6,3,2024,2026
14323343,6,2,2023,2025
14353424,6,3,2022,2025
14373967,6,2,2021,2022
14396997,6,4,2021,2025
14424200,6,3,2023,2025
14509694,6,2,2023,2024
14696320,6,1,2021,2021
14767672,6,2,2024,2025
15053408,6,2,2024,2025
15116107,6,2,2024,2025
15123514,6,3,2024,2026
15170787,6,3,2022,2025
15267481,6,2,2021,2023
15328931,6,1,2025,2025
15343399,6,4,2023,2026
15370182,6,2,2023,2024
15432953,6,3,2021,2024
15434288,6,3,2023,2025
15443530,6,2,2023,2024
15491677,6,3,2021,2024
15600604,6,2,2024,2025
15679250,6,3,2022,2025
15776693,6,1,2023,2023
15850681,6,2,2023,2024
15860558,6,2,2021,2022
15865029,6,2,2022,2023
15883270,6,2,2023,2024
15892978,6,1,2025,2025
15935341,6,2,2024,2025
16016921,6,4,2022,2025
16040286,6,2,2021,2023
16127196,6,4,2021,2025
16238163,6,4,2021,2024
16245671,6,3,2021,2025
16358763,6,2,2024,2025
16389587,6,1,2025,2025
16400514,6,3,2023,2025
16471222,6,3,2023,2025
16488144,6,3,2023,2025
16497467,6,1,2022,2022
16530110,6,3,2022,2024
16599315,6,1,2025,2025
16713232,6,2,2023,2025
16784574,6,2,2022,2025
16822173,6,1,2025,2025
16936029,6,2,2022,2023
16965529,6,2,2021,2023
17046425,6,2,2023,2024
17049265,6,1,2024,2024
17116292,6,3,2022,2025
17119077,6,3,2021,2024
17291286,6,2,2021,2022
17387990,6,4,2022,2026
17404151,6,2,2024,2026
17501735,6,3,2021,2024
17509089,6,2,2024,2025
17533280,6,3,2023,2025
17564946,6,3,2023,2025
17735207,6,3,2023,2025
17769387,6,2,2023,2024
17820158,6,2,2021,2022
17866652,6,2,2024,2025
17931685,6,1,2025,2025
17953814,6,2,2024,2025
17957703,6,4,2021,2026
18017272,6,2,2024,2025
18050751,6,2,2022,2023
18065529,6,2,2021,2022
18101723,6,1,2024,2024
18186311,6,2,2023,2024
18207129,6,3,2023,2025
18216284,6,2,2024,2025
18260830,6,2,2024,2026
18275430,6,4,2022,2025
18300558,6,2,2024,2025
18313828,6,3,2023,2025
18322519,6,3,2022,2024
18330442,6,3,2023,2025
18386676,6,3,2021,2024
18415701,6,3,2022,2024
18721427,6,2,2021,2022
18815567,6,3,2024,2026
18828190,6,5,2021,2026
18911120,6,3,2022,2025
18922831,6,1,2024,2024
18987711,6,1,2025,2025
19001613,6,2,2021,2022
19059322,6,3,2021,2025
19087006,6,3,2022,2025
19303842,6,4,2021,2026
19322467,6,4,2022,2026
19332068,6,2,2023,2025
19336712,6,3,2024,2026
19342858,6,2,2022,2023
19351283,6,1,2025,2025
19378063,6,3,2021,2024
19402997,6,4,2023,2026
19474148,6,3,2023,2025
19496693,6,4,2021,2025
19546823,6,3,2022,2024
19619856,6,3,2021,2024
19640737,6,3,2023,2025
19804912,6,1,2022,2022
19817776,6,2,2023,2024
19877868,6,3,2022,2025
19893234,6,4,2022,2025
19936025,6,2,2024,2025
19941653,6,4,2023,2026
19994224,6,2,2022,2026
20015357,6,2,2023,2025
20039261,6,3,2022,2025
20128366,6,4,2022,2025
20317901,6,4,2021,2024
20384336,6,3,2023,2025
20521746,6,4,2020,2025
20571447,6,2,2025,2026
20571518,6,2,2023,2024
20585267,6,3,2023,2025
20922348,6,3,2023,2025
20931558,6,2,2021,2022
20938761,6,1,2025,2025
20969573,6,2,2025,2026
20993483,6,1,2025,2025
21028685,6,2,2024,2025
21037151,6,3,2022,2026
21054877,6,1,2023,2023
21380984,6,3,2023,2026
21388499,6,4,2022,2025
21544247,6,2,2024,2025
21599377,6,3,2022,2025
21659426,6,3,2022,2025
21668512,6,2,2022,2023
21800161,6,4,2022,2025
21807101,6,2,2023,2024
21812300,6,2,2024,2025
21851005,6,3,2022,2025
21875858,6,3,2023,2025
21955671,6,4,2022,2025
21973305,6,3,2022,2024
21982111,6,4,2020,2024
21986524,6,4,2022,2026
21991026,6,1,2024,2024
22063478,6,2,2024,2025
22065056,6,3,2021,2024
22143384,6,1,2025,2025
22145608,6,1,2025,2025
22150863,6,2,2023,2024
22160901,6,2,2023,2025
22180361,6,2,2023,2025
22186982,6,1,2025,2025
22211626,6,2,2023,2024
22215704,6,2,2025,2026
22217269,6,4,2022,2025
22221056,6,2,2022,2023
22226748,6,2,2024,2025
22251237,6,1,2024,2024
22258029,6,2,2024,2025
22261734,6,2,2022,2023
22306662,6,4,2021,2025
22401531,6,3,2021,2023
22559814,6,3,2023,2025
22606914,6,3,2024,2026
22643398,6,3,2023,2025
22719071,6,4,2021,2024
22760341,6,5,2020,2025
22766346,6,1,2023,2023
22832415,6,4,2023,2026
22881147,6,1,2022,2022
22964615,6,3,2022,2024
23182541,6,1,2025,2025
23248549,6,3,2021,2023
23267864,6,1,2023,2023
23291129,6,3,2024,2026
23334932,6,2,2024,2025
23386996,6,1,2025,2025
23449121,6,1,2023,2023
23479834,6,3,2024,2026
23570273,6,2,2023,2024
23650652,6,2,2023,2024
23654725,6,3,2023,2025
23834809,6,1,2022,2022
23854933,6,2,2024,2025
23868446,6,2,2023,2024
23889303,6,1,2023,2023
23893900,6,2,2023,2024
23979940,6,2,2024,2025
23981164,6,4,2023,2026
24026193,6,3,2022,2025
24077492,6,3,2023,2025
24098109,6,2,2024,2025
24098362,6,3,2023,2025
24107646,6,2,2023,2025
24115023,6,1,2023,2023
24132796,6,3,2022,2025
24150545,6,2,2024,2025
24155630,6,4,2022,2025
24164534,6,2,2022,2024
24280608,6,2,2024,2025
24324321,6,2,2023,2024
24329704,6,1,2024,2024
24332651,6,3,2023,2025
24356057,6,2,2023,2025
24474927,6,3,2023,2025
24482259,6,2,2023,2025
24582156,6,2,2022,2023
24587147,6,1,2024,2024
24652436,6,3,2022,2025
24756726,6,2,2024,2026
24783143,6,4,2022,2026
24802645,6,3,2021,2024
24864756,6,3,2022,2024
24871743,6,2,2022,2023
24962977,6,3,2023,2025
25003343,6,2,2023,2024
25161171,6,1,2023,2023
26328933,6,2,2023,2024
26425038,6,3,2023,2026
26436682,6,1,2025,2025
26444507,6,4,2022,2025
26454244,6,3,2022,2025
26531134,6,4,2023,2026
26551285,6,1,2024,2024
26551807,6,2,2023,2024
26586934,6,2,2024,2025
26595482,6,3,2023,2025
26596398,6,3,2023,2025
26603128,6,3,2022,2024
26662308,6,3,2023,2025
26706560,6,2,2023,2024
26714333,6,4,2022,2025
26768456,6,2,2022,2023
26803949,6,3,2023,2025
26806920,6,1,2024,2024
26824832,6,3,2023,2025
26913833,6,2,2023,2024
26914200,6,4,2022,2025
26962071,6,2,2023,2024
27710706,6,3,2023,2025
27714133,6,1,2023,2023
27717733,6,2,2023,2024
27741342,6,4,2023,2026
27771496,6,2,2022,2023
27783645,6,3,2023,2025
27784178,6,4,2022,2026
27871246,6,2,2024,2025
27905275,6,2,2022,2024
35482294,6,3,2023,2025
35490653,6,1,2023,2023
35494129,6,2,2023,2024
35501156,6,1,2023,2023
35511735,6,4,2022,2025
35519767,6,3,2023,2025
40841913,6,3,2022,2024
40854562,6,2,2024,2025
48494112,6,2,2024,2025
48500891,6,3,2023,2025
49762510,6,2,2024,2025
53729141,6,2,2024,2025
53732470,6,2,2024,2025
81393619,6,4,2022,2025
81410639,6,2,2023,2024
90552502,6,1,2025,2025
90561440,6,1,2023,2023
90579743,6,4,2022,2025
90582662,6,3,2023,2025
92765600,6,3,2024,2026
92773661,6,4,2022,2025
92773662,6,3,2021,2024
92783638,6,3,2021,2023
92787634,6,3,2024,2026
92806813,6,1,2025,2025
92838087,6,2,2023,2024
92899899,6,2,2023,2024
92908428,6,3,2024,2026
92919716,6,4,2021,2024
92945920,6,3,2021,2023
92949534,6,1,2025,2025
92956825,6,2,2024,2025
92957575,6,2,2024,2025
93023174,6,3,2024,2026
93033936,6,2,2023,2024
93045079,6,3,2022,2025
93072759,6,2,2023,2025
93128710,6,4,2023,2026
93138281,6,3,2023,2025
93139810,6,1,2024,2024
93168861,6,4,2022,2025
93169527,6,3,2021,2023
93173395,6,3,2023,2025
93177739,6,3,2023,2025
93182352,6,2,2024,2025
93195065,6,2,2024,2025
93218040,6,2,2023,2025
93252518,6,2,2020,2021
93282538,6,2,2025,2026
93291859,6,1,2023,2023
93301608,6,1,2025,2025
93324393,6,3,2023,2026
93334430,6,2,2024,2025
93344835,6,1,2022,2022
93347628,6,2,2024,2025
93355186,6,3,2022,2025
93390939,6,2,2025,2026
93412174,6,2,2025,2026
93426666,6,1,2025,2025
93452876,6,3,2024,2026
93470642,6,2,2024,2025
93505194,6,1,2025,2025
93513156,6,3,2023,2025
93515355,6,2,2025,2026
93517844,6,3,2022,2025
93519059,6,2,2022,2023
93539844,6,1,2024,2024
93544071,6,3,2024,2026
93552936,6,2,2022,2023
93659547,6,3,2023,2025
93678209,6,3,2022,2025
93681892,6,2,2022,2024
93705191,6,2,2024,2025
93716616,6,1,2025,2025
93723856,6,2,2022,2025
93741937,6,2,2024,2025
93751697,6,2,2025,2026
93812705,6,3,2023,2025
93813801,6,3,2022,2024
93910168,6,3,2023,2026
93930720,6,2,2023,2025
93949095,6,1,2023,2023
93976215,6,3,2023,2025
94044064,6,3,2022,2024
94049825,6,3,2023,2025
94146392,6,2,2023,2024
94160722,6,1,2023,2023
94193063,6,2,2023,2025
94254032,6,3,2023,2025
94277269,6,2,2024,2025
94277666,6,1,2023,2023
94285092,6,2,2023,2024
94300051,6,3,2023,2025
94319666,6,3,2023,2026
94380315,6,2,2023,2024
94386395,6,3,2023,2026
94389856,6,2,2023,2025
94416993,6,2,2024,2025
94439711,6,2,2023,2025
94441169,6,2,2023,2024
94523134,6,2,2024,2026
94566755,6,1,2025,2025
94596728,6,3,2023,2025
94611122,6,4,2023,2026
94614226,6,3,2023,2025
94646872,6,2,2025,2026
94684824,6,2,2023,2024
94690970,6,3,2023,2025
94717168,6,2,2024,2025
94726701,6,3,2024,2026
94752092,6,4,2023,2026
94752850,6,2,2023,2024
94759340,6,3,2024,2026
94776029,6,2,2023,2024
94781786,6,2,2023,2024
94789566,6,3,2022,2024
94858907,6,3,2023,2025
94859851,6,2,2022,2024
94974083,6,3,2023,2026
94996421,6,3,2023,2025
95017337,6,3,2023,2025
95071902,6,1,2025,2025
95172936,6,2,2023,2025
95212927,6,2,2023,2024
95230772,6,1,2023,2023
95237274,6,3,2024,2026
95260417,6,3,2024,2026
95327022,6,2,2023,2025
95395627,6,3,2023,2025
95475467,6,1,2025,2025
95495252,6,1,2025,2025
95643011,6,2,2025,2026
95658781,6,2,2024,2025
95661112,6,1,2025,2025
95668502,6,1,2025,2025
95672949,6,2,2023,2024
95729299,6,3,2023,2025
95744687,6,3,2023,2025
95760450,6,2,2024,2025
95771449,6,2,2024,2025
95782857,6,2,2024,2025
95809061,6,3,2023,2025
95835286,6,2,2023,2024
95865212,6,2,2025,2026
95868291,6,2,2024,2025
95878861,6,2,2023,2024
95963955,6,2,2024,2025
95982853,6,2,2024,2025
96010862,6,4,2023,2026
96013267,6,2,2024,2025
96032179,6,1,2025,2025
96153816,6,2,2024,2025
96213222,6,2,2023,2024
96223284,6,3,2023,2025
96267347,6,2,2023,2025
96291561,6,1,2025,2025
96316237,6,1,2023,2023
96338100,6,1,2024,2024
96491563,6,3,2023,2025
96507103,6,3,2022,2024
96561279,6,3,2023,2025
96588264,6,2,2024,2025
96618171,6,1,2024,2024
96703689,6,2,2024,2025
96706630,6,3,2023,2025
96799282,6,1,2025,2025
96804453,6,1,2025,2025
96825770,6,2,2024,2025
96906912,6,1,2023,2023
96917384,6,2,2024,2025
96966578,6,2,2024,2025
97007462,6,3,2024,2026
97008173,6,1,2025,2025
97038811,6,2,2023,2025
97097486,6,2,2024,2025
97178408,6,2,2022,2026
97296934,6,2,2024,2025
97335951,6,3,2024,2026
97343558,6,2,2024,2025
97399766,6,2,2023,2024
97599797,6,2,2023,2024
97605301,6,3,2024,2026
97664407,6,2,2024,2025
97864556,6,2,2022,2023
98007320,6,3,2024,2026
98145605,6,2,2024,2025
98260174,6,4,2023,2026
98380098,6,2,2025,2026
98487714,6,2,2024,2025
98543922,6,2,2024,2025
98700970,6,2,2025,2026
98893022,6,3,2024,2026
98957111,6,1,2023,2023
99105482,6,2,2024,2025
99285744,6,2,2024,2025
99343872,6,2,2024,2025
99369517,6,2,2023,2024
99396044,6,1,2026,2026
99477852,6,3,2023,2025
99482186,6,2,2024,2025
99494433,6,1,2025,2025
99538205,6,2,2025,2026
99624847,6,2,2025,2026
99644857,6,2,2024,2025
99767413,6,4,2021,2026
99829284,6,2,2025,2026
100148486,6,2,2025,2026
100207297,6,2,2023,2024
100311863,6,2,2024,2025
100314006,6,2,2025,2026
100527499,6,2,2024,2025
100536490,6,2,2025,2026
100539482,6,1,2025,2025
100594629,6,1,2025,2025
100687865,6,2,2025,2026
100691928,6,3,2024,2026
100725503,6,2,2025,2026
100731857,6,1,2024,2024
100927823,6,1,2025,2025
100944588,6,1,2025,2025
100996373,6,1,2025,2025
100997980,6,1,2025,2025
101051727,6,2,2024,2025
101075281,6,1,2025,2025
101085017,6,1,2025,2025
101187842,6,1,2025,2025
101188311,6,1,2023,2023
101208441,6,1,2025,2025
101252062,6,4,2023,2026
101276868,6,1,2025,2025
101313949,6,2,2025,2026
101318012,6,2,2025,2026
101336245,6,2,2024,2025
101381034,6,2,2024,2025
101397198,6,2,2025,2026
101678372,6,2,2025,2026
101706309,6,1,2025,2025
101785783,6,2,2023,2025
101819507,6,1,2025,2025
101967382,6,2,2025,2026
102239442,6,2,2025,2026
102265969,6,1,2025,2025
102313648,6,1,2025,2025
591,5,2,2023,2024
3246,5,2,2024,2025
4494,5,2,2022,2025
7877,5,1,2024,2024
20244,5,2,2025,2026
29479,5,4,2021,2026
34526,5,2,2023,2025
35882,5,2,2023,2024
37888,5,1,2025,2025
44920,5,2,2025,2026
45004,5,1,2025,2025
46338,5,2,2021,2022
55523,5,2,2021,2025
56829,5,3,2022,2024
65970,5,3,2024,2026
69057,5,1,2025,2025
83505,5,3,2023,2025
84351,5,2,2022,2024
85901,5,3,2020,2022
96192,5,3,2022,2025
96832,5,1,2025,2025
104437,5,1,2025,2025
110490,5,3,2021,2025
112221,5,2,2024,2026
118119,5,1,2025,2025
120070,5,1,2024,2024
120693,5,2,2023,2024
120859,5,2,2025,2026
120878,5,2,2023,2024
125844,5,3,2022,2024
126161,5,1,2025,2025
130509,5,1,2025,2025
139334,5,1,2025,2025
140674,5,3,2022,2024
143496,5,1,2024,2024
149339,5,1,2025,2025
149607,5,3,2022,2024
161289,5,4,2021,2026
163525,5,3,2023,2025
165305,5,2,2024,2025
170015,5,1,2025,2025
173996,5,1,2025,2025
173998,5,2,2025,2026
177243,5,1,2023,2023
187828,5,2,2024,2026
200345,5,2,2021,2022
206652,5,2,2025,2026
206804,5,3,2022,2025
208311,5,1,2025,2025
208933,5,1,2022,2022
209077,5,2,2024,2025
209219,5,1,2026,2026
211245,5,2,2024,2025
215032,5,1,2023,2023
223974,5,2,2023,2025
234994,5,3,2024,2026
238029,5,1,2023,2023
241127,5,1,2024,2024
252752,5,3,2024,2026
255680,5,1,2025,2025
262520,5,2,2025,2026
264232,5,1,2022,2022
264783,5,2,2022,2023
270320,5,3,2023,2026
271175,5,2,2023,2024
275183,5,2,2021,2022
276559,5,1,2021,2021
286876,5,1,2026,2026
288187,5,4,2020,2024
300454,5,2,2023,2024
302944,5,3,2023,2025
305481,5,2,2024,2025
306869,5,3,2023,2026
307715,5,3,2023,2025
320757,5,2,2021,2022
321393,5,2,2023,2024
321766,5,2,2024,2025
326244,5,2,2021,2022
337889,5,1,2022,2022
343770,5,3,2021,2025
348102,5,2,2023,2024
348300,5,3,2024,2026
371433,5,3,2023,2025
374960,5,1,2024,2024
376961,5,1,2025,2025
377037,5,2,2022,2024
378753,5,2,2022,2023
378976,5,1,2025,2025
379290,5,2,2024,2025
391464,5,1,2024,2024
402936,5,2,2024,2025
404666,5,1,2023,2023
411373,5,3,2023,2025
411509,5,2,2024,2026
411958,5,2,2023,2025
423700,5,1,2025,2025
424324,5,2,2021,2022
425344,5,2,2024,2025
428743,5,2,2025,2026
429255,5,2,2023,2024
437275,5,1,2022,2022
443645,5,2,2023,2024
443912,5,3,2022,2024
445977,5,3,2023,2025
449394,5,3,2023,2025
453832,5,1,2025,2025
458285,5,2,2025,2026
459317,5,1,2025,2025
460335,5,2,2024,2026
463889,5,2,2022,2023
466941,5,2,2024,2025
470117,5,2,2025,2026
480967,5,2,2024,2025
483189,5,3,2023,2025
483390,5,2,2022,2024
484904,5,3,2022,2024
485226,5,2,2024,2025
488173,5,4,2021,2026
494984,5,2,2023,2024
496833,5,2,2021,2022
502048,5,1,2021,2021
508591,5,2,2024,2025
520235,5,1,2025,2025
521373,5,1,2024,2024
522062,5,1,2023,2023
524608,5,2,2019,2024
527855,5,3,2024,2026
529176,5,1,2023,2023
531000,5,1,2026,2026
536120,5,3,2024,2026
538792,5,2,2022,2024
540866,5,3,2023,2026
546001,5,2,2022,2025
552545,5,2,2024,2025
553624,5,2,2024,2025
553987,5,2,2024,2025
559622,5,2,2023,2024
559676,5,2,2023,2024
559897,5,2,2024,2025
560113,5,4,2022,2025
569933,5,3,2021,2023
571579,5,1,2022,2022
581473,5,2,2023,2024
588321,5,3,2023,2025
592561,5,2,2021,2022
595329,5,1,2025,2025
599578,5,1,2023,2023
605429,5,3,2020,2024
606977,5,2,2024,2025
610474,5,1,2025,2025
613044,5,2,2024,2025
613374,5,3,2022,2024
613386,5,1,2025,2025
617180,5,1,2023,2023
620767,5,1,2025,2025
622446,5,2,2023,2025
623323,5,1,2025,2025
624193,5,3,2023,2025
626067,5,2,2025,2026
640380,5,1,2022,2022
652575,5,1,2022,2022
654558,5,2,2024,2025
655225,5,3,2024,2026
656450,5,2,2023,2024
656462,5,1,2022,2022
657239,5,2,2024,2025
661526,5,2,2021,2022
665831,5,1,2025,2025
670685,5,3,2022,2024
673645,5,3,2022,2024
679642,5,2,2024,2025
682375,5,3,2021,2025
683269,5,3,2021,2024
689931,5,2,2021,2025
696385,5,1,2021,2021
703371,5,1,2021,2021
706718,5,4,2020,2023
710981,5,1,2025,2025
713633,5,3,2021,2024
714138,5,1,2021,2021
715923,5,2,2025,2026
723358,5,3,2020,2022
724014,5,2,2024,2025
729022,5,3,2020,2022
734733,5,2,2022,2023
736498,5,1,2024,2024
742975,5,2,2025,2026
743961,5,2,2021,2022
746423,5,2,2021,2022
749578,5,2,2024,2025
752097,5,1,2025,2025
765241,5,2,2024,2025
765624,5,3,2023,2025
773270,5,1,2025,2025
775387,5,1,2024,2024
777498,5,1,2025,2025
783415,5,3,2023,2026
804262,5,2,2022,2023
808820,5,1,2024,2024
809141,5,2,2025,2026
811394,5,3,2022,2024
813551,5,1,2025,2025
813717,5,3,2021,2024
815625,5,2,2022,2024
816542,5,2,2023,2025
821660,5,1,2025,2025
829566,5,1,2024,2024
838633,5,2,2025,2026
849592,5,2,2022,2023
850763,5,4,2023,2026
857703,5,2,2024,2025
858048,5,1,2025,2025
868892,5,1,2025,2025
869871,5,2,2024,2025
878631,5,1,2023,2023
878841,5,2,2023,2025
884043,5,3,2022,2024
885171,5,2,2022,2023
885621,5,3,2024,2026
892355,5,2,2021,2025
895379,5,1,2023,2023
897147,5,1,2025,2025
900144,5,2,2023,2024
900912,5,3,2021,2023
907091,5,1,2025,2025
912449,5,2,2023,2024
913912,5,3,2022,2024
916275,5,2,2023,2024
919994,5,3,2023,2025
922200,5,1,2025,2025
922555,5,3,2021,2023
924746,5,3,2021,2025
927769,5,2,2024,2025
928673,5,3,2021,2023
942358,5,2,2021,2025
943383,5,1,2022,2022
956246,5,1,2024,2024
963690,5,1,2022,2022
966429,5,2,2021,2022
966461,5,1,2025,2025
967652,5,4,2023,2026
972866,5,1,2023,2023
980872,5,2,2021,2022
980920,5,1,2025,2025
1003363,5,2,2024,2025
1007046,5,2,2023,2024
1008187,5,1,2025,2025
1008321,5,3,2023,2025
1013811,5,1,2022,2022
1020710,5,2,2024,2025
1023460,5,3,2022,2026
1037042,5,2,2021,2022
1052218,5,1,2021,2021
1055113,5,2,2024,2026
1061313,5,2,2023,2024
1063524,5,2,2021,2022
1065251,5,3,2020,2024
1066592,5,2,2021,2024
1069567,5,2,2022,2023
1073264,5,2,2023,2024
1073991,5,3,2022,2024
1079463,5,2,2023,2024
1097350,5,2,2023,2024
1117431,5,4,2023,2026
1118882,5,3,2023,2026
1123138,5,2,2022,2025
1123644,5,3,2021,2024
1124784,5,3,2023,2025
1125358,5,3,2019,2025
1126220,5,1,2025,2025
1127807,5,1,2025,2025
1128236,5,2,2023,2024
1128835,5,3,2024,2026
1133838,5,2,2024,2025
1148484,5,2,2022,2025
1156338,5,3,2021,2024
1168915,5,2,2023,2024
1172596,5,2,2024,2025
1174214,5,2,2021,2022
1174893,5,1,2025,2025
1175970,5,1,2025,2025
1181246,5,1,2025,2025
1184061,5,2,2023,2025
1188588,5,2,2024,2025
1188946,5,2,2025,2026
1192844,5,3,2022,2025
1195387,5,2,2023,2024
1198194,5,2,2021,2024
1198198,5,1,2024,2024
1198224,5,2,2025,2026
1211267,5,2,2021,2022
1213363,5,1,2025,2025
1214171,5,1,2022,2022
1221211,5,1,2025,2025
1224609,5,2,2025,2026
1225962,5,1,2024,2024
1226901,5,2,2021,2024
1229311,5,2,2023,2024
1235804,5,1,2025,2025
1239557,5,2,2023,2025
1241872,5,2,2023,2025
1243162,5,2,2024,2025
1248683,5,4,2022,2025
1249643,5,2,2022,2024
1269015,5,1,2024,2024
1272065,5,1,2023,2023
1282282,5,2,2022,2025
1286103,5,2,2024,2025
1286336,5,1,2025,2025
1288016,5,2,2024,2025
1297336,5,1,2024,2024
1298980,5,2,2023,2024
1301977,5,2,2022,2023
1305997,5,1,2025,2025
1306325,5,3,2022,2024
1317827,5,1,2022,2022
1320980,5,2,2023,2024
1321763,5,2,2024,2025
1322024,5,1,2025,2025
1328840,5,2,2022,2023
1332789,5,2,2021,2022
1338835,5,3,2023,2025
1338873,5,2,2024,2025
1340842,5,2,2022,2023
1341227,5,3,2023,2025
1342771,5,3,2023,2025
1344899,5,1,2023,2023
1347415,5,1,2024,2024
1361585,5,3,2023,2025
1370189,5,2,2024,2025
1371505,5,1,2021,2021
1372820,5,3,2023,2025
1376835,5,4,2021,2025
1377009,5,3,2023,2025
1391471,5,2,2025,2026
1404471,5,1,2025,2025
1419048,5,3,2023,2026
1422472,5,1,2024,2024
1426275,5,3,2023,2025
1461367,5,2,2024,2025
1474903,5,3,2021,2025
1476070,5,1,2025,2025
1479895,5,2,2025,2026
1480762,5,1,2025,2025
1490628,5,3,2022,2024
1517558,5,2,2021,2022
1572114,5,2,2021,2022
1630964,5,2,2025,2026
1633373,5,1,2025,2025
1638028,5,1,2024,2024
1639562,5,4,2020,2026
1659915,5,2,2022,2024
1669475,5,4,2022,2025
1670258,5,2,2024,2025
1675134,5,3,2021,2025
1679812,5,3,2023,2026
1683319,5,2,2023,2024
1685567,5,3,2022,2024
1686062,5,3,2022,2025
1690937,5,1,2023,2023
1698579,5,4,2021,2024
1728304,5,3,2023,2025
1743375,5,2,2022,2023
1747961,5,3,2021,2024
1760238,5,4,2021,2026
1765707,5,4,2021,2025
1787477,5,3,2022,2025
1794739,5,2,2024,2025
1818565,5,1,2025,2025
1838161,5,2,2022,2023
1844929,5,2,2022,2023
1849675,5,3,2024,2026
1906411,5,2,2024,2025
1920977,5,1,2025,2025
1926581,5,1,2024,2024
1948113,5,3,2022,2025
1957419,5,1,2023,2023
1970787,5,1,2025,2025
1996691,5,1,2023,2023
1999496,5,3,2022,2026
2000046,5,2,2024,2025
2014631,5,2,2023,2025
2024099,5,2,2023,2025
2042920,5,2,2024,2025
2063239,5,2,2021,2022
2067407,5,2,2021,2023
2077507,5,1,2023,2023
2079658,5,3,2023,2025
2107679,5,4,2021,2025
2127914,5,3,2021,2023
2138703,5,3,2021,2023
2149366,5,3,2022,2025
2149391,5,3,2022,2024
2149613,5,3,2023,2026
2154687,5,2,2023,2024
2194132,5,5,2021,2025
2208382,5,2,2023,2024
2238367,5,4,2020,2024
2283485,5,3,2021,2025
2288342,5,4,2023,2026
2300770,5,2,2021,2023
2329848,5,1,2021,2021
2330796,5,1,2023,2023
2343699,5,3,2023,2025
2371186,5,1,2023,2023
2372715,5,3,2022,2024
2375477,5,2,2025,2026
2401366,5,2,2022,2023
2441856,5,3,2023,2026
2450356,5,4,2022,2025
2469588,5,2,2021,2022
2491719,5,1,2025,2025
2516979,5,2,2024,2025
2565688,5,1,2023,2023
2576721,5,1,2022,2022
2595002,5,2,2024,2025
2618196,5,3,2022,2025
2635713,5,4,2021,2026
2670380,5,3,2021,2025
2687956,5,2,2023,2024
2697462,5,3,2023,2025
2697588,5,2,2024,2025
2727567,5,2,2021,2022
2727764,5,3,2022,2024
2782606,5,3,2024,2026
2805268,5,1,2025,2025
2807308,5,3,2020,2025
2847287,5,3,2022,2025
2887951,5,2,2021,2025
2911381,5,2,2021,2022
2916936,5,2,2022,2023
2945612,5,3,2021,2025
2961331,5,2,2022,2023
2964235,5,1,2023,2023
2969113,5,3,2022,2025
2981696,5,1,2024,2024
3002204,5,2,2022,2023
3008207,5,3,2023,2025
3011625,5,2,2021,2022
3015724,5,3,2023,2025
3059235,5,2,2023,2024
3075758,5,2,2024,2025
3079616,5,2,2024,2026
3081653,5,4,2021,2025
3097003,5,1,2024,2024
3098289,5,2,2023,2024
3100531,5,4,2020,2026
3108156,5,2,2023,2024
3120907,5,3,2020,2026
3124685,5,1,2025,2025
3136151,5,4,2021,2026
3145852,5,4,2021,2026
3168362,5,2,2022,2023
3208699,5,2,2023,2025
3210662,5,2,2023,2024
3236512,5,3,2022,2024
3237848,5,3,2022,2025
3249379,5,2,2025,2026
3317909,5,3,2021,2025
3334374,5,4,2022,2026
3347184,5,2,2025,2026
3369138,5,1,2023,2023
3369912,5,2,2023,2025
3380269,5,4,2021,2026
3401032,5,3,2022,2025
3414321,5,2,2024,2025
3424687,5,3,2023,2025
3430777,5,1,2023,2023
3439069,5,3,2022,2025
3439910,5,2,2023,2024
3464074,5,3,2023,2026
3469386,5,3,2021,2025
3469613,5,2,2021,2022
3475905,5,1,2021,2021
3483008,5,2,2022,2025
3488806,5,2,2023,2024
3491726,5,2,2024,2025
3492147,5,1,2025,2025
3502009,5,3,2024,2026
3503653,5,3,2022,2025
3505070,5,4,2021,2026
3517787,5,4,2021,2025
3531341,5,3,2021,2025
3589614,5,3,2022,2025
3614137,5,1,2025,2025
3623439,5,1,2025,2025
3644621,5,2,2023,2024
3685024,5,1,2023,2023
3692518,5,2,2025,2026
3698138,5,2,2025,2026
3705632,5,2,2024,2025
3724419,5,2,2025,2026
3737753,5,1,2025,2025
3738879,5,2,2021,2023
3741980,5,3,2022,2024
3742758,5,1,2025,2025
3748598,5,2,2022,2023
3767859,5,3,2024,2026
3771825,5,2,2024,2025
3804056,5,3,2022,2025
3806829,5,2,2024,2025
3827128,5,4,2019,2026
3832199,5,3,2022,2025
3836071,5,3,2023,2025
3847904,5,2,2021,2024
3848265,5,3,2021,2023
3872839,5,2,2025,2026
3873931,5,4,2022,2025
3891120,5,1,2024,2024
3963995,5,1,2021,2021
3966128,5,1,2025,2025
3984144,5,3,2021,2025
3984961,5,2,2022,2024
4035702,5,2,2021,2022
4059821,5,1,2022,2022
4069158,5,2,2021,2025
4070372,5,2,2024,2025
4073108,5,1,2024,2024
4077183,5,2,2023,2024
4080126,5,3,2023,2025
4102545,5,1,2024,2024
4116955,5,1,2025,2025
4118981,5,3,2024,2026
4123098,5,3,2023,2025
4123480,5,3,2021,2026
4132144,5,3,2023,2025
4150329,5,2,2023,2024
4170697,5,1,2025,2025
4179203,5,2,2024,2025
4194118,5,2,2020,2021
4208213,5,3,2023,2025
4215169,5,2,2022,2023
4216973,5,3,2022,2024
4257940,5,2,2023,2024
4266543,5,2,2022,2023
4295827,5,4,2022,2025
4296474,5,2,2022,2023
4297601,5,1,2025,2025
4299256,5,2,2023,2025
4300572,5,4,2022,2025
4315136,5,4,2021,2026
4322894,5,2,2024,2025
4330150,5,2,2022,2026
4339659,5,2,2022,2025
4356719,5,1,2025,2025
4391425,5,1,2025,2025
4393174,5,3,2023,2025
4450658,5,3,2021,2025
4453406,5,2,2023,2025
4463016,5,4,2022,2025
4463503,5,3,2021,2023
4503856,5,3,2021,2024
4522658,5,4,2023,2026
4524068,5,3,2021,2026
4525976,5,1,2021,2021
4531936,5,3,2023,2026
4532734,5,3,2024,2026
4534163,5,2,2021,2025
4538966,5,2,2025,2026
4555392,5,1,2025,2025
4573124,5,3,2024,2026
4611253,5,2,2024,2025
4626285,5,3,2023,2025
4633227,5,2,2025,2026
4653270,5,3,2022,2026
4667028,5,1,2023,2023
4667218,5,2,2024,2025
4669045,5,3,2023,2025
4673300,5,4,2021,2025
4692666,5,3,2021,2025
4694976,5,4,2021,2026
4698309,5,2,2024,2025
4744272,5,2,2024,2025
4746925,5,1,2021,2021
4773772,5,1,2024,2024
4834483,5,2,2024,2025
4837739,5,3,2022,2025
4846798,5,2,2022,2023
4879635,5,3,2021,2025
4918212,5,2,2024,2025
4939320,5,2,2023,2024
4939388,5,3,2022,2025
4944341,5,2,2021,2022
4962364,5,4,2021,2024
4995053,5,2,2023,2024
5007315,5,4,2021,2025
5029153,5,3,2021,2024
5065605,5,1,2026,2026
5088315,5,4,2020,2023
5121974,5,3,2023,2025
5124197,5,1,2024,2024
5134967,5,2,2023,2025
5136935,5,3,2023,2026
5158086,5,2,2023,2024
5175934,5,3,2022,2024
5181681,5,2,2021,2022
5191037,5,4,2022,2025
5196590,5,1,2025,2025
5209055,5,2,2023,2024
5221968,5,3,2024,2026
5224155,5,3,2022,2025
5227254,5,3,2020,2026
5227565,5,3,2023,2026
5231654,5,2,2022,2023
5235711,5,2,2024,2025
5267211,5,2,2022,2023
5267826,5,5,2021,2025
5311454,5,2,2023,2025
5317786,5,3,2021,2023
5326193,5,1,2025,2025
5327274,5,2,2022,2023
5337794,5,3,2022,2025
5342021,5,2,2021,2023
5374912,5,4,2021,2025
5391275,5,2,2022,2024
5394246,5,2,2023,2025
5427515,5,4,2022,2025
5432281,5,3,2020,2023
5438295,5,3,2023,2025
5449960,5,2,2021,2025
5451817,5,2,2023,2024
5464110,5,2,2025,2026
5475821,5,3,2021,2024
5500850,5,2,2024,2025
5516651,5,3,2023,2025
5522224,5,3,2023,2025
5526561,5,3,2021,2024
5528751,5,3,2022,2024
5533701,5,4,2022,2026
5536335,5,2,2024,2025
5539529,5,2,2022,2025
5561536,5,1,2022,2022
5571784,5,2,2022,2023
5607936,5,5,2021,2026
5610045,5,1,2024,2024
5618753,5,2,2024,2025
5651399,5,3,2022,2026
5692488,5,2,2022,2023
5748483,5,2,2021,2022
5750136,5,1,2023,2023
5780077,5,2,2020,2021
5789350,5,3,2022,2025
5811622,5,1,2024,2024
5816040,5,3,2021,2026
5820455,5,3,2023,2025
5830007,5,2,2024,2025
5836523,5,2,2022,2024
5837723,5,4,2022,2025
5844073,5,3,2022,2025
5873754,5,4,2022,2025
5874437,5,1,2023,2023
5889201,5,2,2025,2026
5930430,5,3,2022,2024
5935042,5,3,2022,2025
5941571,5,4,2021,2025
5964311,5,1,2023,2023
5992721,5,1,2023,2023
6005725,5,2,2021,2022
6014984,5,1,2021,2021
6082360,5,1,2023,2023
6113173,5,1,2023,2023
6125124,5,2,2024,2025
6136838,5,2,2023,2025
6181884,5,3,2021,2026
6184889,5,2,2023,2024
6185447,5,3,2022,2025
6188980,5,3,2022,2024
6202252,5,4,2023,2026
6204873,5,3,2021,2024
6234097,5,4,2020,2025
6242199,5,3,2020,2022
6250835,5,3,2021,2026
6254496,5,2,2021,2022
6257093,5,2,2024,2025
6261653,5,1,2023,2023
6262163,5,3,2024,2026
6267441,5,1,2025,2025
6275820,5,1,2025,2025
6355216,5,2,2024,2025
6384495,5,3,2023,2025
6439886,5,3,2023,2025
6469242,5,2,2023,2025
6470178,5,2,2022,2023
6505627,5,2,2025,2026
6510204,5,2,2023,2024
6536393,5,4,2020,2023
6536669,5,3,2024,2026
6571708,5,4,2021,2025
6582585,5,3,2021,2023
6592248,5,2,2022,2023
6613483,5,2,2023,2025
6615830,5,3,2022,2025
6624439,5,2,2022,2025
6638151,5,1,2025,2025
6639608,5,3,2022,2025
6654066,5,3,2020,2022
6691461,5,3,2023,2025
6713331,5,3,2022,2024
6713333,5,3,2022,2026
6719650,5,2,2023,2024
6757161,5,1,2021,2021
6768845,5,2,2025,2026
6787873,5,1,2023,2023
6789993,5,3,2021,2024
6790044,5,3,2023,2025
6810219,5,3,2022,2026
6815235,5,2,2019,2024
6823916,5,2,2022,2023
6833187,5,1,2021,2021
6837897,5,2,2024,2025
6839632,5,2,2024,2025
6841750,5,1,2023,2023
6905019,5,2,2022,2023
6914587,5,3,2023,2025
6928633,5,3,2020,2022
6940488,5,2,2023,2024
6975089,5,3,2022,2025
6983786,5,4,2021,2025
6999806,5,2,2025,2026
7006413,5,2,2022,2023
7009432,5,1,2025,2025
7030929,5,1,2021,2021
7050273,5,3,2023,2026
7053874,5,1,2026,2026
7116220,5,1,2025,2025
7116341,5,1,2022,2022
7169894,5,1,2025,2025
7171255,5,3,2021,2023
7214675,5,4,2020,2023
7226658,5,2,2023,2025
7231728,5,3,2022,2024
7268056,5,1,2025,2025
7289650,5,2,2022,2023
7381802,5,2,2022,2023
7384803,5,1,2025,2025
7385683,5,3,2022,2024
7387183,5,1,2022,2022
7430788,5,1,2025,2025
7513536,5,2,2021,2022
7520910,5,2,2025,2026
7542213,5,2,2024,2025
7653794,5,2,2023,2024
7664606,5,2,2022,2025
7665390,5,3,2023,2026
7670344,5,4,2022,2025
7671769,5,2,2022,2023
7681920,5,2,2022,2024
7688645,5,2,2022,2023
7704099,5,3,2022,2025
7718351,5,4,2022,2026
7723828,5,2,2023,2024
7724748,5,2,2022,2025
7725382,5,3,2023,2025
7738467,5,3,2022,2025
7750940,5,2,2021,2024
7754027,5,2,2022,2023
7757837,5,1,2025,2025
7762779,5,3,2023,2025
7768999,5,3,2021,2024
7769908,5,2,2024,2025
7783746,5,4,2022,2025
7785695,5,2,2024,2025
7790135,5,3,2023,2025
7790224,5,2,2023,2025
7798344,5,3,2022,2025
7798459,5,1,2025,2025
7798467,5,2,2023,2024
7816659,5,4,2022,2025
7831148,5,2,2021,2025
7835386,5,2,2022,2023
7837609,5,2,2023,2024
7840725,5,2,2024,2025
7848403,5,1,2024,2024
7858755,5,1,2022,2022
7867230,5,3,2024,2026
7870586,5,3,2023,2025
7872554,5,4,2021,2025
7875245,5,1,2025,2025
7880394,5,4,2020,2023
7969086,5,1,2025,2025
8005807,5,1,2023,2023
8062190,5,1,2025,2025
8096892,5,3,2021,2024
8100221,5,3,2022,2025
8111366,5,1,2022,2022
8114158,5,1,2025,2025
8140215,5,3,2023,2025
8206698,5,3,2022,2025
8267075,5,2,2023,2024
8305111,5,3,2021,2024
8316875,5,3,2024,2026
8398550,5,2,2021,2023
8457130,5,2,2022,2023
8464977,5,1,2025,2025
8465147,5,4,2022,2026
8465148,5,2,2022,2023
8487491,5,3,2023,2025
8508754,5,2,2021,2023
8546188,5,2,2023,2024
8558160,5,2,2024,2025
8616045,5,2,2023,2025
8696737,5,3,2023,2025
8707956,5,2,2024,2025
8728416,5,2,2021,2022
8743479,5,1,2025,2025
8769386,5,3,2021,2023
8783484,5,3,2021,2023
8792441,5,1,2024,2024
8825548,5,3,2021,2024
8843136,5,4,2021,2025
8902228,5,1,2023,2023
8923206,5,3,2023,2025
8981773,5,4,2021,2025
8996112,5,2,2022,2024
9007928,5,3,2023,2025
9117196,5,2,2023,2025
9129322,5,1,2024,2024
9205037,5,1,2025,2025
9307036,5,2,2023,2024
9309422,5,3,2023,2025
9403876,5,2,2021,2022
9444561,5,2,2022,2023
9445101,5,2,2021,2023
9451789,5,2,2022,2024
9553379,5,4,2021,2026
9645952,5,5,2022,2026
9655413,5,2,2022,2024
9744610,5,2,2022,2024
9977936,5,3,2023,2025
10023064,5,2,2024,2025
10030609,5,3,2021,2023
10038201,5,3,2024,2026
10066211,5,3,2021,2023
10123251,5,4,2022,2025
10150159,5,2,2024,2026
10209893,5,1,2025,2025
10229919,5,2,2023,2024
10317024,5,3,2023,2025
10328312,5,2,2022,2025
10343796,5,1,2025,2025
10414399,5,2,2024,2025
10436151,5,3,2023,2025
10518721,5,4,2023,2026
10577156,5,3,2020,2023
10581322,5,1,2023,2023
10596337,5,2,2024,2025
10605373,5,3,2022,2024
10615308,5,2,2025,2026
10670896,5,2,2025,2026
10721017,5,3,2022,2025
10794773,5,4,2021,2025
10808711,5,3,2020,2024
10809616,5,3,2024,2026
10916700,5,3,2022,2024
10997565,5,3,2021,2024
11045150,5,2,2022,2023
11049531,5,3,2023,2026
11150353,5,1,2022,2022
11165090,5,4,2022,2025
11165857,5,4,2020,2025
11188496,5,3,2021,2025
11189570,5,3,2021,2026
11197126,5,1,2022,2022
11197249,5,4,2022,2025
11204520,5,3,2022,2025
11241574,5,3,2021,2023
11285988,5,4,2022,2026
11309290,5,3,2022,2025
11314585,5,2,2023,2024
11341306,5,3,2021,2025
11357423,5,3,2022,2024
11407252,5,3,2022,2024
11465683,5,1,2025,2025
11485027,5,1,2024,2024
11560822,5,4,2020,2023
11586454,5,2,2022,2023
11652643,5,4,2020,2026
11655581,5,2,2023,2024
11700431,5,1,2025,2025
11728843,5,3,2023,2025
11734294,5,3,2021,2025
11744017,5,4,2023,2026
11744406,5,4,2023,2026
11747264,5,3,2022,2024
11806128,5,2,2023,2026
11823221,5,2,2022,2023
11843001,5,3,2020,2024
11867168,5,3,2022,2025
11873963,5,2,2024,2025
11890619,5,5,2022,2026
11902167,5,4,2021,2025
11906842,5,1,2022,2022
11915831,5,5,2020,2026
11915949,5,3,2023,2025
11916702,5,2,2022,2023
11929690,5,1,2023,2023
11991804,5,2,2021,2022
12001248,5,3,2022,2025
12037817,5,2,2022,2023
12129345,5,3,2022,2025
12131091,5,3,2022,2024
12158927,5,3,2023,2025
12163803,5,3,2022,2024
12219726,5,2,2023,2024
12242060,5,2,2023,2025
12276570,5,3,2023,2025
12358532,5,2,2024,2025
12407395,5,3,2024,2026
12425964,5,3,2022,2025
12467722,5,2,2024,2025
12494097,5,2,2022,2023
12528653,5,2,2024,2025
12592482,5,1,2023,2023
12631296,5,2,2022,2023
12641231,5,2,2025,2026
12684633,5,3,2024,2026
12685409,5,1,2023,2023
12686270,5,3,2023,2025
12687046,5,3,2022,2025
12687664,5,3,2021,2025
12692767,5,3,2022,2025
12798676,5,4,2021,2024
12884149,5,2,2021,2026
12916097,5,3,2024,2026
12932788,5,3,2021,2024
12978142,5,2,2024,2025
13006134,5,2,2023,2025
13180327,5,3,2021,2024
13217895,5,2,2021,2024
13304553,5,1,2024,2024
13306488,5,1,2024,2024
13599020,5,1,2023,2023
13723589,5,3,2023,2026
13728007,5,3,2021,2023
13784190,5,2,2024,2025
13814341,5,3,2020,2024
13834782,5,4,2021,2025
13846603,5,4,2022,2025
13893955,5,4,2022,2026
13897304,5,1,2024,2024
13992064,5,3,2022,2025
13999400,5,2,2023,2024
14082583,5,3,2023,2025
14090290,5,1,2025,2025
14119016,5,3,2021,2024
14180387,5,2,2024,2025
14235330,5,2,2023,2024
14258007,5,1,2022,2022
14408696,5,2,2024,2025
14416611,5,2,2023,2025
14542240,5,2,2021,2022
14542257,5,2,2024,2025
14599072,5,2,2024,2025
14671841,5,3,2020,2024
14712525,5,2,2022,2023
14758087,5,4,2022,2025
14782120,5,2,2022,2023
14916080,5,2,2023,2025
14916526,5,1,2024,2024
14990090,5,2,2022,2024
14991326,5,1,2025,2025
15015783,5,1,2025,2025
15134126,5,3,2022,2024
15175873,5,2,2024,2025
15242741,5,2,2024,2025
15282889,5,2,2022,2023
15284319,5,3,2023,2026
15297595,5,2,2021,2024
15349890,5,2,2021,2022
15365989,5,1,2023,2023
15369954,5,4,2020,2025
15400030,5,1,2022,2022
15408720,5,2,2023,2024
15497146,5,1,2023,2023
15509181,5,2,2023,2025
15654967,5,3,2020,2024
15694130,5,3,2021,2023
15725615,5,2,2025,2026
15734675,5,2,2023,2024
15766549,5,3,2023,2025
15856899,5,3,2024,2026
15876638,5,1,2025,2025
15900792,5,2,2021,2022
15905614,5,3,2022,2024
15928936,5,2,2023,2024
15954257,5,3,2023,2025
16002390,5,1,2025,2025
16115358,5,3,2021,2024
16132370,5,2,2023,2025
16132836,5,3,2024,2026
16186132,5,3,2021,2023
16217643,5,3,2023,2025
16292997,5,3,2021,2024
16302631,5,2,2024,2025
16327958,5,2,2024,2025
16331532,5,3,2021,2023
16411009,5,2,2025,2026
16525981,5,2,2021,2022
16555783,5,4,2022,2026
16575022,5,2,2023,2025
16691062,5,2,2022,2023
16784543,5,2,2024,2025
16801322,5,3,2023,2025
16803100,5,3,2022,2025
16810930,5,3,2023,2025
16901347,5,4,2021,2025
16948329,5,3,2023,2026
16951812,5,3,2021,2025
16960888,5,1,2025,2025
17013148,5,1,2023,2023
17032298,5,2,2023,2025
17054399,5,2,2023,2024
17186344,5,4,2021,2024
17216052,5,1,2025,2025
17263246,5,1,2024,2024
17319016,5,3,2023,2025
17450538,5,3,2023,2025
17462275,5,2,2023,2024
17466621,5,4,2020,2025
17489111,5,2,2022,2023
17515816,5,3,2022,2025
17561260,5,2,2024,2025
17566026,5,2,2023,2024
17573557,5,1,2022,2022
17589426,5,3,2021,2023
17774162,5,3,2023,2025
17815325,5,3,2023,2025
17818686,5,2,2024,2026
17856920,5,3,2018,2024
18037744,5,1,2025,2025
18058328,5,3,2024,2026
18075296,5,3,2021,2025
18153804,5,1,2023,2023
18185521,5,1,2023,2023
18185985,5,2,2022,2025
18211510,5,3,2021,2023
18231060,5,2,2021,2024
18237231,5,4,2020,2023
18242521,5,3,2021,2026
18262685,5,3,2021,2023
18287723,5,2,2024,2025
18504093,5,2,2022,2023
18525868,5,1,2025,2025
18579761,5,2,2022,2023
18593232,5,3,2023,2025
18679482,5,2,2022,2023
18787598,5,2,2022,2023
18807179,5,2,2022,2023
18838477,5,3,2022,2024
18870987,5,2,2024,2025
18885426,5,3,2021,2024
18903993,5,2,2023,2025
18921493,5,3,2023,2026
18982009,5,3,2021,2023
18990650,5,2,2023,2024
19023695,5,3,2024,2026
19051986,5,2,2023,2024
19054486,5,3,2023,2025
19056658,5,3,2024,2026
19093457,5,3,2021,2023
19147659,5,3,2024,2026
19203869,5,2,2020,2021
19218968,5,2,2024,2025
19219066,5,2,2023,2024
19220940,5,3,2023,2025
19223945,5,2,2020,2021
19224390,5,1,2022,2022
19247100,5,1,2021,2021
19251847,5,3,2022,2025
19291989,5,1,2023,2023
19303141,5,4,2022,2025
19329585,5,3,2023,2025
19339197,5,4,2023,2026
19344403,5,3,2022,2024
19404749,5,4,2021,2025
19427757,5,3,2021,2023
19502814,5,3,2024,2026
19546643,5,1,2024,2024
19659913,5,1,2025,2025
19694329,5,3,2022,2025
19728819,5,2,2022,2025
19742733,5,1,2024,2024
19840932,5,3,2023,2025
19854053,5,2,2023,2024
19883426,5,2,2022,2023
19909940,5,1,2025,2025
19924876,5,2,2024,2025
19976616,5,2,2024,2025
20038468,5,2,2023,2024
20039263,5,2,2021,2023
20048510,5,2,2022,2023
20097747,5,2,2025,2026
20148542,5,2,2021,2022
20166209,5,2,2023,2024
20327821,5,3,2021,2025
20425976,5,3,2022,2025
20436701,5,4,2021,2025
20514235,5,3,2024,2026
20571472,5,3,2021,2025
20650291,5,1,2018,2018
21007683,5,1,2021,2021
21009787,5,2,2021,2022
21103066,5,1,2025,2025
21117152,5,2,2024,2025
21300769,5,3,2022,2024
21301418,5,3,2022,2024
21356987,5,2,2024,2026
21374286,5,2,2025,2026
21435258,5,2,2023,2025
21542413,5,3,2024,2026
21620570,5,3,2022,2025
21792174,5,1,2025,2025
21815268,5,1,2023,2023
21821687,5,2,2024,2025
22017137,5,1,2023,2023
22048124,5,1,2025,2025
22066409,5,2,2022,2025
22142634,5,3,2021,2025
22143561,5,1,2025,2025
22146453,5,3,2024,2026
22147594,5,1,2025,2025
22149319,5,2,2024,2025
22157125,5,1,2023,2023
22166942,5,4,2021,2025
22167066,5,2,2023,2024
22167806,5,2,2021,2022
22169431,5,3,2023,2025
22188576,5,2,2022,2023
22204191,5,1,2025,2025
22207519,5,1,2025,2025
22227763,5,1,2021,2021
22237201,5,4,2022,2026
22238014,5,2,2025,2026
22238090,5,2,2023,2024
22238833,5,2,2025,2026
22238862,5,2,2022,2023
22253834,5,2,2025,2026
22285358,5,3,2020,2023
22298649,5,3,2023,2025
22507551,5,3,2022,2024
22569877,5,2,2024,2025
22682713,5,3,2022,2024
22708822,5,2,2024,2025
22797989,5,1,2024,2024
22806514,5,3,2023,2025
22847145,5,3,2023,2026
22886855,5,2,2024,2025
22889529,5,2,2022,2023
22958586,5,1,2023,2023
23002186,5,1,2024,2024
23029851,5,1,2024,2024
23124289,5,1,2024,2024
23184704,5,2,2023,2024
23317477,5,1,2024,2024
23433205,5,2,2022,2023
23496755,5,3,2022,2025
23559817,5,2,2023,2024
23574894,5,3,2023,2025
23597805,5,3,2022,2024
23666645,5,1,2025,2025
23731876,5,2,2022,2024
23733422,5,2,2022,2023
23817166,5,3,2022,2024
23876133,5,2,2022,2023
23937255,5,2,2023,2024
23996009,5,2,2025,2026
24013094,5,2,2023,2024
24046597,5,4,2022,2025
24062972,5,3,2023,2025
24066442,5,1,2025,2025
24066511,5,2,2024,2025
24134272,5,3,2021,2024
24148782,5,2,2022,2023
24150120,5,3,2024,2026
24186735,5,3,2023,2025
24309269,5,2,2023,2025
24411616,5,3,2024,2026
24473913,5,4,2023,2026
24475755,5,2,2024,2025
24485222,5,4,2022,2025
24494037,5,1,2024,2024
24518740,5,2,2023,2024
24565591,5,2,2022,2023
24598101,5,2,2024,2025
24627573,5,3,2024,2026
24670827,5,2,2023,2025
24711059,5,2,2021,2025
24734505,5,1,2025,2025
24740969,5,2,2025,2026
24766371,5,3,2022,2024
24912335,5,1,2023,2023
24917765,5,2,2024,2025
24933068,5,3,2022,2024
25008372,5,2,2022,2023
26412606,5,2,2021,2022
26438720,5,3,2023,2025
26440798,5,4,2023,2026
26450231,5,2,2024,2025
26480036,5,2,2022,2024
26484816,5,3,2023,2025
26521248,5,3,2023,2025
26536477,5,3,2021,2026
26551408,5,2,2024,2025
26592116,5,1,2023,2023
26597187,5,3,2022,2024
26609047,5,2,2023,2024
26624760,5,4,2022,2025
26643834,5,1,2025,2025
26723117,5,2,2023,2025
26724449,5,2,2023,2024
26796850,5,1,2024,2024
26814337,5,2,2024,2025
26839269,5,2,2023,2025
26839750,5,1,2025,2025
26844506,5,2,2024,2025
26857033,5,2,2022,2023
26884461,5,2,2024,2025
26908127,5,2,2023,2024
26912657,5,2,2024,2025
27794580,5,3,2021,2025
27828115,5,2,2023,2025
27869273,5,1,2025,2025
27872860,5,2,2024,2025
27874484,5,3,2023,2025
27876789,5,2,2023,2024
30131906,5,1,2024,2024
32411363,5,4,2021,2026
35502660,5,2,2024,2025
35512322,5,4,2022,2025
40857508,5,2,2023,2025
40860606,5,1,2023,2023
48504400,5,2,2022,2023
49740310,5,3,2023,2025
49748145,5,2,2023,2024
49755796,5,2,2024,2025
49773657,5,3,2022,2025
49774075,5,2,2023,2024
53725692,5,3,2023,2026
67109628,5,2,2023,2024
81394990,5,2,2024,2025
81398665,5,3,2023,2026
81400842,5,1,2025,2025
81408207,5,3,2023,2026
81408932,5,2,2023,2024
81421335,5,2,2024,2025
90538393,5,2,2023,2024
90540537,5,3,2023,2025
90573337,5,3,2024,2026
92773692,5,5,2021,2026
92774944,5,2,2023,2024
92775701,5,1,2025,2025
92781412,5,2,2024,2025
92783036,5,4,2021,2026
92788178,5,1,2023,2023
92798561,5,2,2025,2026
92805415,5,2,2021,2025
92808099,5,2,2021,2022
92836579,5,3,2023,2025
92838711,5,2,2025,2026
92878483,5,2,2024,2025
92893277,5,2,2023,2024
92920515,5,2,2024,2025
92922622,5,2,2022,2023
92954008,5,2,2024,2025
92955948,5,3,2023,2025
92955980,5,2,2024,2025
92965613,5,2,2023,2025
93027094,5,2,2021,2022
93027129,5,2,2021,2022
93047735,5,2,2024,2025
93056770,5,1,2025,2025
93070429,5,2,2025,2026
93073137,5,2,2024,2025
93074737,5,2,2021,2025
93087791,5,2,2024,2025
93125329,5,4,2023,2026
93128803,5,3,2022,2024
93141767,5,2,2023,2025
93148412,5,2,2023,2025
93161045,5,2,2023,2024
93176059,5,2,2023,2025
93197029,5,3,2023,2025
93206818,5,1,2025,2025
93211264,5,3,2022,2024
93257534,5,1,2024,2024
93285845,5,2,2024,2026
93302218,5,3,2023,2025
93308016,5,3,2021,2024
93312289,5,1,2022,2022
93322238,5,1,2024,2024
93340354,5,2,2024,2025
93341736,5,2,2024,2025
93352843,5,3,2022,2025
93369195,5,3,2023,2025
93373114,5,2,2025,2026
93416641,5,2,2022,2023
93416889,5,2,2024,2026
93422774,5,4,2020,2026
93435288,5,2,2024,2025
93440437,5,1,2022,2022
93441840,5,3,2022,2024
93462906,5,2,2025,2026
93472428,5,1,2022,2022
93475767,5,2,2023,2024
93475881,5,2,2025,2026
93499808,5,4,2023,2026
93515574,5,5,2021,2025
93528953,5,3,2024,2026
93529249,5,1,2025,2025
93543898,5,3,2024,2026
93574979,5,2,2025,2026
93584110,5,2,2017,2018
93661533,5,2,2024,2025
93707612,5,4,2020,2024
93778581,5,1,2024,2024
93840751,5,2,2023,2024
93883664,5,3,2022,2024
93890233,5,1,2023,2023
93908743,5,1,2023,2023
93909749,5,2,2023,2025
93921849,5,2,2023,2025
93959612,5,2,2025,2026
93968559,5,2,2023,2024
93978592,5,1,2025,2025
94028650,5,1,2025,2025
94029733,5,1,2023,2023
94070780,5,3,2023,2025
94079006,5,3,2023,2025
94082293,5,1,2023,2023
94119024,5,3,2022,2024
94136872,5,1,2023,2023
94164063,5,3,2023,2025
94176516,5,2,2024,2025
94177166,5,2,2023,2025
94182657,5,2,2023,2024
94197231,5,1,2025,2025
94261845,5,2,2023,2024
94318743,5,2,2023,2024
94333616,5,2,2024,2025
94339744,5,3,2023,2025
94347431,5,2,2023,2026
94375278,5,3,2023,2025
94387275,5,2,2023,2024
94390221,5,2,2023,2025
94401132,5,1,2023,2023
94414071,5,2,2024,2025
94430216,5,3,2022,2025
94433864,5,1,2023,2023
94435583,5,2,2023,2024
94441139,5,2,2023,2024
94464988,5,3,2023,2025
94487893,5,2,2023,2024
94509275,5,3,2023,2025
94537163,5,2,2024,2025
94541077,5,2,2023,2024
94541197,5,1,2024,2024
94559434,5,2,2025,2026
94580073,5,2,2025,2026
94616804,5,3,2022,2024
94762657,5,2,2022,2023
94776006,5,1,2023,2023
94895978,5,3,2023,2025
94907823,5,1,2025,2025
94988573,5,1,2025,2025
95001585,5,2,2025,2026
95006429,5,2,2024,2025
95020532,5,2,2023,2024
95020621,5,3,2023,2025
95065801,5,1,2024,2024
95083897,5,2,2024,2025
95186557,5,2,2024,2025
95193879,5,2,2024,2025
95200782,5,1,2025,2025
95202682,5,2,2023,2025
95229307,5,3,2024,2026
95299773,5,3,2023,2025
95308950,5,1,2025,2025
95310803,5,2,2025,2026
95348708,5,2,2023,2026
95373516,5,2,2024,2025
95393135,5,1,2025,2025
95474136,5,2,2023,2024
95517181,5,2,2023,2024
95528276,5,3,2023,2025
95570311,5,2,2023,2025
95580742,5,2,2024,2025
95581836,5,1,2023,2023
95591974,5,2,2024,2025
95604977,5,1,2025,2025
95625166,5,2,2023,2024
95628008,5,3,2023,2025
95638536,5,2,2024,2025
95639631,5,3,2024,2026
95656999,5,1,2024,2024
95662845,5,1,2024,2024
95663491,5,2,2024,2025
95667009,5,1,2025,2025
95675604,5,2,2024,2025
95677661,5,3,2022,2025
95688292,5,1,2025,2025
95704049,5,2,2023,2024
95720089,5,4,2023,2026
95720137,5,2,2024,2025
95730810,5,3,2024,2026
95734669,5,1,2024,2024
95737646,5,3,2024,2026
95758745,5,2,2025,2026
95773835,5,2,2024,2025
95792433,5,2,2023,2024
95794056,5,2,2023,2025
95800840,5,2,2023,2024
95818192,5,2,2024,2025
95819778,5,2,2023,2024
95821466,5,2,2023,2025
95822770,5,3,2023,2025
95856307,5,2,2023,2026
95859558,5,2,2023,2024
95859662,5,2,2024,2025
95881455,5,3,2023,2025
95898845,5,2,2023,2024
95902419,5,1,2024,2024
95910204,5,3,2023,2025
95913300,5,2,2024,2025
95925595,5,2,2023,2024
95951953,5,2,2023,2024
95954459,5,1,2025,2025
95975986,5,2,2023,2024
95978463,5,3,2023,2025
96087411,5,2,2024,2025
96114217,5,3,2024,2026
96115041,5,2,2023,2024
96116394,5,3,2024,2026
96144586,5,1,2025,2025
96158248,5,2,2025,2026
96263753,5,3,2024,2026
96296162,5,1,2025,2025
96296379,5,1,2025,2025
96314314,5,1,2023,2023
96316826,5,1,2021,2021
96380224,5,1,2023,2023
96419043,5,1,2024,2024
96419850,5,2,2025,2026
96492847,5,1,2024,2024
96494762,5,1,2024,2024
96539074,5,1,2024,2024
96563120,5,3,2024,2026
96615213,5,1,2025,2025
96648455,5,3,2022,2024
96653096,5,1,2025,2025
96659104,5,3,2022,2025
96694573,5,3,2024,2026
96719925,5,2,2024,2025
96723590,5,2,2024,2025
96738059,5,1,2024,2024
96748310,5,1,2024,2024
96782892,5,1,2025,2025
96790060,5,1,2024,2024
96797661,5,2,2025,2026
96833999,5,2,2025,2026
96836859,5,2,2024,2025
96944876,5,1,2025,2025
96945124,5,2,2024,2025
96947434,5,2,2024,2025
96949796,5,1,2024,2024
96957671,5,3,2024,2026
97032531,5,2,2024,2025
97068983,5,4,2023,2026
97095186,5,3,2023,2025
97187751,5,1,2025,2025
97291013,5,2,2024,2025
97345832,5,2,2025,2026
97374525,5,3,2024,2026
97454954,5,2,2024,2025
97463838,5,2,2024,2025
97529821,5,3,2023,2026
97562987,5,1,2025,2025
97618279,5,1,2023,2023
97622886,5,1,2023,2023
97627100,5,2,2024,2025
97668632,5,1,2024,2024
97673456,5,1,2025,2025
97698329,5,3,2024,2026
97703351,5,1,2025,2025
97719666,5,3,2024,2026
97728635,5,2,2024,2025
97739252,5,2,2025,2026
97890979,5,3,2022,2025
97897003,5,1,2024,2024
97906256,5,3,2022,2025
97948324,5,1,2024,2024
97952393,5,1,2024,2024
97992670,5,1,2024,2024
98137675,5,2,2025,2026
98152911,5,3,2024,2026
98230409,5,2,2024,2025
98304059,5,3,2024,2026
98370495,5,1,2025,2025
98377600,5,2,2025,2026
98521487,5,3,2024,2026
98552034,5,3,2023,2025
98578589,5,1,2023,2023
98608737,5,2,2025,2026
98668548,5,2,2025,2026
98700988,5,2,2024,2026
98713581,5,2,2024,2025
98750580,5,1,2024,2024
98756065,5,2,2024,2025
98759489,5,2,2024,2025
98806687,5,3,2024,2026
99018503,5,3,2021,2025
99076102,5,1,2025,2025
99135648,5,3,2024,2026
99313086,5,2,2022,2024
99433289,5,2,2024,2025
99478741,5,1,2025,2025
99607599,5,2,2024,2025
99625883,5,2,2023,2024
99701988,5,2,2022,2024
99702665,5,2,2023,2025
99716086,5,4,2022,2026
99759706,5,3,2021,2024
99803523,5,3,2022,2025
99828615,5,2,2025,2026
99834757,5,2,2024,2025
99880177,5,2,2023,2024
99908978,5,2,2024,2025
99976918,5,2,2024,2025
99980408,5,1,2025,2025
99983188,5,3,2024,2026
100092165,5,1,2025,2025
100119910,5,2,2023,2024
100157366,5,1,2024,2024
100172747,5,1,2025,2025
100189441,5,2,2024,2025
100214598,5,2,2024,2025
100252510,5,1,2025,2025
100365979,5,3,2023,2025
100446989,5,3,2023,2025
100479802,5,3,2023,2025
100594416,5,2,2024,2025
100603143,5,1,2025,2025
100647370,5,1,2025,2025
100749162,5,1,2025,2025
100914371,5,2,2024,2025
100995677,5,1,2025,2025
100998224,5,3,2022,2024
100998935,5,4,2023,2026
101077548,5,1,2025,2025
101089106,5,1,2025,2025
101096355,5,3,2024,2026
101102457,5,1,2025,2025
101114258,5,1,2025,2025
101246390,5,3,2024,2026
101383844,5,1,2025,2025
101503007,5,1,2024,2024
101520257,5,1,2025,2025
101610797,5,2,2025,2026
101644474,5,2,2025,2026
101718654,5,1,2025,2025
101933242,5,2,2025,2026
102217597,5,2,2024,2025
102286258,5,1,2025,2025
102466982,5,2,2025,2026
2649,4,1,2022,2022
3861,4,1,2025,2025
5644,4,3,2023,2025
5871,4,3,2021,2023
6960,4,2,2022,2023
7462,4,1,2024,2024
7799,4,1,2022,2022
8243,4,2,2022,2025
9334,4,3,2021,2025
11249,4,3,2022,2026
11627,4,2,2023,2024
12180,4,2,2021,2023
14094,4,1,2025,2025
19863,4,2,2024,2025
20453,4,3,2024,2026
36403,4,2,2023,2025
37662,4,3,2022,2025
38124,4,1,2024,2024
40198,4,3,2024,2026
43870,4,1,2022,2022
43904,4,1,2023,2023
51802,4,3,2021,2024
55524,4,1,2024,2024
56610,4,3,2021,2024
56825,4,1,2025,2025
57075,4,3,2019,2024
63163,4,1,2025,2025
69712,4,1,2025,2025
74101,4,2,2024,2025
77199,4,3,2022,2026
90329,4,3,2024,2026
92804,4,2,2021,2025
98796,4,3,2022,2025
103379,4,1,2025,2025
115042,4,1,2023,2023
115339,4,3,2023,2026
116712,4,2,2022,2023
121344,4,3,2020,2022
122234,4,1,2024,2024
126454,4,2,2021,2022
126583,4,3,2023,2026
130126,4,2,2022,2024
131587,4,3,2022,2024
132411,4,2,2021,2023
134458,4,1,2022,2022
137507,4,3,2023,2026
138784,4,1,2025,2025
147542,4,2,2023,2024
154727,4,1,2026,2026
160946,4,2,2025,2026
161180,4,1,2023,2023
173096,4,1,2025,2025
176770,4,2,2022,2024
184609,4,1,2025,2025
187772,4,3,2020,2025
188941,4,2,2024,2025
189569,4,1,2025,2025
189649,4,2,2022,2023
192292,4,2,2025,2026
195121,4,2,2023,2025
196632,4,2,2024,2025
198868,4,1,2025,2025
202064,4,1,2023,2023
207204,4,3,2024,2026
207401,4,2,2021,2022
210138,4,1,2022,2022
210546,4,3,2021,2026
215745,4,3,2023,2026
218121,4,2,2024,2025
218472,4,2,2022,2023
218759,4,2,2022,2025
228086,4,1,2025,2025
228597,4,1,2025,2025
237766,4,1,2025,2025
242607,4,1,2025,2025
251578,4,2,2023,2024
252439,4,2,2024,2025
260429,4,2,2022,2023
269231,4,1,2025,2025
270241,4,2,2024,2026
271778,4,3,2023,2026
277100,4,2,2023,2024
278373,4,2,2025,2026
280775,4,2,2024,2025
282963,4,1,2025,2025
287011,4,1,2024,2024
288774,4,3,2023,2025
289276,4,1,2025,2025
305282,4,1,2021,2021
307361,4,2,2021,2022
307543,4,3,2023,2025
308095,4,3,2022,2024
309842,4,1,2021,2021
310285,4,2,2021,2024
312694,4,2,2022,2025
327070,4,3,2022,2024
329294,4,1,2023,2023
330701,4,2,2020,2021
332656,4,3,2020,2022
334465,4,1,2025,2025
337700,4,2,2021,2022
348860,4,1,2025,2025
354863,4,2,2024,2025
354931,4,4,2022,2026
360531,4,2,2023,2024
361117,4,2,2023,2025
361754,4,2,2024,2025
362723,4,1,2025,2025
363708,4,1,2023,2023
366189,4,2,2018,2023
366829,4,2,2023,2025
376098,4,2,2021,2022
377577,4,2,2023,2024
380946,4,2,2023,2024
381057,4,1,2026,2026
383102,4,2,2024,2025
383504,4,1,2025,2025
386321,4,2,2023,2025
387969,4,2,2022,2023
390064,4,2,2023,2024
390121,4,3,2022,2025
390420,4,2,2024,2025
391141,4,1,2023,2023
394319,4,3,2023,2025
394736,4,2,2021,2025
395994,4,1,2025,2025
403793,4,2,2022,2023
409917,4,1,2025,2025
412126,4,3,2024,2026
413233,4,2,2024,2025
413875,4,1,2025,2025
417220,4,2,2020,2021
417641,4,1,2024,2024
417975,4,2,2024,2025
419094,4,1,2026,2026
419257,4,3,2020,2025
421503,4,1,2025,2025
423052,4,3,2022,2025
423250,4,1,2021,2021
427487,4,2,2023,2024
428115,4,2,2025,2026
435830,4,1,2025,2025
437657,4,2,2023,2024
443661,4,1,2023,2023
443998,4,1,2022,2022
446179,4,3,2021,2025
450420,4,2,2024,2025
454247,4,1,2025,2025
456402,4,3,2021,2024
460356,4,1,2024,2024
465743,4,2,2022,2023
469358,4,1,2025,2025
478127,4,2,2023,2024
479761,4,1,2025,2025
487074,4,2,2023,2024
487149,4,1,2024,2024
487850,4,1,2023,2023
491188,4,3,2023,2026
506494,4,2,2020,2022
511964,4,2,2024,2025
512951,4,1,2025,2025
513403,4,1,2021,2021
517710,4,1,2023,2023
519407,4,3,2021,2024
522261,4,2,2023,2025
525238,4,1,2025,2025
525740,4,2,2024,2025
528622,4,2,2024,2025
529692,4,4,2022,2025
531262,4,2,2023,2024
532294,4,3,2021,2025
532444,4,3,2022,2024
533228,4,2,2021,2022
538351,4,2,2025,2026
540879,4,2,2024,2025
543334,4,3,2020,2022
545639,4,1,2023,2023
548312,4,1,2023,2023
549488,4,3,2023,2026
551554,4,2,2025,2026
552678,4,2,2021,2022
555664,4,2,2022,2024
560630,4,2,2023,2024
565541,4,1,2025,2025
570196,4,2,2024,2026
572636,4,3,2020,2023
574277,4,2,2022,2025
574367,4,1,2025,2025
578414,4,3,2023,2025
583848,4,2,2023,2024
595445,4,2,2022,2023
599629,4,2,2025,2026
601651,4,2,2025,2026
603005,4,1,2022,2022
604422,4,2,2017,2020
605147,4,1,2022,2022
605460,4,1,2022,2022
605793,4,1,2024,2024
606164,4,2,2021,2024
615916,4,1,2022,2022
622461,4,2,2023,2024
623136,4,2,2022,2024
625123,4,2,2021,2025
628688,4,3,2022,2026
633144,4,1,2025,2025
635563,4,2,2022,2023
645952,4,1,2025,2025
648182,4,1,2026,2026
650102,4,2,2025,2026
660477,4,2,2024,2025
662687,4,2,2022,2023
666390,4,1,2022,2022
666846,4,2,2024,2025
668406,4,1,2022,2022
671947,4,3,2024,2026
673673,4,2,2024,2025
676943,4,2,2023,2024
677223,4,2,2021,2022
679691,4,2,2024,2025
682166,4,3,2022,2024
683381,4,2,2022,2023
683444,4,2,2022,2023
686881,4,1,2025,2025
687551,4,1,2025,2025
688562,4,2,2023,2024
693082,4,2,2024,2025
695002,4,1,2024,2024
697349,4,3,2023,2025
699972,4,1,2024,2024
700597,4,2,2021,2022
702258,4,2,2022,2023
704570,4,1,2023,2023
714170,4,3,2022,2025
716493,4,1,2024,2024
718604,4,1,2021,2021
724978,4,2,2024,2025
732895,4,1,2025,2025
733377,4,2,2025,2026
737481,4,2,2021,2022
740694,4,3,2021,2023
742072,4,1,2025,2025
746314,4,1,2025,2025
748633,4,1,2023,2023
760456,4,2,2021,2022
771617,4,2,2024,2025
776331,4,2,2025,2026
793417,4,2,2022,2023
794423,4,1,2022,2022
797029,4,4,2021,2025
799610,4,1,2023,2023
801347,4,4,2021,2024
801577,4,1,2021,2021
806694,4,3,2023,2025
811665,4,1,2025,2025
816337,4,1,2022,2022
816531,4,2,2022,2023
817777,4,3,2022,2024
827726,4,1,2025,2025
828005,4,1,2021,2021
828018,4,1,2024,2024
828625,4,2,2021,2025
830265,4,1,2025,2025
834556,4,2,2023,2024
840535,4,2,2022,2025
841512,4,3,2023,2025
844696,4,2,2022,2026
846859,4,1,2025,2025
848286,4,1,2025,2025
849118,4,2,2022,2023
849315,4,1,2025,2025
850608,4,4,2021,2026
850944,4,1,2022,2022
851025,4,1,2024,2024
851372,4,3,2023,2025
865082,4,2,2021,2022
866813,4,1,2022,2022
876636,4,2,2022,2023
878118,4,1,2025,2025
885039,4,2,2024,2026
886361,4,2,2022,2023
894479,4,1,2025,2025
902318,4,2,2025,2026
903039,4,1,2025,2025
903244,4,1,2024,2024
911491,4,1,2025,2025
914276,4,2,2025,2026
923063,4,3,2021,2023
925704,4,1,2025,2025
926351,4,1,2025,2025
928627,4,2,2022,2023
933583,4,3,2022,2024
944563,4,2,2024,2025
947014,4,2,2023,2025
953880,4,1,2025,2025
953990,4,1,2023,2023
954485,4,1,2025,2025
962772,4,3,2023,2025
966783,4,2,2023,2026
968710,4,1,2023,2023
971453,4,2,2022,2025
973952,4,3,2023,2026
975957,4,1,2024,2024
977219,4,1,2021,2021
977995,4,1,2025,2025
981483,4,1,2025,2025
992239,4,2,2021,2022
993489,4,1,2023,2023
994955,4,4,2023,2026
996566,4,1,2024,2024
1001648,4,1,2025,2025
1007645,4,1,2025,2025
1011823,4,1,2025,2025
1012251,4,1,2023,2023
1017324,4,2,2023,2024
1019716,4,2,2023,2024
1020912,4,1,2024,2024
1024603,4,3,2023,2025
1032408,4,2,2024,2025
1033169,4,1,2025,2025
1036083,4,2,2022,2023
1038308,4,2,2024,2026
1039543,4,3,2023,2025
1041823,4,3,2023,2025
1043425,4,2,2022,2023
1050124,4,2,2023,2024
1065692,4,3,2023,2025
1075953,4,1,2023,2023
1076477,4,1,2022,2022
1080575,4,2,2021,2022
1084734,4,1,2022,2022
1085545,4,1,2025,2025
1087686,4,1,2023,2023
1095630,4,1,2024,2024
1099709,4,2,2022,2024
1101240,4,2,2022,2024
1101736,4,2,2021,2024
1104159,4,2,2023,2025
1113117,4,1,2024,2024
1117654,4,1,2025,2025
1121045,4,2,2021,2022
1128711,4,3,2023,2025
1130577,4,2,2023,2024
1135919,4,1,2023,2023
1138863,4,1,2024,2024
1141874,4,2,2023,2025
1143595,4,4,2020,2025
1153069,4,3,2022,2024
1154744,4,1,2024,2024
1160811,4,2,2025,2026
1167866,4,2,2023,2025
1170006,4,3,2024,2026
1176465,4,2,2022,2025
1177211,4,2,2023,2024
1183720,4,2,2024,2025
1189581,4,1,2023,2023
1190882,4,2,2021,2022
1194415,4,3,2023,2025
1195923,4,2,2021,2022
1199926,4,1,2025,2025
1205929,4,3,2021,2024
1206538,4,2,2021,2023
1207396,4,3,2021,2026
1216253,4,1,2021,2021
1216941,4,2,2025,2026
1218216,4,1,2024,2024
1219751,4,2,2023,2024
1221177,4,2,2024,2025
1223716,4,2,2024,2025
1225905,4,3,2023,2026
1226551,4,3,2022,2025
1227904,4,3,2024,2026
1228248,4,1,2023,2023
1232044,4,2,2022,2025
1233235,4,2,2022,2024
1235809,4,2,2022,2023
1236522,4,2,2025,2026
1241184,4,1,2023,2023
1257720,4,2,2024,2025
1272504,4,3,2022,2024
1272672,4,1,2025,2025
1283875,4,1,2022,2022
1285908,4,1,2023,2023
1289923,4,2,2024,2025
1290230,4,1,2022,2022
1291784,4,2,2024,2025
1292310,4,1,2024,2024
1296160,4,3,2021,2025
1296722,4,1,2025,2025
1300184,4,2,2025,2026
1300587,4,3,2022,2025
1302005,4,2,2023,2024
1302930,4,2,2022,2023
1303663,4,1,2024,2024
1304294,4,2,2024,2025
1308971,4,1,2026,2026
1322590,4,1,2025,2025
1327331,4,3,2021,2023
1328079,4,2,2025,2026
1333796,4,1,2022,2022
1335584,4,2,2023,2026
1335701,4,3,2022,2025
1336884,4,2,2022,2024
1346188,4,2,2022,2023
1346498,4,2,2021,2022
1359159,4,3,2021,2025
1362912,4,1,2022,2022
1369455,4,3,2023,2025
1375270,4,2,2021,2022
1377205,4,2,2023,2024
1384561,4,2,2024,2025
1387827,4,2,2022,2023
1392404,4,2,2024,2025
1394561,4,3,2024,2026
1405877,4,1,2022,2022
1412059,4,1,2022,2022
1414184,4,2,2022,2023
1415307,4,1,2024,2024
1450389,4,2,2024,2025
1457196,4,1,2024,2024
1464683,4,2,2020,2021
1470690,4,1,2025,2025
1472148,4,3,2019,2021
1475033,4,3,2023,2025
1475226,4,1,2025,2025
1476959,4,2,2023,2024
1477502,4,1,2022,2022
1492897,4,1,2023,2023
1494014,4,2,2022,2024
1543591,4,3,2020,2023
1636064,4,1,2024,2024
1636966,4,2,2022,2023
1638397,4,2,2022,2023
1645638,4,3,2021,2024
1652128,4,2,2022,2025
1668242,4,2,2023,2024
1668933,4,3,2020,2023
1670456,4,2,2025,2026
1675117,4,2,2023,2025
1679384,4,2,2023,2024
1680415,4,2,2023,2024
1684367,4,2,2025,2026
1695940,4,2,2024,2025
1698826,4,2,2021,2023
1705256,4,2,2024,2025
1708958,4,1,2023,2023
1738381,4,2,2021,2025
1745521,4,2,2022,2024
1759209,4,2,2024,2026
1769850,4,3,2021,2025
1776740,4,2,2021,2022
1779269,4,2,2024,2025
1794075,4,3,2021,2025
1813634,4,2,2023,2025
1816027,4,1,2022,2022
1844933,4,3,2022,2025
1848230,4,2,2023,2024
1849968,4,2,2022,2023
1871051,4,1,2024,2024
1874820,4,4,2023,2026
1876526,4,1,2024,2024
1884837,4,2,2025,2026
1890613,4,3,2021,2024
1903543,4,3,2021,2024
1913085,4,2,2022,2023
1922593,4,3,2024,2026
1933827,4,1,2022,2022
1956450,4,2,2020,2023
1964198,4,2,2022,2023
1964744,4,3,2021,2025
1993925,4,2,2021,2023
1997598,4,3,2020,2024
2003815,4,3,2024,2026
2004310,4,2,2022,2023
2005024,4,2,2021,2023
2007573,4,2,2022,2023
2014630,4,3,2023,2025
2016480,4,1,2024,2024
2021578,4,3,2023,2025
2021894,4,2,2022,2023
2027016,4,2,2021,2023
2050636,4,1,2022,2022
2055514,4,1,2022,2022
2082466,4,2,2025,2026
2129040,4,3,2022,2026
2129781,4,3,2023,2026
2149554,4,3,2021,2025
2149632,4,2,2023,2025
2160196,4,2,2024,2025
2160438,4,3,2024,2026
2160637,4,2,2024,2025
2171906,4,1,2021,2021
2188313,4,2,2025,2026
2202717,4,2,2024,2025
2269806,4,2,2024,2025
2274918,4,2,2022,2025
2282279,4,2,2024,2025
2330926,4,1,2022,2022
2359013,4,1,2023,2023
2359599,4,3,2021,2025
2362196,4,2,2021,2024
2369986,4,3,2021,2023
2433592,4,4,2023,2026
2454718,4,2,2022,2024
2504071,4,3,2024,2026
2518962,4,1,2022,2022
2522781,4,1,2021,2021
2539502,4,1,2025,2025
2540689,4,2,2025,2026
2546197,4,2,2023,2025
2550513,4,2,2024,2025
2555590,4,3,2023,2025
2570944,4,1,2025,2025
2571354,4,3,2021,2025
2586433,4,2,2024,2026
2604439,4,2,2021,2022
2605398,4,4,2021,2025
2616688,4,2,2024,2025
2621910,4,2,2025,2026
2628270,4,3,2024,2026
2633723,4,1,2026,2026
2635410,4,1,2022,2022
2650903,4,3,2023,2025
2656874,4,3,2023,2025
2683271,4,1,2022,2022
2720044,4,1,2023,2023
2723386,4,2,2021,2023
2726944,4,1,2022,2022
2727433,4,3,2021,2024
2730970,4,1,2024,2024
2769505,4,2,2023,2024
2785562,4,2,2021,2024
2813498,4,2,2024,2025
2873703,4,3,2023,2025
2877417,4,2,2021,2022
2882744,4,2,2021,2022
2908984,4,3,2024,2026
2912286,4,2,2021,2023
2919475,4,1,2023,2023
2932824,4,1,2023,2023
2953318,4,1,2026,2026
2966530,4,2,2024,2025
2966531,4,2,2024,2025
2966881,4,1,2023,2023
2968769,4,3,2021,2025
2972748,4,2,2024,2025
2979333,4,3,2021,2024
2980809,4,2,2022,2023
2982687,4,3,2023,2025
3003363,4,1,2024,2024
3009302,4,2,2022,2023
3015288,4,2,2025,2026
3034682,4,1,2024,2024
3039528,4,2,2022,2025
3042363,4,2,2024,2025
3045439,4,3,2023,2025
3058198,4,2,2022,2024
3069986,4,2,2023,2024
3071845,4,3,2021,2023
3080687,4,2,2025,2026
3084157,4,2,2021,2022
3116607,4,3,2022,2024
3120275,4,3,2022,2025
3120297,4,1,2025,2025
3130716,4,2,2024,2025
3144279,4,2,2022,2025
3146070,4,2,2021,2022
3158852,4,1,2022,2022
3172037,4,3,2024,2026
3213391,4,2,2024,2025
3225673,4,3,2023,2025
3235259,4,2,2022,2023
3253502,4,4,2021,2026
3260929,4,1,2021,2021
3263693,4,2,2022,2025
3272805,4,3,2022,2026
3273386,4,1,2024,2024
3275305,4,3,2020,2025
3282084,4,2,2022,2024
3317910,4,3,2023,2025
3328030,4,1,2024,2024
3331890,4,2,2023,2025
3334786,4,3,2022,2024
3335689,4,1,2025,2025
3342449,4,2,2024,2025
3348567,4,2,2023,2024
3370573,4,2,2022,2023
3375273,4,2,2022,2025
3385095,4,1,2023,2023
3385657,4,3,2021,2023
3389443,4,2,2021,2022
3389455,4,3,2023,2025
3397587,4,2,2022,2023
3429987,4,3,2023,2025
3433987,4,1,2025,2025
3435537,4,2,2020,2021
3441004,4,1,2024,2024
3447916,4,2,2025,2026
3452082,4,1,2025,2025
3452186,4,2,2021,2022
3471724,4,4,2022,2025
3482312,4,2,2023,2024
3488853,4,1,2023,2023
3521484,4,3,2022,2025
3523937,4,1,2025,2025
3525578,4,2,2022,2023
3534164,4,1,2025,2025
3545934,4,2,2025,2026
3583063,4,2,2022,2024
3584692,4,2,2024,2025
3584966,4,2,2023,2025
3610364,4,2,2023,2026
3611179,4,2,2021,2022
3633302,4,2,2020,2021
3641820,4,2,2020,2023
3654475,4,2,2022,2023
3660029,4,2,2023,2025
3684252,4,1,2024,2024
3691340,4,3,2023,2025
3713361,4,1,2025,2025
3733431,4,1,2025,2025
3734100,4,2,2024,2025
3734312,4,1,2022,2022
3744847,4,1,2025,2025
3747310,4,1,2025,2025
3751290,4,3,2024,2026
3757690,4,1,2025,2025
3757850,4,1,2025,2025
3764209,4,1,2023,2023
3768895,4,1,2021,2021
3780608,4,1,2026,2026
3786744,4,1,2023,2023
3798203,4,3,2021,2026
3799676,4,2,2023,2024
3804884,4,4,2021,2024
3813759,4,2,2022,2023
3826984,4,2,2023,2025
3833736,4,2,2023,2024
3844921,4,2,2021,2023
3844970,4,2,2024,2025
3844978,4,3,2021,2025
3860643,4,2,2025,2026
3861362,4,2,2023,2024
3870891,4,3,2023,2025
3873283,4,1,2025,2025
3893100,4,2,2025,2026
3893367,4,3,2022,2024
3925945,4,2,2022,2023
3941473,4,3,2021,2025
3984947,4,3,2020,2025
3985006,4,3,2024,2026
4048310,4,1,2024,2024
4055165,4,2,2023,2024
4057315,4,2,2021,2022
4057626,4,1,2025,2025
4071295,4,3,2023,2025
4079462,4,1,2025,2025
4118096,4,3,2020,2026
4118256,4,2,2022,2025
4122143,4,1,2023,2023
4133445,4,3,2021,2026
4137106,4,1,2022,2022
4171204,4,2,2022,2023
4209570,4,1,2025,2025
4213448,4,2,2024,2025
4216218,4,1,2025,2025
4227330,4,3,2022,2025
4235943,4,2,2025,2026
4273150,4,3,2023,2026
4279561,4,2,2022,2023
4285174,4,2,2022,2023
4286857,4,2,2024,2025
4297951,4,3,2020,2022
4306439,4,4,2021,2025
4318949,4,3,2020,2023
4325308,4,1,2025,2025
4327850,4,1,2024,2024
4341784,4,2,2022,2023
4356379,4,2,2025,2026
4377920,4,2,2025,2026
4381179,4,1,2022,2022
4388941,4,2,2023,2024
4408757,4,2,2024,2025
4437856,4,2,2022,2024
4438814,4,2,2024,2025
4447134,4,2,2023,2025
4475724,4,1,2025,2025
4500905,4,3,2021,2026
4516542,4,1,2023,2023
4536834,4,2,2023,2024
4559990,4,2,2023,2024
4562169,4,1,2024,2024
4574596,4,3,2021,2026
4583828,4,1,2020,2020
4595295,4,2,2020,2022
4601118,4,2,2024,2025
4606230,4,2,2024,2026
4620913,4,1,2021,2021
4624288,4,3,2024,2026
4627231,4,2,2022,2024
4643242,4,2,2024,2025
4647346,4,1,2021,2021
4661376,4,2,2023,2024
4663305,4,2,2024,2025
4677923,4,2,2021,2024
4702741,4,1,2025,2025
4706720,4,3,2021,2026
4709056,4,1,2024,2024
4710984,4,2,2023,2024
4711231,4,2,2025,2026
4761236,4,3,2022,2026
4795789,4,2,2024,2025
4805125,4,2,2023,2024
4810415,4,2,2024,2025
4818392,4,2,2021,2022
4826866,4,2,2025,2026
4857741,4,3,2023,2025
4865510,4,2,2021,2023
4872914,4,2,2024,2025
4887685,4,2,2023,2024
4907220,4,2,2023,2025
4908095,4,3,2022,2024
4934110,4,2,2021,2025
4955763,4,2,2023,2025
4962598,4,2,2022,2023
4969985,4,1,2023,2023
4977215,4,2,2025,2026
4979671,4,1,2021,2021
4980323,4,2,2024,2025
4985101,4,2,2022,2023
4987690,4,2,2023,2025
4999867,4,1,2026,2026
5013638,4,1,2024,2024
5019456,4,2,2024,2025
5033639,4,3,2021,2024
5049001,4,3,2022,2024
5069367,4,4,2022,2026
5075277,4,2,2023,2024
5087221,4,1,2025,2025
5120244,4,1,2023,2023
5131741,4,2,2023,2025
5138586,4,1,2023,2023
5147360,4,3,2022,2025
5152800,4,3,2023,2025
5161131,4,2,2022,2023
5168722,4,2,2023,2025
5173870,4,2,2023,2024
5187196,4,3,2021,2025
5193677,4,2,2023,2024
5207003,4,1,2025,2025
5208215,4,2,2021,2022
5244152,4,1,2022,2022
5267409,4,2,2024,2025
5270909,4,1,2021,2021
5311022,4,2,2023,2025
5331191,4,3,2021,2024
5336338,4,1,2022,2022
5338277,4,2,2021,2024
5341169,4,2,2021,2022
5342159,4,4,2021,2024
5353346,4,2,2023,2024
5357964,4,2,2022,2023
5367204,4,3,2023,2025
5371805,4,2,2022,2024
5391226,4,1,2023,2023
5409603,4,2,2022,2024
5425431,4,4,2023,2026
5428677,4,2,2021,2022
5435590,4,3,2023,2025
5436531,4,2,2023,2024
5444052,4,2,2021,2024
5445838,4,2,2021,2024
5447800,4,1,2025,2025
5449269,4,1,2023,2023
5449979,4,3,2021,2024
5521861,4,2,2023,2024
5522631,4,2,2021,2022
5537250,4,2,2023,2024
5539403,4,1,2025,2025
5562705,4,3,2023,2025
5564788,4,1,2025,2025
5572089,4,4,2021,2025
5576152,4,2,2024,2025
5578689,4,2,2024,2025
5589102,4,4,2020,2026
5593002,4,1,2025,2025
5598731,4,2,2021,2024
5612218,4,3,2021,2023
5620530,4,1,2025,2025
5632368,4,2,2022,2025
5647484,4,2,2024,2026
5650286,4,2,2022,2023
5670380,4,1,2023,2023
5689828,4,1,2024,2024
5696279,4,1,2026,2026
5698287,4,2,2023,2024
5704648,4,2,2023,2024
5745923,4,1,2024,2024
5749522,4,1,2024,2024
5753339,4,2,2023,2025
5760903,4,2,2023,2024
5827857,4,2,2023,2024
5843433,4,3,2021,2026
5848512,4,2,2024,2025
5853113,4,2,2025,2026
5853904,4,2,2024,2025
5857916,4,2,2024,2025
5858253,4,3,2021,2026
5887522,4,2,2022,2023
5888481,4,2,2024,2025
5892516,4,2,2024,2025
5893364,4,3,2024,2026
5904240,4,2,2023,2024
5930213,4,3,2023,2026
5943101,4,2,2022,2024
5952668,4,2,2021,2023
5956577,4,4,2021,2024
5963322,4,2,2020,2022
5969734,4,1,2021,2021
5999644,4,2,2025,2026
6002741,4,3,2020,2023
6006376,4,4,2022,2025
6013616,4,1,2025,2025
6026968,4,2,2023,2024
6043672,4,1,2021,2021
6045843,4,1,2023,2023
6062214,4,1,2025,2025
6066931,4,3,2022,2025
6070567,4,1,2024,2024
6085395,4,1,2022,2022
6110649,4,3,2022,2025
6156591,4,3,2022,2025
6188472,4,4,2020,2024
6190227,4,2,2021,2022
6231941,4,1,2022,2022
6245415,4,2,2023,2025
6248251,4,2,2023,2025
6248544,4,2,2024,2025
6265222,4,2,2024,2025
6265298,4,2,2024,2025
6279446,4,2,2022,2023
6282984,4,2,2023,2024
6287667,4,3,2023,2026
6293462,4,3,2023,2025
6293610,4,2,2020,2021
6295207,4,2,2022,2023
6299013,4,2,2023,2024
6301649,4,2,2023,2024
6305869,4,1,2025,2025
6334704,4,2,2024,2025
6340364,4,2,2022,2023
6360513,4,2,2021,2024
6410407,4,2,2023,2025
6412999,4,3,2022,2025
6425858,4,3,2022,2025
6431047,4,1,2025,2025
6462334,4,2,2023,2025
6463096,4,2,2022,2024
6463269,4,3,2022,2025
6510470,4,3,2021,2025
6518482,4,3,2022,2025
6522005,4,2,2023,2024
6530969,4,2,2023,2024
6546581,4,2,2021,2023
6552936,4,2,2024,2025
6555110,4,3,2021,2023
6556581,4,3,2021,2024
6559766,4,1,2022,2022
6562748,4,1,2023,2023
6568983,4,2,2022,2024
6576348,4,1,2025,2025
6596114,4,1,2024,2024
6602908,4,3,2024,2026
6604510,4,1,2025,2025
6604806,4,1,2024,2024
6614985,4,3,2022,2025
6617495,4,2,2021,2023
6650208,4,1,2024,2024
6671434,4,2,2024,2025
6704126,4,1,2022,2022
6705437,4,3,2021,2024
6709762,4,1,2025,2025
6714943,4,3,2023,2025
6715232,4,3,2022,2025
6762680,4,2,2023,2024
6769021,4,2,2023,2024
6781150,4,2,2022,2023
6788034,4,3,2020,2025
6789105,4,2,2021,2022
6822207,4,2,2021,2022
6822570,4,2,2023,2024
6828856,4,2,2021,2023
6833416,4,1,2025,2025
6845588,4,3,2021,2024
6850355,4,3,2021,2024
6855523,4,1,2025,2025
6861731,4,2,2020,2021
6886069,4,3,2022,2025
6887607,4,3,2021,2026
6926381,4,2,2022,2023
6929478,4,3,2023,2026
6933479,4,3,2022,2026
6939435,4,1,2025,2025
6947602,4,3,2023,2026
6952591,4,3,2023,2025
6953513,4,1,2023,2023
6973792,4,3,2022,2026
6987162,4,3,2023,2025
6994580,4,2,2023,2025
7010604,4,3,2021,2024
7040160,4,3,2022,2024
7062905,4,2,2024,2025
7067212,4,2,2024,2025
7069123,4,3,2022,2025
7077854,4,2,2023,2024
7099823,4,4,2022,2026
7104935,4,2,2023,2026
7108445,4,4,2020,2024
7121312,4,3,2023,2025
7170334,4,1,2022,2022
7173172,4,1,2024,2024
7182027,4,1,2025,2025
7184478,4,1,2024,2024
7210034,4,3,2022,2025
7210446,4,2,2023,2024
7214873,4,4,2021,2025
7219449,4,1,2022,2022
7256737,4,1,2025,2025
7261790,4,3,2021,2024
7264674,4,3,2023,2025
7278615,4,2,2024,2025
7281361,4,3,2022,2025
7289636,4,2,2022,2023
7289709,4,2,2025,2026
7399129,4,2,2024,2025
7521298,4,2,2025,2026
7561071,4,1,2022,2022
7646075,4,2,2024,2025
7646711,4,1,2025,2025
7660216,4,2,2025,2026
7660962,4,4,2021,2024
7665684,4,1,2023,2023
7667137,4,3,2022,2026
7672515,4,2,2024,2025
7694274,4,1,2025,2025
7697129,4,1,2021,2021
7709714,4,1,2024,2024
7719427,4,2,2024,2025
7744461,4,2,2023,2024
7750600,4,1,2025,2025
7756106,4,2,2024,2025
7762761,4,2,2021,2023
7766494,4,4,2021,2025
7773965,4,1,2023,2023
7781349,4,2,2021,2025
7789555,4,2,2023,2024
7791311,4,2,2023,2024
7798880,4,2,2021,2022
7837025,4,1,2025,2025
7844945,4,1,2025,2025
7845672,4,1,2025,2025
7848356,4,1,2024,2024
7851921,4,3,2024,2026
7854162,4,3,2022,2025
7861301,4,2,2021,2022
7863890,4,2,2021,2022
7869898,4,1,2025,2025
7880018,4,4,2020,2024
7902304,4,1,2025,2025
7917130,4,1,2025,2025
7918605,4,1,2023,2023
7925953,4,3,2022,2024
7929037,4,1,2024,2024
7940211,4,3,2023,2025
7955685,4,1,2026,2026
8088451,4,1,2022,2022
8088814,4,1,2025,2025
8089194,4,1,2022,2022
8089241,4,2,2023,2025
8102822,4,2,2021,2023
8105283,4,1,2024,2024
8108810,4,2,2023,2024
8116195,4,3,2023,2026
8120617,4,2,2021,2022
8125545,4,2,2022,2024
8133178,4,1,2025,2025
8136043,4,1,2024,2024
8136060,4,1,2021,2021
8142141,4,3,2024,2026
8244579,4,3,2021,2023
8246160,4,3,2021,2025
8283630,4,2,2022,2024
8314032,4,2,2024,2025
8379053,4,3,2022,2026
8415432,4,2,2023,2024
8454687,4,3,2021,2024
8455488,4,2,2020,2022
8487512,4,2,2023,2024
8519263,4,3,2021,2025
8522415,4,3,2023,2025
8545826,4,3,2020,2022
8568048,4,2,2020,2025
8707079,4,2,2022,2023
8747054,4,1,2023,2023
8778573,4,2,2023,2026
8801246,4,2,2022,2023
8807475,4,1,2023,2023
8827388,4,3,2021,2023
8858464,4,1,2025,2025
8889575,4,2,2022,2024
8890521,4,2,2022,2024
8913620,4,2,2025,2026
8964195,4,3,2022,2024
8997857,4,2,2023,2024
9001473,4,2,2023,2025
9018571,4,3,2023,2025
9023560,4,2,2021,2025
9117086,4,2,2022,2023
9129215,4,3,2023,2025
9129399,4,1,2024,2024
9129825,4,2,2023,2024
9172923,4,1,2022,2022
9198862,4,2,2024,2026
9199059,4,2,2024,2025
9218046,4,2,2023,2025
9267058,4,1,2023,2023
9281696,4,2,2023,2024
9284400,4,2,2023,2024
9308916,4,3,2024,2026
9371304,4,2,2022,2023
9373210,4,2,2023,2024
9380739,4,2,2024,2025
9439043,4,2,2023,2025
9456324,4,3,2022,2025
9468293,4,2,2023,2024
9522449,4,2,2022,2025
9536250,4,3,2022,2025
9628944,4,3,2022,2024
9634970,4,2,2021,2024
9699989,4,2,2023,2024
9702516,4,3,2023,2026
9715228,4,2,2023,2024
9737752,4,2,2023,2024
9832963,4,1,2025,2025
9838712,4,2,2024,2025
9974818,4,1,2023,2023
10002740,4,3,2021,2025
10127291,4,2,2021,2023
10133301,4,2,2024,2025
10150830,4,2,2023,2024
10188576,4,1,2022,2022
10345136,4,1,2021,2021
10361735,4,1,2023,2023
10406647,4,2,2022,2023
10448559,4,3,2022,2025
10475977,4,2,2021,2022
10580198,4,1,2026,2026
10616587,4,2,2024,2026
10617411,4,2,2021,2024
10641053,4,2,2023,2024
10660262,4,1,2025,2025
10760437,4,2,2023,2024
10839001,4,2,2023,2025
10940150,4,2,2021,2023
11014878,4,1,2025,2025
11018441,4,1,2024,2024
11028582,4,3,2023,2026
11045613,4,4,2023,2026
11046978,4,1,2025,2025
11198073,4,3,2021,2024
11212475,4,2,2023,2024
11259939,4,2,2024,2025
11284669,4,2,2020,2021
11331266,4,2,2025,2026
11364437,4,2,2023,2025
11376533,4,1,2022,2022
11419470,4,4,2021,2026
11454838,4,1,2024,2024
11517153,4,3,2020,2023
11560829,4,3,2023,2025
11571886,4,1,2023,2023
11573109,4,2,2021,2024
11613988,4,2,2023,2024
11631453,4,1,2023,2023
11640748,4,3,2022,2024
11718378,4,3,2021,2025
11736900,4,2,2023,2025
11788111,4,2,2022,2023
11857289,4,3,2021,2024
11898025,4,3,2021,2025
11912987,4,1,2021,2021
11915470,4,2,2021,2025
11915971,4,2,2022,2025
11916217,4,2,2025,2026
11925066,4,2,2022,2023
12007323,4,1,2024,2024
12014000,4,3,2023,2025
12063563,4,2,2021,2025
12063568,4,3,2022,2024
12079956,4,2,2020,2023
12184021,4,2,2024,2025
12202111,4,2,2023,2025
12218748,4,2,2020,2021
12224546,4,3,2020,2023
12259668,4,2,2022,2024
12297605,4,1,2024,2024
12383188,4,2,2022,2025
12432018,4,2,2024,2025
12467957,4,4,2023,2026
12526866,4,2,2025,2026
12583378,4,3,2021,2024
12620565,4,3,2021,2024
12669300,4,3,2022,2024
12669302,4,2,2022,2023
12681597,4,1,2025,2025
12702894,4,2,2023,2024
12720460,4,2,2023,2025
12741318,4,1,2024,2024
12768943,4,2,2023,2024
12891385,4,2,2021,2022
12925901,4,2,2023,2024
12933472,4,3,2022,2024
12952787,4,2,2025,2026
12960811,4,1,2024,2024
13074334,4,2,2024,2025
13171048,4,2,2023,2025
13173391,4,1,2022,2022
13184920,4,2,2024,2025
13185499,4,3,2024,2026
13217450,4,3,2024,2026
13217879,4,4,2020,2025
13237524,4,3,2021,2025
13252249,4,2,2023,2025
13259859,4,1,2023,2023
13285207,4,2,2020,2021
13415574,4,3,2023,2025
13415950,4,1,2024,2024
13449146,4,1,2022,2022
13532840,4,2,2024,2025
13545535,4,2,2024,2025
13564219,4,3,2023,2025
13631833,4,2,2024,2025
13660435,4,1,2024,2024
13673173,4,2,2023,2025
13725494,4,3,2023,2025
13784919,4,2,2021,2024
13786616,4,3,2021,2026
13800505,4,2,2021,2023
13804705,4,2,2023,2024
13815862,4,1,2025,2025
13833344,4,2,2021,2022
13894366,4,2,2021,2022
13897331,4,3,2022,2025
13897846,4,3,2021,2023
13900955,4,2,2024,2025
13909337,4,3,2021,2025
14035215,4,2,2024,2025
14050318,4,4,2021,2024
14158865,4,3,2022,2026
14206609,4,2,2024,2025
14216171,4,4,2021,2025
14225636,4,2,2024,2025
14245784,4,2,2024,2025
14264111,4,2,2023,2025
14280312,4,3,2021,2024
14291413,4,2,2023,2026
14325758,4,2,2024,2025
14342976,4,3,2022,2026
14373545,4,4,2021,2024
14403459,4,2,2021,2022
14406917,4,3,2021,2025
14415702,4,1,2022,2022
14432957,4,2,2023,2024
14447155,4,4,2023,2026
14469551,4,2,2025,2026
14530636,4,2,2021,2023
14566982,4,3,2023,2025
14588367,4,3,2023,2025
14598910,4,3,2023,2025
14619749,4,2,2023,2025
14680438,4,1,2023,2023
14697694,4,3,2023,2025
14723471,4,1,2024,2024
14765484,4,1,2024,2024
14779757,4,2,2023,2024
14787957,4,2,2024,2025
14806143,4,2,2023,2024
14936897,4,1,2025,2025
15037431,4,3,2020,2022
15071708,4,2,2023,2025
15088039,4,3,2021,2023
15110887,4,2,2023,2024
15139082,4,3,2023,2025
15178886,4,2,2023,2024
15186130,4,3,2022,2025
15277545,4,2,2024,2025
15307293,4,2,2021,2022
15334060,4,2,2024,2025
15366402,4,2,2021,2024
15390198,4,2,2022,2024
15397028,4,3,2023,2025
15436997,4,2,2024,2025
15439294,4,2,2022,2024
15444598,4,2,2024,2025
15445166,4,2,2025,2026
15463618,4,4,2022,2025
15515651,4,3,2021,2026
15543664,4,2,2024,2025
15558371,4,2,2022,2025
15597733,4,3,2023,2025
15613329,4,2,2024,2025
15620494,4,1,2021,2021
15631714,4,1,2023,2023
15710577,4,1,2025,2025
15727235,4,4,2022,2025
15728891,4,2,2023,2025
15736628,4,2,2022,2024
15788104,4,2,2023,2025
15801399,4,2,2023,2024
15823236,4,2,2021,2022
15823257,4,2,2022,2024
15828639,4,2,2022,2023
15865249,4,2,2025,2026
15873392,4,1,2023,2023
15941865,4,3,2022,2025
15998402,4,2,2022,2026
16092787,4,3,2023,2025
16122726,4,1,2023,2023
16137304,4,2,2024,2025
16156290,4,2,2023,2024
16170602,4,1,2023,2023
16311579,4,2,2022,2023
16351410,4,2,2021,2022
16389673,4,1,2023,2023
16409615,4,2,2022,2023
16411633,4,3,2020,2023
16418244,4,2,2024,2025
16422233,4,2,2022,2023
16428206,4,1,2023,2023
16428536,4,3,2021,2025
16494329,4,2,2021,2022
16497345,4,1,2025,2025
16517958,4,2,2023,2025
16528744,4,3,2021,2024
16534910,4,2,2023,2024
16544052,4,2,2021,2022
16548424,4,3,2022,2024
16561032,4,4,2021,2025
16591655,4,1,2022,2022
16609596,4,2,2022,2023
16642895,4,2,2024,2025
16669343,4,3,2023,2026
16691609,4,3,2021,2025
16703577,4,3,2022,2025
16716750,4,3,2021,2025
16742755,4,2,2020,2021
16744994,4,1,2023,2023
16745406,4,1,2023,2023
16782339,4,1,2025,2025
16785156,4,1,2026,2026
16787759,4,3,2023,2025
16788475,4,2,2023,2024
16791905,4,3,2022,2025
16813100,4,2,2023,2025
16816025,4,1,2025,2025
16827539,4,2,2024,2026
16844128,4,2,2021,2022
16885750,4,2,2023,2024
16896537,4,2,2022,2025
16896609,4,1,2025,2025
16917970,4,2,2023,2024
16918517,4,2,2025,2026
17020368,4,3,2022,2026
17028122,4,2,2022,2025
17061102,4,3,2022,2026
17124995,4,1,2023,2023
17136230,4,2,2020,2021
17156108,4,1,2025,2025
17205248,4,2,2022,2023
17210004,4,3,2022,2024
17226945,4,3,2022,2024
17273153,4,1,2025,2025
17276167,4,3,2021,2024
17286600,4,2,2023,2025
17295894,4,3,2023,2025
17314629,4,2,2023,2026
17385532,4,2,2021,2023
17407491,4,2,2022,2023
17408034,4,2,2024,2025
17429691,4,1,2021,2021
17481689,4,2,2022,2023
17490684,4,1,2021,2021
17497003,4,2,2021,2022
17551058,4,1,2025,2025
17606775,4,3,2024,2026
17612799,4,2,2025,2026
17627270,4,3,2022,2026
17638657,4,1,2023,2023
17727287,4,1,2021,2021
17803215,4,3,2023,2025
17803270,4,3,2022,2025
17945161,4,2,2021,2022
17974668,4,2,2020,2022
18006089,4,2,2022,2023
18067401,4,3,2022,2025
18130604,4,2,2024,2025
18136211,4,2,2021,2023
18146756,4,1,2025,2025
18217402,4,1,2024,2024
18236586,4,2,2024,2025
18317281,4,3,2021,2024
18318565,4,1,2025,2025
18331990,4,2,2022,2023
18436216,4,2,2023,2025
18496155,4,1,2025,2025
18499043,4,1,2023,2023
18542009,4,2,2024,2025
18608357,4,2,2021,2022
18642509,4,2,2023,2024
18690929,4,3,2022,2025
18711330,4,2,2022,2024
18790745,4,2,2023,2026
18895045,4,3,2023,2025
18895651,4,1,2024,2024
18943369,4,1,2025,2025
18973926,4,2,2022,2023
19088030,4,3,2020,2022
19097949,4,3,2021,2024
19110442,4,2,2022,2023
19116497,4,2,2023,2025
19211616,4,2,2020,2023
19314204,4,2,2021,2023
19355956,4,2,2020,2022
19382981,4,1,2023,2023
19408695,4,2,2024,2025
19456251,4,3,2023,2025
19464085,4,1,2023,2023
19482274,4,1,2024,2024
19488292,4,2,2023,2025
19498375,4,1,2025,2025
19499360,4,3,2023,2025
19513556,4,3,2022,2026
19578603,4,3,2023,2026
19621935,4,3,2023,2025
19737341,4,2,2023,2024
19759642,4,2,2023,2024
19762565,4,3,2022,2026
19770081,4,2,2024,2025
19811209,4,4,2021,2025
19830035,4,1,2022,2022
19860943,4,2,2025,2026
19863062,4,4,2023,2026
19892995,4,2,2022,2024
19980596,4,2,2024,2025
19982848,4,3,2021,2025
19987794,4,3,2023,2025
20025165,4,3,2022,2024
20039652,4,2,2021,2022
20052677,4,2,2022,2023
20065712,4,1,2023,2023
20072621,4,2,2024,2025
20149941,4,3,2023,2025
20152276,4,1,2024,2024
20162882,4,2,2021,2022
20166796,4,2,2022,2023
20177954,4,4,2021,2026
20178996,4,2,2023,2024
20224224,4,3,2024,2026
20269809,4,2,2022,2025
20272005,4,1,2023,2023
20288821,4,3,2021,2023
20311631,4,2,2025,2026
20311755,4,2,2023,2024
20312149,4,2,2023,2024
20376710,4,1,2025,2025
20399192,4,2,2023,2025
20458620,4,2,2024,2025
20464140,4,2,2022,2023
20472430,4,2,2023,2024
20486548,4,3,2023,2025
20500938,4,2,2022,2023
20510512,4,3,2024,2026
20533935,4,2,2021,2022
20535029,4,2,2022,2024
20560194,4,1,2023,2023
20571313,4,2,2024,2025
20571398,4,1,2022,2022
20571450,4,2,2024,2025
20930901,4,1,2025,2025
20942008,4,1,2023,2023
20943345,4,3,2021,2024
20953809,4,3,2020,2022
20957653,4,1,2023,2023
20959063,4,2,2023,2024
20983632,4,1,2022,2022
21053092,4,3,2022,2025
21121143,4,2,2024,2025
21127105,4,2,2023,2024
21139674,4,2,2022,2023
21243959,4,2,2023,2024
21297634,4,2,2022,2025
21367501,4,1,2025,2025
21408595,4,3,2023,2025
21418426,4,2,2024,2025
21492638,4,1,2025,2025
21499061,4,2,2024,2025
21505913,4,3,2023,2025
21589311,4,1,2024,2024
21616218,4,2,2024,2025
21632331,4,2,2021,2022
21661508,4,3,2023,2025
21683248,4,2,2024,2026
21790991,4,4,2023,2026
21814128,4,2,2024,2025
21840922,4,2,2023,2024
21918827,4,2,2022,2023
22038995,4,2,2022,2023
22063099,4,2,2022,2023
22089121,4,3,2022,2025
22095378,4,3,2024,2026
22112916,4,3,2023,2025
22142030,4,2,2022,2023
22142112,4,1,2025,2025
22144560,4,1,2025,2025
22154337,4,1,2025,2025
22155835,4,2,2024,2025
22160410,4,1,2025,2025
22166733,4,2,2024,2026
22174650,4,1,2025,2025
22179383,4,2,2023,2024
22187482,4,1,2025,2025
22192674,4,1,2024,2024
22224633,4,3,2021,2025
22245791,4,1,2022,2022
22248963,4,1,2024,2024
22254745,4,1,2021,2021
22267026,4,1,2026,2026
22272907,4,3,2022,2024
22301399,4,1,2025,2025
22357193,4,1,2026,2026
22611499,4,2,2024,2026
22613044,4,2,2024,2025
22635791,4,2,2023,2024
22786412,4,1,2025,2025
22787926,4,1,2021,2021
22789419,4,2,2021,2022
22800644,4,2,2025,2026
22807056,4,2,2021,2023
22866371,4,2,2025,2026
22875125,4,1,2024,2024
22883831,4,3,2022,2024
22923229,4,4,2023,2026
22943078,4,2,2024,2025
22972602,4,2,2022,2025
23149115,4,2,2024,2026
23241522,4,1,2025,2025
23265264,4,1,2025,2025
23350727,4,3,2023,2025
23358026,4,2,2023,2024
23389602,4,1,2025,2025
23399317,4,3,2022,2024
23440393,4,3,2024,2026
23463383,4,3,2024,2026
23464461,4,2,2022,2025
23493436,4,3,2022,2025
23560446,4,2,2024,2025
23577444,4,1,2025,2025
23579753,4,2,2022,2024
23579894,4,3,2022,2025
23596112,4,3,2022,2025
23599296,4,1,2025,2025
23599491,4,2,2023,2024
23617232,4,4,2022,2026
23648595,4,2,2024,2025
23652997,4,3,2023,2025
23680159,4,3,2023,2025
23766613,4,3,2022,2025
23776552,4,2,2022,2023
23807790,4,1,2023,2023
23847133,4,3,2023,2025
23860023,4,3,2023,2025
23868648,4,3,2024,2026
23913917,4,1,2022,2022
23921968,4,3,2021,2023
23937660,4,4,2022,2026
23942251,4,2,2024,2025
23964103,4,1,2022,2022
24027368,4,3,2023,2025
24037400,4,3,2022,2025
24053071,4,2,2025,2026
24060757,4,3,2023,2025
24093620,4,2,2022,2023
24147626,4,2,2022,2025
24197517,4,1,2025,2025
24205587,4,2,2023,2024
24252157,4,1,2024,2024
24257576,4,1,2024,2024
24264574,4,2,2024,2026
24425845,4,2,2025,2026
24451133,4,3,2022,2025
24466535,4,2,2023,2025
24470314,4,3,2023,2025
24490283,4,2,2025,2026
24496335,4,2,2023,2024
24498611,4,1,2023,2023
24499239,4,2,2023,2025
24499379,4,1,2025,2025
24513934,4,1,2023,2023
24530676,4,3,2022,2025
24586170,4,1,2023,2023
24675620,4,2,2024,2025
24725645,4,3,2023,2025
24752964,4,1,2023,2023
24826243,4,1,2024,2024
24891596,4,2,2025,2026
24892362,4,1,2024,2024
24934077,4,3,2023,2025
25014859,4,3,2023,2026
26413198,4,1,2024,2024
26416802,4,3,2022,2024
26444780,4,1,2026,2026
26446939,4,1,2025,2025
26467461,4,1,2022,2022
26469494,4,1,2024,2024
26470402,4,3,2022,2025
26485088,4,2,2022,2025
26499201,4,2,2024,2025
26499713,4,2,2020,2021
26539593,4,1,2023,2023
26542488,4,1,2025,2025
26543337,4,2,2023,2024
26582418,4,3,2023,2026
26588034,4,2,2023,2024
26652748,4,1,2023,2023
26682802,4,2,2025,2026
26704453,4,2,2023,2024
26718318,4,2,2023,2024
26726202,4,2,2023,2024
26750058,4,1,2026,2026
26767785,4,2,2022,2024
26768138,4,3,2023,2025
26776132,4,1,2025,2025
26787734,4,2,2023,2024
26807114,4,2,2023,2024
26834433,4,2,2023,2025
26876570,4,2,2023,2024
26924671,4,2,2024,2025
26957578,4,4,2022,2026
26971952,4,3,2023,2025
26986916,4,2,2022,2024
27003784,4,1,2025,2025
27696045,4,3,2023,2025
27701794,4,2,2023,2024
27706312,4,2,2023,2024
27729190,4,1,2023,2023
27777895,4,3,2024,2026
27795399,4,1,2025,2025
27848705,4,2,2024,2025
30136505,4,3,2022,2025
30149598,4,2,2025,2026
35486040,4,2,2023,2024
35492873,4,1,2023,2023
40838626,4,3,2023,2025
40853820,4,2,2024,2025
48475504,4,1,2021,2021
48492701,4,2,2023,2024
48494117,4,1,2025,2025
49757773,4,3,2023,2025
49786282,4,2,2023,2024
51757998,4,2,2024,2025
53733341,4,1,2023,2023
53734141,4,2,2024,2025
67114491,4,1,2025,2025
67115055,4,2,2023,2024
72167010,4,1,2024,2024
81390321,4,1,2023,2023
81398971,4,1,2023,2023
81403575,4,3,2024,2026
90543559,4,2,2023,2024
90545464,4,2,2023,2025
90551219,4,3,2023,2025
90568329,4,1,2024,2024
92775476,4,2,2024,2025
92782363,4,1,2023,2023
92783046,4,4,2021,2025
92794964,4,1,2023,2023
92803127,4,2,2023,2024
92804706,4,2,2022,2025
92807541,4,1,2026,2026
92808833,4,3,2024,2026
92811281,4,1,2025,2025
92819149,4,1,2021,2021
92819971,4,3,2024,2026
92823010,4,2,2023,2024
92825942,4,2,2022,2023
92856064,4,2,2024,2025
92879203,4,1,2026,2026
92890083,4,3,2023,2025
92898865,4,1,2024,2024
92900170,4,3,2022,2024
92912797,4,1,2024,2024
92918610,4,2,2023,2024
92930115,4,2,2023,2024
92939204,4,1,2025,2025
92947023,4,1,2026,2026
92968544,4,3,2024,2026
92989895,4,3,2022,2024
92999719,4,1,2022,2022
93007452,4,3,2020,2024
93062541,4,3,2023,2025
93063295,4,2,2023,2024
93063371,4,1,2024,2024
93079789,4,3,2022,2024
93083799,4,2,2024,2025
93110942,4,3,2023,2025
93117727,4,2,2024,2025
93128925,4,3,2023,2025
93162837,4,2,2023,2025
93171788,4,1,2024,2024
93172591,4,2,2023,2024
93172694,4,2,2024,2025
93177694,4,3,2023,2025
93185559,4,2,2024,2026
93211668,4,2,2020,2021
93230131,4,3,2022,2025
93245653,4,2,2024,2025
93247780,4,2,2024,2025
93247890,4,2,2025,2026
93259529,4,1,2025,2025
93265006,4,1,2023,2023
93278733,4,1,2023,2023
93284095,4,1,2022,2022
93309623,4,2,2024,2025
93312189,4,1,2020,2020
93326232,4,1,2025,2025
93334088,4,1,2025,2025
93335526,4,3,2021,2024
93342235,4,2,2025,2026
93342521,4,2,2024,2025
93346538,4,2,2024,2025
93375509,4,3,2023,2025
93395032,4,2,2024,2025
93402248,4,3,2022,2024
93411504,4,1,2023,2023
93413350,4,2,2023,2024
93434057,4,2,2025,2026
93448727,4,2,2023,2024
93449507,4,3,2023,2025
93458798,4,3,2023,2025
93463306,4,1,2024,2024
93474893,4,1,2024,2024
93508990,4,2,2024,2025
93516492,4,2,2025,2026
93529171,4,1,2024,2024
93539054,4,2,2022,2024
93541068,4,1,2025,2025
93543188,4,2,2024,2025
93543507,4,2,2024,2025
93549382,4,2,2023,2024
93562750,4,2,2023,2024
93595374,4,3,2020,2024
93621930,4,2,2022,2023
93646255,4,1,2024,2024
93652153,4,2,2023,2026
93657159,4,1,2024,2024
93671632,4,2,2023,2024
93682472,4,2,2024,2025
93719283,4,2,2024,2025
93723436,4,3,2022,2025
93730609,4,3,2022,2024
93731898,4,2,2024,2025
93732953,4,1,2024,2024
93739159,4,1,2021,2021
93740180,4,2,2020,2021
93756328,4,2,2023,2024
93756958,4,1,2025,2025
93788957,4,2,2024,2025
93790053,4,1,2025,2025
93792065,4,1,2025,2025
93794627,4,2,2023,2025
93795209,4,1,2025,2025
93797649,4,2,2021,2024
93816165,4,3,2022,2024
93824489,4,3,2021,2024
93875689,4,1,2025,2025
93883644,4,1,2025,2025
93914481,4,2,2021,2022
93923339,4,2,2024,2025
93926507,4,3,2023,2025
93929226,4,1,2025,2025
93938700,4,2,2024,2025
93940966,4,2,2025,2026
93969127,4,2,2021,2022
93969164,4,2,2022,2023
94038515,4,2,2024,2025
94062120,4,2,2023,2024
94079718,4,2,2023,2024
94167739,4,4,2023,2026
94194112,4,1,2024,2024
94200936,4,2,2024,2025
94201117,4,1,2024,2024
94203671,4,2,2025,2026
94233851,4,1,2023,2023
94236072,4,2,2023,2024
94249534,4,2,2023,2024
94307934,4,2,2025,2026
94316897,4,2,2022,2023
94333972,4,2,2024,2025
94340274,4,1,2023,2023
94372058,4,3,2024,2026
94374819,4,1,2023,2023
94383685,4,3,2024,2026
94385836,4,3,2023,2025
94421718,4,1,2023,2023
94444404,4,1,2023,2023
94449176,4,2,2023,2024
94470358,4,2,2024,2025
94490343,4,2,2023,2024
94495476,4,2,2023,2024
94502844,4,3,2023,2025
94517029,4,1,2024,2024
94518436,4,1,2024,2024
94531354,4,2,2024,2025
94536263,4,3,2024,2026
94543198,4,2,2023,2024
94548074,4,1,2024,2024
94552258,4,3,2023,2026
94560336,4,3,2023,2025
94608951,4,2,2024,2025
94616310,4,3,2023,2025
94621047,4,2,2025,2026
94650842,4,2,2023,2024
94686737,4,1,2024,2024
94693609,4,2,2024,2025
94704466,4,3,2023,2025
94713113,4,4,2022,2025
94715434,4,3,2023,2025
94716681,4,2,2023,2025
94728259,4,3,2023,2026
94740387,4,2,2023,2025
94748025,4,3,2023,2026
94771759,4,4,2023,2026
94781513,4,3,2022,2025
94786071,4,2,2024,2025
94816766,4,1,2025,2025
94818019,4,2,2023,2025
94839737,4,2,2023,2024
94901005,4,1,2023,2023
94909468,4,2,2022,2024
94950827,4,3,2023,2026
95000546,4,2,2025,2026
95018051,4,2,2020,2023
95025166,4,1,2023,2023
95038033,4,1,2025,2025
95039225,4,3,2023,2026
95043730,4,1,2024,2024
95043921,4,1,2024,2024
95066605,4,1,2023,2023
95070059,4,2,2024,2025
95117552,4,2,2024,2025
95133308,4,2,2024,2025
95134647,4,1,2024,2024
95181423,4,3,2023,2025
95187677,4,2,2024,2025
95201020,4,3,2023,2025
95214232,4,2,2023,2024
95243281,4,2,2024,2026
95277594,4,2,2023,2025
95281651,4,3,2023,2026
95309069,4,3,2023,2025
95312972,4,1,2022,2022
95326307,4,2,2024,2026
95327021,4,2,2025,2026
95339493,4,2,2024,2025
95377946,4,2,2023,2024
95392190,4,2,2024,2025
95409138,4,2,2023,2025
95414940,4,1,2024,2024
95423694,4,2,2023,2024
95450440,4,1,2025,2025
95466272,4,1,2024,2024
95478994,4,2,2023,2024
95507667,4,1,2023,2023
95509284,4,2,2024,2025
95519532,4,2,2024,2025
95527107,4,2,2023,2024
95550538,4,2,2024,2026
95570963,4,3,2023,2025
95626751,4,1,2025,2025
95647043,4,2,2022,2025
95648462,4,2,2023,2024
95661121,4,1,2023,2023
95669148,4,2,2024,2025
95673369,4,3,2024,2026
95678611,4,2,2020,2021
95683508,4,2,2023,2024
95686678,4,3,2024,2026
95691874,4,2,2023,2025
95713692,4,2,2024,2025
95745072,4,2,2024,2025
95756710,4,3,2023,2026
95775969,4,1,2025,2025
95782437,4,1,2024,2024
95782438,4,2,2023,2024
95789515,4,2,2023,2024
95819335,4,2,2023,2025
95824368,4,1,2025,2025
95844011,4,3,2023,2025
95845600,4,1,2024,2024
95851690,4,3,2024,2026
95865274,4,1,2025,2025
95868782,4,2,2022,2024
95881786,4,2,2025,2026
95905251,4,2,2023,2024
95919122,4,2,2023,2024
95945896,4,2,2023,2025
95977283,4,1,2024,2024
95979406,4,1,2024,2024
95979778,4,2,2024,2025
96025997,4,3,2023,2025
96080128,4,2,2024,2025
96097431,4,2,2023,2024
96099120,4,3,2024,2026
96100333,4,2,2024,2025
96111894,4,2,2024,2025
96137710,4,3,2024,2026
96151439,4,2,2023,2025
96154172,4,2,2024,2025
96169591,4,3,2024,2026
96170174,4,3,2024,2026
96187493,4,2,2023,2024
96213028,4,2,2024,2025
96221835,4,2,2023,2024
96250985,4,3,2024,2026
96264492,4,3,2024,2026
96268463,4,2,2025,2026
96291556,4,1,2025,2025
96307549,4,1,2025,2025
96330483,4,2,2024,2025
96342429,4,1,2021,2021
96353999,4,3,2023,2025
96358406,4,2,2024,2025
96360403,4,3,2022,2024
96475628,4,2,2024,2025
96495225,4,2,2024,2025
96509042,4,2,2023,2024
96536491,4,2,2025,2026
96547965,4,1,2025,2025
96564177,4,1,2024,2024
96601360,4,2,2024,2026
96695787,4,1,2024,2024
96720366,4,1,2024,2024
96728766,4,3,2023,2026
96728864,4,2,2024,2025
96743714,4,1,2024,2024
96761888,4,1,2024,2024
96786757,4,2,2024,2025
96787389,4,1,2024,2024
96789734,4,1,2025,2025
96811104,4,2,2023,2024
96832177,4,2,2024,2025
96836881,4,2,2023,2024
96837025,4,2,2024,2025
96857705,4,2,2024,2025
96861774,4,1,2024,2024
96862225,4,3,2024,2026
96885091,4,2,2025,2026
96892448,4,1,2024,2024
96894458,4,2,2023,2025
96900622,4,2,2024,2025
96921970,4,2,2024,2025
96923502,4,2,2024,2025
96924472,4,1,2023,2023
96932907,4,1,2024,2024
96934624,4,1,2025,2025
96960248,4,2,2024,2025
96973489,4,1,2024,2024
97030746,4,3,2022,2025
97051558,4,2,2024,2026
97060573,4,2,2024,2025
97065815,4,2,2023,2025
97069652,4,1,2024,2024
97076393,4,3,2024,2026
97115401,4,2,2024,2025
97120128,4,1,2025,2025
97188725,4,1,2023,2023
97204063,4,1,2024,2024
97244940,4,2,2024,2025
97249206,4,2,2025,2026
97289271,4,2,2024,2025
97313172,4,3,2022,2025
97406925,4,2,2024,2025
97411772,4,1,2025,2025
97414133,4,1,2024,2024
97451850,4,1,2024,2024
97594822,4,2,2023,2025
97613004,4,2,2025,2026
97653969,4,3,2023,2025
97656637,4,2,2024,2025
97660195,4,2,2023,2025
97691641,4,2,2024,2026
97706331,4,2,2024,2025
97712946,4,1,2025,2025
97718716,4,1,2025,2025
97724588,4,2,2024,2026
97737176,4,2,2024,2025
97759986,4,3,2024,2026
97837322,4,1,2025,2025
97851462,4,3,2023,2026
97860725,4,2,2023,2024
98015849,4,2,2024,2025
98021323,4,3,2023,2025
98056088,4,2,2020,2025
98071329,4,3,2023,2025
98139653,4,2,2025,2026
98141522,4,1,2024,2024
98151828,4,2,2025,2026
98164090,4,1,2025,2025
98184698,4,1,2024,2024
98205199,4,1,2025,2025
98220188,4,1,2023,2023
98288144,4,2,2023,2025
98297037,4,3,2024,2026
98325572,4,2,2024,2025
98337479,4,1,2025,2025
98375970,4,1,2024,2024
98431644,4,2,2024,2025
98472202,4,1,2024,2024
98491647,4,1,2024,2024
98507964,4,1,2024,2024
98550268,4,2,2024,2025
98630116,4,2,2024,2025
98669495,4,2,2024,2025
98675311,4,2,2025,2026
98687133,4,3,2024,2026
98725410,4,1,2023,2023
98763111,4,2,2024,2026
98765226,4,3,2023,2025
98801149,4,1,2025,2025
98997635,4,1,2025,2025
99047775,4,1,2024,2024
99085313,4,1,2025,2025
99095649,4,3,2022,2024
99215657,4,2,2023,2024
99218220,4,1,2025,2025
99246098,4,1,2025,2025
99360454,4,1,2025,2025
99452400,4,3,2024,2026
99561641,4,2,2024,2025
99562267,4,2,2024,2025
99578039,4,1,2024,2024
99605323,4,3,2024,2026
99643971,4,2,2024,2025
99671292,4,1,2023,2023
99694859,4,3,2023,2025
99708197,4,1,2024,2024
99822589,4,2,2024,2025
99854789,4,3,2024,2026
99874371,4,3,2024,2026
99889275,4,2,2024,2025
99947128,4,2,2024,2025
99951618,4,1,2024,2024
99954259,4,2,2024,2025
99957563,4,1,2024,2024
99978317,4,3,2022,2025
99988514,4,2,2024,2025
99994074,4,2,2025,2026
100070623,4,2,2025,2026
100108643,4,1,2024,2024
100196845,4,2,2023,2025
100300126,4,1,2025,2025
100331856,4,3,2024,2026
100411337,4,3,2023,2026
100442941,4,3,2024,2026
100487097,4,2,2023,2024
100569179,4,2,2025,2026
100574055,4,1,2025,2025
100574073,4,2,2024,2025
100587050,4,2,2025,2026
100650779,4,1,2025,2025
100741722,4,1,2025,2025
100811509,4,2,2025,2026
100912154,4,1,2025,2025
100912249,4,1,2025,2025
100913160,4,1,2025,2025
100914583,4,2,2025,2026
100985302,4,2,2024,2025
100988585,4,1,2025,2025
101012241,4,3,2024,2026
101022097,4,2,2024,2025
101031679,4,1,2025,2025
101034187,4,2,2025,2026
101038408,4,1,2025,2025
101074684,4,2,2024,2025
101260463,4,2,2025,2026
101339661,4,1,2025,2025
101385367,4,1,2025,2025
101391564,4,1,2025,2025
101459914,4,2,2025,2026
101491631,4,2,2025,2026
101511198,4,2,2025,2026
101623097,4,2,2022,2025
101698288,4,1,2024,2024
101757230,4,2,2025,2026
101784716,4,1,2025,2025
101872315,4,1,2025,2025
101941158,4,2,2024,2025
101998112,4,1,2024,2024
102214496,4,2,2025,2026
102219514,4,2,2024,2025
102264627,4,1,2025,2025
102326374,4,1,2025,2025
102441828,4,1,2025,2025
1238,3,1,2024,2024
1305,3,3,2023,2025
4841,3,2,2021,2023
8645,3,1,2023,2023
11427,3,3,2021,2024
12700,3,1,2024,2024
14343,3,2,2021,2023
15468,3,2,2021,2025
18266,3,2,2022,2025
19442,3,2,2024,2025
19723,3,2,2025,2026
24140,3,1,2025,2025
30095,3,2,2021,2022
32099,3,2,2020,2021
32157,3,2,2024,2025
32298,3,1,2023,2023
32905,3,1,2022,2022
32980,3,2,2022,2024
38709,3,1,2026,2026
46421,3,1,2022,2022
46721,3,1,2023,2023
47516,3,3,2022,2024
48027,3,2,2023,2026
50859,3,2,2019,2026
51304,3,1,2025,2025
52951,3,2,2024,2025
64049,3,1,2026,2026
65109,3,2,2025,2026
68153,3,2,2023,2024
68621,3,3,2024,2026
69331,3,1,2025,2025
69489,3,2,2021,2022
71644,3,2,2024,2025
73800,3,2,2025,2026
76169,3,2,2023,2024
77397,3,2,2025,2026
80386,3,1,2024,2024
81315,3,2,2023,2025
84088,3,1,2022,2022
84793,3,1,2026,2026
84911,3,1,2023,2023
85207,3,3,2023,2026
88757,3,2,2024,2025
102533,3,2,2021,2022
102762,3,1,2022,2022
105508,3,2,2023,2025
105920,3,2,2025,2026
109401,3,1,2022,2022
112329,3,3,2017,2024
123106,3,2,2023,2025
124118,3,1,2025,2025
126841,3,1,2025,2025
128876,3,1,2026,2026
136517,3,2,2021,2022
139059,3,2,2023,2024
139214,3,2,2024,2025
140497,3,2,2024,2025
144312,3,2,2019,2025
145306,3,2,2024,2025
146822,3,1,2022,2022
148983,3,3,2024,2026
151793,3,2,2020,2021
154034,3,1,2023,2023
154708,3,1,2021,2021
155688,3,1,2025,2025
156663,3,1,2024,2024
156939,3,1,2026,2026
162310,3,1,2025,2025
163080,3,1,2023,2023
164905,3,1,2022,2022
166047,3,1,2023,2023
167529,3,1,2022,2022
168277,3,1,2021,2021
169502,3,1,2024,2024
169928,3,2,2024,2025
172146,3,2,2023,2024
173871,3,2,2021,2022
175813,3,3,2021,2025
176462,3,1,2023,2023
177534,3,1,2024,2024
180563,3,1,2025,2025
184067,3,1,2025,2025
184333,3,3,2022,2025
185521,3,2,2022,2024
186542,3,1,2025,2025
192679,3,2,2024,2026
196031,3,3,2020,2023
197873,3,1,2023,2023
198482,3,2,2024,2025
198752,3,3,2022,2024
199535,3,2,2024,2026
205254,3,2,2021,2022
206033,3,2,2023,2024
206989,3,2,2022,2024
210481,3,1,2025,2025
213366,3,1,2022,2022
214649,3,2,2025,2026
218378,3,3,2022,2024
220889,3,1,2022,2022
223426,3,2,2022,2026
223433,3,2,2023,2024
228522,3,2,2025,2026
228878,3,2,2023,2024
229898,3,1,2024,2024
231521,3,2,2024,2025
232005,3,1,2021,2021
232012,3,1,2025,2025
232281,3,1,2025,2025
236499,3,2,2022,2024
237289,3,2,2024,2025
239202,3,3,2023,2025
239885,3,2,2021,2022
240248,3,2,2021,2022
241709,3,1,2024,2024
244399,3,1,2025,2025
247285,3,1,2025,2025
247449,3,2,2025,2026
248210,3,2,2019,2021
256159,3,2,2022,2025
259817,3,1,2022,2022
262574,3,1,2022,2022
264429,3,2,2024,2025
265183,3,2,2024,2025
266307,3,1,2023,2023
267469,3,2,2025,2026
268913,3,1,2024,2024
272647,3,1,2022,2022
280614,3,1,2024,2024
283439,3,2,2022,2025
283773,3,1,2024,2024
289443,3,1,2023,2023
290823,3,2,2023,2025
291629,3,1,2022,2022
291745,3,3,2022,2025
296037,3,2,2025,2026
296566,3,1,2021,2021
297648,3,2,2025,2026
298145,3,2,2024,2026
300528,3,1,2025,2025
302217,3,2,2023,2025
303295,3,2,2023,2024
309336,3,2,2022,2024
309432,3,1,2025,2025
310099,3,1,2023,2023
312443,3,1,2024,2024
313767,3,2,2024,2025
316759,3,3,2021,2024
320124,3,2,2023,2024
327256,3,3,2020,2022
333049,3,1,2025,2025
344780,3,2,2021,2023
349433,3,1,2025,2025
351212,3,1,2025,2025
353178,3,1,2026,2026
354196,3,1,2025,2025
355422,3,1,2025,2025
363577,3,3,2022,2026
369413,3,1,2022,2022
373436,3,2,2023,2024
378426,3,1,2024,2024
383621,3,1,2023,2023
384365,3,1,2025,2025
384870,3,1,2022,2022
385914,3,1,2024,2024
386582,3,1,2025,2025
392085,3,2,2023,2026
392129,3,1,2025,2025
395682,3,1,2023,2023
399216,3,2,2023,2026
401378,3,2,2021,2022
404254,3,3,2021,2025
409532,3,2,2023,2024
411381,3,2,2024,2025
411696,3,2,2022,2025
413403,3,3,2024,2026
414982,3,2,2024,2026
415847,3,1,2025,2025
419220,3,2,2022,2023
419592,3,1,2026,2026
420337,3,3,2023,2025
423225,3,2,2022,2023
423666,3,2,2023,2024
423817,3,2,2022,2023
424170,3,2,2022,2025
429778,3,2,2020,2021
432658,3,2,2024,2025
434424,3,1,2024,2024
440342,3,1,2026,2026
441875,3,3,2024,2026
442910,3,2,2023,2024
443772,3,3,2021,2024
443823,3,2,2021,2024
446190,3,1,2022,2022
447881,3,2,2024,2026
448631,3,2,2025,2026
449892,3,1,2021,2021
450051,3,2,2022,2023
450801,3,2,2023,2024
452332,3,3,2021,2023
458423,3,1,2022,2022
459910,3,2,2021,2022
463547,3,2,2022,2023
467939,3,1,2025,2025
471248,3,1,2023,2023
474065,3,1,2024,2024
476004,3,1,2023,2023
477016,3,2,2024,2025
477612,3,1,2025,2025
478535,3,2,2025,2026
479803,3,1,2021,2021
484896,3,3,2022,2025
485067,3,2,2023,2024
485110,3,2,2025,2026
485505,3,3,2021,2025
489310,3,1,2023,2023
490050,3,1,2022,2022
493434,3,1,2023,2023
494994,3,1,2022,2022
495823,3,1,2022,2022
496156,3,2,2022,2025
497930,3,2,2025,2026
498480,3,2,2021,2022
501021,3,2,2023,2024
501168,3,1,2024,2024
502957,3,2,2024,2025
503081,3,2,2022,2025
505238,3,1,2025,2025
507156,3,1,2024,2024
514870,3,1,2024,2024
516397,3,1,2020,2020
520038,3,3,2021,2025
521480,3,2,2023,2024
523359,3,2,2023,2024
524010,3,2,2020,2021
524368,3,1,2026,2026
524533,3,1,2025,2025
527522,3,1,2025,2025
533062,3,1,2025,2025
533256,3,1,2022,2022
533612,3,2,2025,2026
534356,3,1,2025,2025
535792,3,2,2024,2025
537100,3,3,2020,2025
540210,3,1,2023,2023
544039,3,2,2024,2025
551315,3,2,2022,2023
554173,3,2,2021,2024
555184,3,1,2025,2025
555566,3,1,2023,2023
555659,3,3,2021,2025
556101,3,1,2025,2025
557950,3,2,2022,2023
559147,3,1,2021,2021
564098,3,2,2024,2025
566480,3,2,2025,2026
566565,3,1,2025,2025
568284,3,2,2023,2025
569309,3,1,2024,2024
571058,3,2,2022,2023
575091,3,2,2024,2026
579555,3,3,2023,2025
582585,3,1,2022,2022
584256,3,1,2025,2025
585198,3,1,2025,2025
585302,3,1,2021,2021
589982,3,1,2024,2024
594183,3,1,2023,2023
597165,3,1,2022,2022
597516,3,2,2021,2024
597566,3,1,2024,2024
597798,3,1,2021,2021
602321,3,3,2022,2026
604252,3,1,2024,2024
606796,3,3,2023,2026
607121,3,1,2021,2021
611312,3,2,2020,2021
613949,3,2,2025,2026
614362,3,3,2023,2025
616786,3,3,2024,2026
620758,3,1,2025,2025
626866,3,1,2022,2022
630308,3,2,2022,2025
632694,3,1,2025,2025
633501,3,1,2023,2023
634880,3,3,2023,2025
634982,3,2,2024,2025
638311,3,3,2021,2026
638503,3,1,2023,2023
639880,3,1,2021,2021
640427,3,2,2021,2023
641296,3,1,2025,2025
648077,3,1,2022,2022
649699,3,2,2022,2023
654275,3,2,2024,2026
655450,3,3,2021,2025
659456,3,2,2022,2026
663842,3,1,2024,2024
667862,3,1,2025,2025
668637,3,1,2025,2025
669104,3,1,2025,2025
669531,3,2,2021,2022
669592,3,2,2024,2025
673014,3,2,2023,2024
679504,3,1,2025,2025
679965,3,2,2023,2026
682125,3,1,2023,2023
682790,3,2,2023,2024
700733,3,2,2024,2025
709057,3,1,2022,2022
713857,3,1,2025,2025
715626,3,2,2021,2022
719066,3,2,2024,2025
720396,3,1,2025,2025
723175,3,2,2022,2025
723429,3,2,2021,2022
729065,3,1,2023,2023
731898,3,2,2023,2025
732838,3,2,2022,2025
735135,3,1,2025,2025
737014,3,1,2025,2025
739991,3,1,2021,2021
745232,3,2,2024,2025
751978,3,2,2020,2021
752335,3,2,2022,2025
759707,3,1,2021,2021
760829,3,1,2022,2022
761612,3,2,2022,2024
764106,3,2,2024,2025
764714,3,1,2023,2023
765802,3,3,2021,2024
766780,3,2,2022,2023
767850,3,1,2025,2025
768808,3,1,2024,2024
768935,3,2,2025,2026
772186,3,1,2021,2021
772896,3,1,2020,2020
773480,3,2,2021,2022
773980,3,2,2021,2022
775145,3,2,2021,2022
777935,3,3,2022,2026
778643,3,1,2022,2022
784236,3,3,2022,2024
784955,3,1,2025,2025
784976,3,1,2024,2024
787494,3,1,2025,2025
787863,3,3,2021,2026
790716,3,1,2024,2024
794206,3,1,2025,2025
794570,3,1,2024,2024
795860,3,2,2024,2025
802689,3,2,2022,2023
803064,3,1,2024,2024
805075,3,1,2023,2023
805278,3,1,2021,2021
805711,3,2,2021,2022
806825,3,2,2023,2024
810342,3,1,2024,2024
812644,3,1,2023,2023
813530,3,1,2021,2021
813812,3,1,2023,2023
813864,3,1,2021,2021
818205,3,3,2022,2026
819707,3,2,2024,2025
819884,3,2,2023,2024
820526,3,1,2023,2023
820583,3,1,2024,2024
822278,3,1,2022,2022
822516,3,2,2022,2025
825113,3,2,2025,2026
825840,3,1,2021,2021
826841,3,1,2023,2023
827448,3,1,2023,2023
828387,3,1,2022,2022
831737,3,2,2024,2025
833705,3,1,2024,2024
836096,3,2,2021,2025
842204,3,1,2021,2021
845657,3,1,2025,2025
850123,3,2,2023,2025
850219,3,1,2025,2025
852857,3,1,2024,2024
852878,3,1,2025,2025
853095,3,1,2025,2025
853350,3,1,2025,2025
854313,3,1,2024,2024
860959,3,2,2021,2022
861490,3,2,2023,2026
865338,3,2,2022,2023
865808,3,2,2021,2023
866335,3,3,2021,2025
866553,3,3,2022,2025
866573,3,2,2023,2025
869160,3,1,2024,2024
869247,3,1,2024,2024
870797,3,1,2025,2025
871315,3,1,2021,2021
872127,3,1,2025,2025
874617,3,3,2023,2025
874832,3,2,2023,2025
876533,3,1,2023,2023
879047,3,1,2022,2022
885158,3,1,2023,2023
885776,3,1,2025,2025
891080,3,1,2023,2023
892304,3,1,2025,2025
892882,3,1,2025,2025
892915,3,1,2025,2025
894362,3,2,2021,2022
896952,3,1,2021,2021
897863,3,3,2022,2024
898439,3,1,2025,2025
899756,3,2,2023,2025
905151,3,1,2023,2023
908626,3,3,2022,2025
909687,3,1,2025,2025
910149,3,1,2025,2025
914148,3,2,2023,2024
916421,3,2,2021,2023
917218,3,1,2025,2025
918048,3,1,2023,2023
920773,3,1,2025,2025
921367,3,2,2024,2025
921589,3,1,2022,2022
923090,3,1,2022,2022
924341,3,1,2023,2023
926745,3,2,2025,2026
927676,3,1,2021,2021
931067,3,2,2023,2024
933650,3,2,2024,2025
934178,3,1,2022,2022
935044,3,1,2025,2025
939555,3,3,2023,2025
940077,3,1,2025,2025
941250,3,1,2022,2022
943548,3,2,2025,2026
943759,3,1,2024,2024
945433,3,2,2022,2024
949479,3,2,2020,2021
950527,3,1,2022,2022
953995,3,2,2024,2025
954234,3,1,2025,2025
954851,3,1,2021,2021
955553,3,2,2024,2025
956026,3,2,2023,2024
957116,3,2,2020,2022
959948,3,1,2021,2021
961254,3,2,2023,2024
963483,3,2,2025,2026
964725,3,1,2025,2025
965930,3,2,2024,2026
966862,3,1,2023,2023
972198,3,2,2023,2024
972795,3,1,2022,2022
973993,3,1,2022,2022
974105,3,1,2022,2022
974909,3,1,2026,2026
978382,3,1,2025,2025
984574,3,2,2024,2025
993416,3,1,2025,2025
995016,3,2,2022,2023
996693,3,1,2021,2021
998619,3,2,2022,2025
1001653,3,2,2023,2024
1001908,3,1,2021,2021
1003591,3,3,2020,2025
1010757,3,3,2024,2026
1012421,3,2,2021,2022
1013933,3,2,2022,2023
1016063,3,1,2025,2025
1022259,3,1,2024,2024
1026489,3,1,2022,2022
1028525,3,1,2022,2022
1031852,3,3,2023,2026
1033613,3,3,2021,2023
1034816,3,1,2025,2025
1036902,3,1,2022,2022
1039518,3,2,2024,2025
1039538,3,1,2025,2025
1040994,3,2,2021,2022
1041527,3,1,2025,2025
1042199,3,1,2024,2024
1042797,3,1,2025,2025
1058487,3,1,2023,2023
1059627,3,3,2021,2024
1062578,3,1,2021,2021
1075290,3,2,2023,2024
1080795,3,2,2022,2024
1084879,3,2,2024,2025
1089103,3,1,2022,2022
1090568,3,3,2020,2023
1092426,3,2,2023,2024
1096957,3,1,2025,2025
1099431,3,1,2022,2022
1106067,3,3,2021,2023
1107536,3,1,2021,2021
1107649,3,2,2024,2025
1108342,3,1,2021,2021
1111585,3,2,2024,2025
1113277,3,2,2021,2022
1116236,3,1,2021,2021
1121531,3,1,2025,2025
1122393,3,2,2020,2025
1124838,3,1,2025,2025
1128451,3,2,2025,2026
1128838,3,2,2021,2023
1130957,3,2,2024,2025
1132715,3,3,2021,2026
1135207,3,2,2020,2021
1135333,3,1,2024,2024
1136569,3,1,2021,2021
1140899,3,1,2022,2022
1140901,3,1,2025,2025
1142807,3,2,2023,2024
1145093,3,2,2022,2023
1148476,3,1,2025,2025
1150533,3,1,2025,2025
1151189,3,1,2022,2022
1154924,3,1,2025,2025
1156745,3,2,2024,2025
1159691,3,2,2023,2024
1161594,3,2,2023,2024
1162732,3,2,2023,2025
1163591,3,1,2023,2023
1170452,3,1,2023,2023
1170982,3,1,2025,2025
1173149,3,2,2020,2021
1173405,3,2,2024,2025
1175827,3,2,2021,2022
1179291,3,1,2024,2024
1183351,3,1,2023,2023
1185587,3,2,2023,2024
1187079,3,1,2025,2025
1188024,3,3,2021,2023
1190000,3,1,2021,2021
1191195,3,1,2022,2022
1191711,3,1,2023,2023
1197312,3,2,2020,2021
1201550,3,2,2024,2025
1207304,3,2,2023,2024
1209411,3,1,2022,2022
1210080,3,2,2024,2025
1210991,3,1,2025,2025
1214563,3,1,2025,2025
1215836,3,1,2025,2025
1220173,3,1,2022,2022
1220213,3,2,2024,2025
1222177,3,2,2021,2022
1224034,3,1,2025,2025
1224709,3,1,2023,2023
1226250,3,1,2025,2025
1229586,3,1,2025,2025
1229591,3,1,2024,2024
1230657,3,1,2023,2023
1231663,3,1,2022,2022
1232055,3,3,2021,2026
1232502,3,1,2025,2025
1235891,3,2,2021,2023
1237856,3,2,2023,2024
1238371,3,3,2023,2026
1238942,3,1,2023,2023
1242065,3,3,2022,2024
1244479,3,1,2024,2024
1245905,3,2,2020,2023
1253733,3,1,2023,2023
1264212,3,2,2022,2025
1270580,3,1,2025,2025
1275751,3,1,2023,2023
1279628,3,2,2025,2026
1284181,3,1,2023,2023
1284927,3,1,2025,2025
1285532,3,1,2023,2023
1287891,3,2,2022,2024
1288152,3,2,2021,2022
1288291,3,2,2022,2023
1295088,3,3,2022,2025
1297644,3,2,2024,2025
1299328,3,2,2025,2026
1302673,3,2,2024,2025
1302692,3,1,2024,2024
1303506,3,2,2023,2024
1305559,3,2,2022,2023
1306467,3,3,2021,2024
1308119,3,1,2021,2021
1311281,3,1,2025,2025
1313210,3,3,2023,2025
1315422,3,1,2023,2023
1315686,3,1,2023,2023
1316521,3,1,2021,2021
1316737,3,3,2024,2026
1317304,3,1,2024,2024
1317584,3,2,2022,2024
1321748,3,2,2021,2022
1322668,3,1,2025,2025
1323537,3,1,2025,2025
1323742,3,2,2018,2019
1335984,3,1,2020,2020
1337608,3,1,2025,2025
1341023,3,1,2024,2024
1341977,3,3,2020,2025
1346083,3,3,2024,2026
1351259,3,2,2022,2023
1352809,3,1,2022,2022
1364505,3,2,2023,2025
1370799,3,1,2026,2026
1372560,3,1,2020,2020
1373295,3,1,2025,2025
1375441,3,1,2025,2025
1377200,3,1,2023,2023
1378372,3,2,2021,2023
1384670,3,2,2022,2023
1384723,3,2,2023,2025
1387683,3,1,2024,2024
1391631,3,2,2023,2025
1394463,3,2,2025,2026
1398863,3,1,2024,2024
1400849,3,2,2024,2025
1405680,3,1,2024,2024
1406924,3,2,2025,2026
1411357,3,2,2021,2022
1414430,3,2,2023,2024
1421543,3,2,2023,2024
1427961,3,2,2025,2026
1435211,3,1,2022,2022
1435335,3,2,2024,2025
1445856,3,2,2021,2022
1446189,3,3,2023,2026
1446607,3,1,2025,2025
1451793,3,1,2023,2023
1452571,3,1,2025,2025
1464703,3,2,2024,2025
1472602,3,1,2025,2025
1480750,3,1,2022,2022
1484777,3,1,2023,2023
1491359,3,1,2024,2024
1506921,3,2,2023,2024
1534773,3,3,2023,2025
1543863,3,1,2025,2025
1631492,3,3,2021,2026
1636300,3,2,2023,2025
1642581,3,1,2024,2024
1643391,3,3,2023,2025
1647199,3,3,2020,2022
1648749,3,1,2025,2025
1663549,3,2,2024,2025
1665379,3,1,2022,2022
1666081,3,1,2023,2023
1675090,3,1,2025,2025
1678712,3,3,2023,2025
1679586,3,2,2023,2024
1695805,3,1,2022,2022
1696991,3,2,2024,2025
1697222,3,2,2024,2025
1699392,3,2,2021,2025
1706546,3,3,2023,2025
1708859,3,3,2021,2024
1733407,3,2,2021,2022
1744398,3,2,2024,2025
1748287,3,3,2021,2024
1749552,3,2,2024,2025
1752744,3,2,2021,2022
1771716,3,1,2023,2023
1779265,3,2,2022,2023
1780042,3,2,2021,2023
1789400,3,1,2022,2022
1793691,3,2,2023,2025
1794737,3,1,2022,2022
1794960,3,2,2024,2026
1800984,3,1,2024,2024
1817941,3,1,2023,2023
1819557,3,2,2024,2025
1833852,3,1,2025,2025
1835658,3,2,2022,2024
1836552,3,2,2022,2024
1838798,3,2,2023,2024
1840210,3,2,2025,2026
1844725,3,2,2020,2022
1864254,3,1,2022,2022
1871567,3,3,2021,2024
1872166,3,2,2023,2025
1872402,3,1,2025,2025
1873641,3,2,2025,2026
1906649,3,3,2022,2024
1925725,3,2,2024,2025
1955646,3,2,2022,2024
1964560,3,1,2022,2022
1967060,3,1,2024,2024
1973767,3,3,2023,2026
2008918,3,2,2022,2024
2009100,3,2,2023,2024
2022017,3,2,2024,2025
2043318,3,1,2023,2023
2046450,3,1,2025,2025
2050244,3,2,2025,2026
2053022,3,1,2023,2023
2069343,3,2,2023,2025
2069906,3,2,2024,2025
2074054,3,2,2022,2025
2076253,3,2,2023,2025
2076352,3,1,2025,2025
2078339,3,2,2023,2025
2079747,3,2,2021,2024
2088726,3,2,2024,2025
2093462,3,2,2025,2026
2103401,3,1,2023,2023
2103422,3,2,2021,2023
2104283,3,3,2021,2024
2144084,3,3,2021,2023
2146814,3,2,2022,2025
2149365,3,2,2025,2026
2149419,3,1,2023,2023
2149547,3,2,2024,2025
2149623,3,1,2021,2021
2150400,3,3,2021,2025
2157937,3,1,2023,2023
2160410,3,1,2023,2023
2186703,3,1,2024,2024
2188314,3,2,2024,2025
2224430,3,2,2022,2023
2261518,3,1,2025,2025
2263886,3,2,2025,2026
2293874,3,2,2024,2025
2295866,3,3,2021,2025
2311949,3,2,2021,2022
2323424,3,1,2025,2025
2324855,3,1,2025,2025
2329678,3,2,2021,2024
2350232,3,3,2021,2023
2350496,3,2,2023,2025
2378184,3,3,2023,2025
2378340,3,3,2022,2024
2381017,3,2,2024,2025
2387297,3,1,2023,2023
2390091,3,2,2023,2024
2394946,3,1,2025,2025
2397064,3,3,2022,2025
2409024,3,3,2024,2026
2428190,3,1,2024,2024
2434576,3,2,2021,2025
2444146,3,1,2021,2021
2446982,3,3,2021,2024
2454686,3,2,2022,2025
2467574,3,1,2023,2023
2476790,3,3,2022,2025
2478263,3,3,2021,2025
2482329,3,3,2022,2025
2511003,3,2,2024,2025
2516574,3,3,2024,2026
2520330,3,1,2021,2021
2526504,3,2,2022,2025
2533230,3,2,2023,2024
2536472,3,1,2025,2025
2569687,3,2,2024,2025
2583408,3,1,2022,2022
2592700,3,1,2024,2024
2627796,3,3,2021,2025
2631637,3,1,2023,2023
2686391,3,2,2021,2023
2748315,3,3,2021,2024
2768250,3,1,2022,2022
2775985,3,1,2023,2023
2791496,3,2,2025,2026
2802920,3,2,2023,2025
2805403,3,1,2025,2025
2837775,3,2,2020,2021
2856120,3,1,2022,2022
2856196,3,2,2020,2021
2879544,3,2,2022,2023
2880281,3,2,2021,2022
2882030,3,2,2022,2024
2889733,3,1,2024,2024
2899117,3,2,2022,2023
2906501,3,2,2021,2025
2907565,3,2,2024,2025
2916687,3,1,2021,2021
2932604,3,1,2025,2025
2932945,3,2,2024,2025
2933434,3,2,2025,2026
2942129,3,2,2022,2025
2947874,3,1,2022,2022
2952072,3,1,2022,2022
2982804,3,2,2022,2024
2986629,3,2,2021,2025
2993837,3,1,2024,2024
3002250,3,1,2025,2025
3014246,3,1,2022,2022
3020774,3,2,2023,2024
3025353,3,1,2025,2025
3031015,3,2,2023,2024
3035060,3,2,2023,2024
3037189,3,1,2025,2025
3044034,3,2,2024,2025
3044581,3,2,2024,2026
3054580,3,1,2022,2022
3066813,3,2,2023,2025
3073308,3,1,2024,2024
3076147,3,1,2024,2024
3087837,3,1,2025,2025
3091021,3,1,2025,2025
3102384,3,2,2024,2025
3102601,3,3,2021,2025
3108601,3,1,2025,2025
3112490,3,3,2022,2025
3132310,3,2,2025,2026
3175462,3,1,2024,2024
3188740,3,2,2025,2026
3201944,3,1,2023,2023
3222093,3,2,2025,2026
3235300,3,2,2021,2023
3236426,3,1,2022,2022
3236796,3,2,2024,2025
3269114,3,3,2021,2023
3269640,3,2,2022,2023
3270947,3,1,2024,2024
3276413,3,2,2023,2026
3278183,3,2,2023,2025
3278862,3,2,2021,2022
3314967,3,1,2025,2025
3315223,3,2,2025,2026
3315355,3,2,2022,2023
3315478,3,3,2022,2024
3325818,3,2,2024,2026
3329803,3,2,2021,2023
3331893,3,2,2022,2024
3336361,3,2,2021,2024
3361633,3,2,2024,2025
3372269,3,2,2021,2025
3373042,3,2,2024,2026
3376678,3,2,2024,2025
3397277,3,2,2024,2025
3397468,3,3,2021,2023
3400987,3,2,2025,2026
3427919,3,1,2025,2025
3431451,3,3,2024,2026
3431579,3,3,2021,2024
3439460,3,2,2023,2024
3441003,3,1,2024,2024
3449697,3,1,2024,2024
3451900,3,3,2023,2025
3469993,3,2,2022,2025
3470157,3,1,2021,2021
3502281,3,1,2022,2022
3511749,3,3,2021,2023
3513095,3,3,2022,2025
3519777,3,2,2025,2026
3528135,3,2,2022,2024
3528321,3,1,2023,2023
3552160,3,2,2022,2023
3561604,3,2,2022,2023
3571028,3,2,2021,2022
3585322,3,2,2025,2026
3589724,3,2,2024,2025
3594792,3,2,2023,2024
3595584,3,2,2022,2024
3596251,3,2,2022,2025
3603759,3,1,2025,2025
3610180,3,2,2023,2024
3611805,3,1,2023,2023
3617365,3,2,2024,2025
3641120,3,2,2024,2025
3694921,3,2,2023,2024
3710305,3,1,2022,2022
3712169,3,1,2022,2022
3719054,3,2,2021,2023
3733035,3,1,2021,2021
3733582,3,2,2022,2023
3750370,3,1,2025,2025
3753418,3,2,2024,2025
3775626,3,3,2020,2025
3782774,3,2,2023,2024
3785318,3,2,2023,2024
3785691,3,1,2024,2024
3794849,3,2,2023,2025
3795502,3,2,2025,2026
3802611,3,3,2023,2026
3822990,3,2,2025,2026
3831094,3,1,2025,2025
3838238,3,1,2025,2025
3844898,3,2,2024,2025
3853169,3,2,2022,2023
3861915,3,1,2021,2021
3871209,3,1,2023,2023
3872281,3,1,2023,2023
3877682,3,1,2025,2025
3889680,3,2,2023,2024
3918589,3,2,2023,2025
3921681,3,2,2023,2025
3984873,3,2,2024,2025
3984900,3,2,2023,2024
3984994,3,2,2022,2023
3990927,3,1,2021,2021
3991377,3,3,2021,2023
3992955,3,2,2024,2026
4031026,3,3,2023,2025
4037851,3,2,2025,2026
4042356,3,2,2024,2025
4043080,3,1,2026,2026
4043103,3,3,2021,2025
4057858,3,2,2023,2025
4057952,3,1,2022,2022
4068348,3,1,2021,2021
4071126,3,1,2022,2022
4078071,3,1,2023,2023
4086574,3,1,2023,2023
4106709,3,2,2021,2022
4108065,3,1,2022,2022
4110507,3,3,2023,2026
4110975,3,2,2022,2023
4113639,3,1,2025,2025
4123481,3,2,2022,2025
4141649,3,1,2023,2023
4146179,3,1,2024,2024
4151147,3,2,2023,2024
4168699,3,1,2025,2025
4180577,3,1,2025,2025
4184231,3,2,2024,2025
4190685,3,1,2022,2022
4205818,3,2,2024,2025
4222960,3,1,2023,2023
4244667,3,1,2025,2025
4266747,3,2,2020,2021
4266900,3,2,2025,2026
4267262,3,1,2025,2025
4274047,3,3,2024,2026
4275205,3,3,2024,2026
4276845,3,1,2024,2024
4280250,3,2,2023,2025
4281689,3,1,2023,2023
4284726,3,2,2024,2025
4291000,3,2,2021,2022
4296783,3,2,2024,2025
4308900,3,1,2023,2023
4313443,3,3,2022,2024
4362311,3,3,2021,2026
4380418,3,2,2024,2025
4389571,3,3,2021,2025
4389932,3,3,2023,2025
4393253,3,2,2025,2026
4400140,3,1,2024,2024
4401495,3,2,2023,2024
4404373,3,1,2025,2025
4410158,3,1,2023,2023
4419277,3,1,2024,2024
4444483,3,2,2024,2025
4449928,3,1,2025,2025
4454158,3,2,2021,2023
4459505,3,3,2023,2025
4471184,3,2,2020,2022
4476685,3,1,2025,2025
4488220,3,2,2019,2022
4507441,3,1,2024,2024
4507624,3,2,2023,2025
4507998,3,1,2025,2025
4514524,3,1,2022,2022
4515580,3,2,2022,2023
4521843,3,3,2024,2026
4528159,3,1,2023,2023
4530651,3,1,2025,2025
4531575,3,3,2021,2024
4540627,3,1,2023,2023
4542002,3,3,2022,2025
4550468,3,1,2021,2021
4551897,3,1,2023,2023
4563541,3,1,2024,2024
4567413,3,2,2023,2024
4573902,3,2,2024,2025
4580666,3,2,2023,2024
4604257,3,2,2021,2024
4608072,3,2,2024,2025
4608153,3,1,2024,2024
4609209,3,3,2020,2024
4617690,3,1,2025,2025
4621318,3,2,2021,2023
4624369,3,1,2025,2025
4642160,3,3,2021,2026
4653913,3,1,2022,2022
4684000,3,3,2021,2025
4687769,3,2,2021,2024
4701770,3,3,2023,2026
4724122,3,3,2021,2026
4742723,3,3,2021,2024
4749231,3,3,2021,2024
4772700,3,1,2023,2023
4794850,3,2,2021,2024
4810422,3,3,2022,2025
4816874,3,1,2022,2022
4826771,3,1,2025,2025
4828414,3,1,2023,2023
4833063,3,1,2025,2025
4841621,3,1,2025,2025
4843094,3,2,2021,2025
4852025,3,1,2025,2025
4863433,3,2,2022,2023
4866159,3,2,2025,2026
4867935,3,3,2022,2025
4871691,3,2,2024,2025
4876190,3,2,2024,2025
4876218,3,2,2024,2025
4877421,3,2,2022,2024
4889218,3,3,2021,2025
4904162,3,1,2024,2024
4909031,3,2,2023,2024
4909122,3,3,2021,2025
4914869,3,3,2024,2026
4920184,3,2,2021,2024
4922232,3,2,2022,2023
4937936,3,2,2021,2022
4939391,3,2,2022,2024
4953704,3,3,2024,2026
4954119,3,1,2025,2025
4990842,3,1,2021,2021
5002740,3,1,2023,2023
5010889,3,2,2021,2023
5020196,3,2,2021,2024
5022353,3,1,2023,2023
5037635,3,2,2024,2025
5038317,3,2,2022,2023
5044266,3,2,2024,2025
5046987,3,1,2025,2025
5059887,3,1,2023,2023
5100972,3,1,2026,2026
5102984,3,1,2023,2023
5107894,3,1,2025,2025
5114728,3,3,2022,2025
5116489,3,1,2024,2024
5136235,3,1,2023,2023
5136403,3,2,2023,2024
5137482,3,1,2025,2025
5154090,3,2,2025,2026
5155457,3,1,2023,2023
5157857,3,2,2022,2023
5161796,3,1,2022,2022
5164234,3,2,2022,2023
5183034,3,1,2024,2024
5195796,3,1,2023,2023
5207264,3,2,2023,2024
5211035,3,2,2022,2023
5211491,3,2,2025,2026
5217800,3,1,2023,2023
5225023,3,1,2025,2025
5237606,3,1,2025,2025
5241683,3,3,2020,2024
5248007,3,2,2021,2022
5276023,3,2,2020,2025
5276177,3,1,2026,2026
5283481,3,2,2024,2025
5284768,3,2,2023,2024
5291437,3,3,2023,2025
5306024,3,3,2022,2024
5330211,3,1,2021,2021
5340994,3,1,2024,2024
5342144,3,2,2021,2022
5345591,3,1,2024,2024
5351913,3,2,2023,2025
5353377,3,2,2024,2025
5354007,3,3,2020,2024
5357538,3,2,2023,2024
5363949,3,2,2020,2022
5368844,3,2,2024,2025
5370790,3,2,2021,2023
5371068,3,3,2022,2024
5380896,3,1,2025,2025
5381289,3,2,2025,2026
5383753,3,3,2023,2026
5409730,3,2,2023,2024
5433408,3,2,2021,2025
5440826,3,3,2023,2026
5448311,3,3,2023,2025
5454896,3,1,2025,2025
5466327,3,1,2025,2025
5478198,3,2,2023,2024
5483171,3,1,2024,2024
5492658,3,2,2022,2023
5492804,3,2,2025,2026
5499211,3,2,2024,2025
5502788,3,2,2020,2022
5507066,3,2,2024,2025
5508792,3,3,2022,2025
5508835,3,1,2021,2021
5520833,3,1,2021,2021
5526493,3,2,2022,2023
5545050,3,1,2021,2021
5545713,3,2,2023,2025
5552028,3,1,2022,2022
5556610,3,2,2021,2023
5580537,3,2,2021,2022
5582780,3,1,2022,2022
5583994,3,1,2022,2022
5588071,3,1,2024,2024
5611466,3,1,2023,2023
5620670,3,1,2022,2022
5640304,3,2,2022,2023
5641092,3,2,2020,2021
5658190,3,2,2024,2025
5662515,3,3,2021,2026
5668220,3,1,2021,2021
5668647,3,2,2024,2025
5676934,3,1,2023,2023
5688485,3,3,2022,2024
5689786,3,2,2024,2025
5692418,3,1,2025,2025
5697592,3,1,2026,2026
5699563,3,1,2025,2025
5736882,3,1,2022,2022
5740054,3,3,2023,2025
5742738,3,1,2022,2022
5757710,3,2,2025,2026
5761277,3,1,2024,2024
5762349,3,2,2023,2024
5794295,3,3,2023,2025
5809848,3,2,2021,2024
5815287,3,2,2023,2024
5828127,3,3,2021,2024
5831588,3,1,2024,2024
5847006,3,2,2021,2022
5851615,3,3,2022,2024
5858014,3,2,2020,2021
5871788,3,1,2023,2023
5878233,3,1,2023,2023
5895143,3,2,2021,2022
5924531,3,2,2021,2022
5935636,3,2,2020,2022
5938796,3,3,2021,2026
5951063,3,3,2022,2025
5960875,3,1,2025,2025
5963515,3,1,2024,2024
5985724,3,2,2024,2025
5987678,3,2,2022,2025
5998558,3,1,2022,2022
6014597,3,2,2022,2023
6022188,3,1,2023,2023
6052182,3,3,2022,2024
6059183,3,2,2023,2024
6060108,3,2,2025,2026
6093283,3,3,2021,2023
6131790,3,1,2023,2023
6164801,3,1,2023,2023
6168012,3,2,2024,2025
6168149,3,3,2020,2023
6168367,3,3,2023,2025
6182517,3,2,2021,2022
6184687,3,3,2024,2026
6202338,3,2,2023,2026
6215280,3,1,2025,2025
6215460,3,1,2025,2025
6220363,3,1,2026,2026
6225108,3,3,2021,2025
6225496,3,3,2023,2025
6238097,3,2,2023,2024
6243736,3,1,2025,2025
6244705,3,2,2024,2025
6258989,3,1,2024,2024
6283110,3,1,2022,2022
6285342,3,1,2021,2021
6290444,3,2,2021,2022
6302654,3,2,2023,2025
6305575,3,2,2024,2025
6308312,3,2,2021,2023
6321083,3,2,2020,2021
6340868,3,1,2021,2021
6340952,3,1,2021,2021
6343271,3,3,2024,2026
6357012,3,2,2023,2026
6370280,3,1,2023,2023
6375094,3,2,2021,2024
6376278,3,2,2025,2026
6377054,3,1,2024,2024
6383310,3,2,2021,2022
6385930,3,2,2021,2022
6391342,3,2,2024,2025
6393353,3,1,2023,2023
6397542,3,2,2024,2025
6408781,3,1,2025,2025
6415475,3,1,2024,2024
6428183,3,2,2023,2024
6441534,3,2,2023,2024
6458652,3,2,2022,2023
6462149,3,1,2023,2023
6469549,3,2,2020,2021
6477632,3,1,2022,2022
6481905,3,1,2025,2025
6482690,3,1,2025,2025
6504219,3,1,2025,2025
6518670,3,1,2023,2023
6520357,3,3,2021,2024
6525108,3,3,2021,2026
6526667,3,2,2023,2024
6526876,3,2,2024,2025
6535839,3,2,2025,2026
6539850,3,1,2021,2021
6540307,3,2,2022,2024
6548727,3,2,2023,2024
6563669,3,3,2023,2025
6579079,3,2,2021,2022
6579080,3,1,2023,2023
6613711,3,1,2024,2024
6615227,3,1,2023,2023
6628458,3,1,2022,2022
6658282,3,3,2021,2025
6666842,3,2,2025,2026
6669855,3,2,2021,2025
6685546,3,3,2022,2025
6703243,3,1,2024,2024
6714985,3,1,2021,2021
6732034,3,2,2024,2026
6734591,3,2,2022,2024
6741806,3,2,2023,2025
6752595,3,1,2025,2025
6753738,3,3,2022,2024
6764358,3,1,2024,2024
6788906,3,1,2026,2026
6790283,3,2,2022,2023
6794208,3,2,2023,2026
6794442,3,2,2020,2021
6820859,3,2,2022,2025
6844595,3,1,2023,2023
6871406,3,1,2021,2021
6884137,3,1,2025,2025
6891149,3,2,2021,2023
6891972,3,1,2022,2022
6896682,3,1,2025,2025
6901665,3,2,2024,2026
6905014,3,1,2025,2025
6955905,3,1,2025,2025
6956181,3,2,2021,2022
6958062,3,1,2024,2024
6973461,3,2,2025,2026
6976310,3,2,2023,2025
6986747,3,2,2024,2025
6986811,3,3,2022,2026
6993739,3,1,2023,2023
7016675,3,2,2023,2024
7017484,3,3,2022,2026
7030757,3,1,2020,2020
7030765,3,2,2021,2025
7031269,3,1,2023,2023
7055485,3,2,2023,2024
7060484,3,2,2021,2022
7095391,3,3,2022,2026
7103914,3,1,2024,2024
7104724,3,2,2022,2024
7107863,3,2,2021,2022
7113543,3,1,2024,2024
7113569,3,1,2023,2023
7126321,3,1,2025,2025
7139985,3,3,2023,2025
7171389,3,2,2022,2023
7171463,3,3,2022,2025
7187401,3,2,2023,2024
7194535,3,2,2021,2025
7212102,3,2,2022,2024
7214091,3,1,2024,2024
7229205,3,2,2023,2025
7233933,3,2,2024,2025
7236998,3,2,2023,2024
7239958,3,2,2022,2025
7241542,3,1,2023,2023
7241935,3,1,2023,2023
7243242,3,2,2023,2024
7246319,3,2,2025,2026
7254548,3,3,2023,2025
7273366,3,2,2022,2024
7274737,3,2,2021,2022
7278989,3,3,2020,2025
7283412,3,2,2022,2023
7289641,3,2,2024,2025
7289647,3,1,2021,2021
7289662,3,2,2021,2022
7289680,3,1,2025,2025
7313726,3,1,2022,2022
7358112,3,1,2022,2022
7381268,3,1,2025,2025
7383918,3,2,2023,2025
7392199,3,1,2021,2021
7394000,3,1,2025,2025
7435102,3,1,2025,2025
7462293,3,1,2021,2021
7493730,3,3,2022,2026
7520474,3,2,2024,2025
7521622,3,2,2023,2025
7528968,3,1,2022,2022
7531152,3,2,2020,2023
7646098,3,1,2024,2024
7646142,3,1,2024,2024
7646640,3,1,2021,2021
7646855,3,1,2024,2024
7646935,3,2,2024,2025
7650523,3,1,2025,2025
7653268,3,2,2021,2023
7663327,3,2,2022,2024
7663918,3,1,2024,2024
7664129,3,3,2021,2023
7671052,3,1,2022,2022
7671704,3,1,2023,2023
7673211,3,1,2023,2023
7673676,3,1,2023,2023
7673930,3,1,2022,2022
7675687,3,1,2025,2025
7690503,3,2,2025,2026
7692442,3,1,2025,2025
7693412,3,1,2023,2023
7695393,3,2,2023,2025
7701857,3,1,2025,2025
7702525,3,1,2023,2023
7702616,3,3,2021,2025
7703256,3,1,2025,2025
7710962,3,1,2023,2023
7730611,3,2,2023,2024
7743513,3,2,2022,2024
7743603,3,3,2020,2026
7752552,3,1,2021,2021
7754326,3,2,2022,2026
7760708,3,2,2023,2024
7767968,3,2,2024,2025
7774593,3,2,2024,2025
7777992,3,2,2024,2025
7781016,3,1,2020,2020
7785037,3,2,2023,2025
7785602,3,1,2021,2021
7798971,3,2,2025,2026
7805690,3,2,2023,2024
7825779,3,3,2023,2025
7827387,3,2,2024,2025
7828467,3,1,2024,2024
7832185,3,1,2021,2021
7837615,3,2,2024,2025
7842836,3,2,2024,2025
7848679,3,1,2024,2024
7853417,3,3,2021,2023
7861548,3,2,2023,2025
7865486,3,1,2024,2024
7874835,3,2,2020,2021
7879714,3,1,2024,2024
7884059,3,2,2023,2024
7895402,3,2,2025,2026
7897746,3,2,2022,2025
7899989,3,2,2022,2024
7900255,3,1,2022,2022
7904585,3,1,2025,2025
7910917,3,1,2025,2025
7915681,3,1,2023,2023
7921959,3,2,2023,2024
7924956,3,2,2025,2026
7926064,3,3,2022,2026
7932027,3,1,2021,2021
7935756,3,3,2024,2026
7943530,3,2,2023,2024
7965442,3,1,2024,2024
7971207,3,2,2021,2025
8004872,3,1,2024,2024
8021377,3,1,2024,2024
8051648,3,2,2024,2025
8074605,3,1,2022,2022
8079671,3,2,2023,2025
8092405,3,1,2022,2022
8094383,3,3,2023,2025
8105404,3,2,2022,2023
8106934,3,1,2025,2025
8108473,3,1,2023,2023
8123536,3,3,2021,2026
8124877,3,2,2022,2024
8127612,3,2,2023,2024
8134614,3,3,2021,2024
8134739,3,3,2023,2025
8139980,3,2,2023,2024
8147038,3,1,2025,2025
8167737,3,3,2023,2026
8238323,3,2,2020,2021
8247356,3,1,2021,2021
8265408,3,2,2022,2023
8316191,3,2,2021,2022
8334808,3,2,2022,2023
8341119,3,2,2024,2025
8355328,3,2,2023,2025
8361368,3,2,2024,2025
8362021,3,2,2023,2024
8376401,3,2,2020,2021
8379268,3,3,2022,2025
8408811,3,3,2021,2025
8431917,3,1,2023,2023
8454748,3,2,2023,2024
8456815,3,2,2022,2023
8505820,3,2,2023,2025
8513138,3,1,2022,2022
8519260,3,1,2023,2023
8519337,3,3,2021,2025
8522873,3,2,2022,2023
8526797,3,2,2022,2023
8532520,3,2,2024,2025
8545827,3,2,2023,2024
8570203,3,2,2021,2024
8643299,3,3,2022,2025
8658795,3,3,2024,2026
8706677,3,2,2023,2026
8726938,3,3,2022,2025
8785617,3,1,2022,2022
8822486,3,2,2022,2023
8853844,3,2,2021,2022
8855699,3,1,2022,2022
8888624,3,1,2025,2025
8916900,3,1,2024,2024
8950623,3,1,2023,2023
8961932,3,1,2025,2025
8966708,3,1,2025,2025
8966864,3,2,2024,2025
8966958,3,2,2024,2026
8979452,3,1,2022,2022
8980364,3,3,2023,2025
8997941,3,1,2025,2025
9007575,3,1,2022,2022
9014910,3,1,2022,2022
9039285,3,2,2022,2023
9061068,3,2,2022,2024
9110541,3,1,2024,2024
9112738,3,1,2022,2022
9129088,3,3,2023,2025
9129510,3,2,2021,2024
9199546,3,1,2025,2025
9227470,3,3,2022,2026
9230833,3,2,2025,2026
9326883,3,3,2023,2025
9401572,3,3,2023,2025
9420497,3,1,2025,2025
9426175,3,1,2021,2021
9427824,3,3,2024,2026
9433713,3,3,2022,2025
9460534,3,3,2023,2026
9481698,3,1,2023,2023
9482201,3,2,2023,2024
9492475,3,2,2023,2025
9497709,3,2,2022,2023
9613394,3,1,2021,2021
9613416,3,1,2022,2022
9621234,3,2,2022,2025
9621895,3,2,2024,2025
9629510,3,2,2022,2024
9654968,3,1,2023,2023
9686542,3,3,2021,2024
9700445,3,1,2024,2024
9733010,3,1,2023,2023
9741942,3,2,2022,2025
9747304,3,3,2023,2025
9780359,3,3,2021,2024
9813649,3,1,2023,2023
9830910,3,1,2025,2025
9870292,3,2,2025,2026
9870628,3,3,2022,2024
9871128,3,2,2022,2023
9873392,3,2,2024,2025
9873863,3,1,2023,2023
9962000,3,2,2021,2023
9976696,3,2,2023,2024
10006972,3,2,2023,2024
10033843,3,1,2025,2025
10065856,3,2,2022,2024
10119110,3,1,2025,2025
10121346,3,2,2021,2022
10165871,3,1,2023,2023
10204379,3,2,2024,2025
10236709,3,2,2024,2025
10246322,3,1,2024,2024
10267126,3,2,2024,2025
10328218,3,3,2023,2026
10372644,3,1,2025,2025
10471718,3,1,2025,2025
10479178,3,2,2021,2022
10481691,3,1,2024,2024
10545712,3,1,2025,2025
10545825,3,2,2022,2024
10607608,3,2,2021,2024
10614075,3,1,2025,2025
10621330,3,2,2023,2025
10667064,3,1,2022,2022
10695926,3,1,2024,2024
10707499,3,1,2023,2023
10714918,3,2,2022,2025
10728521,3,3,2021,2025
10751764,3,2,2021,2024
10777313,3,3,2022,2025
10798049,3,1,2023,2023
10803998,3,1,2021,2021
10842031,3,2,2022,2023
10859397,3,2,2023,2024
10918340,3,2,2023,2025
11031508,3,2,2022,2024
11053890,3,1,2024,2024
11059604,3,2,2022,2023
11059634,3,1,2022,2022
11066921,3,2,2023,2024
11076698,3,2,2021,2022
11126820,3,2,2020,2021
11194113,3,2,2021,2022
11213898,3,2,2025,2026
11225669,3,1,2021,2021
11226643,3,2,2022,2023
11227045,3,2,2022,2023
11260187,3,3,2021,2023
11265177,3,2,2021,2022
11273839,3,1,2024,2024
11291042,3,2,2022,2024
11291970,3,3,2021,2026
11308870,3,2,2021,2023
11310533,3,2,2024,2025
11311288,3,1,2023,2023
11314027,3,2,2024,2025
11326225,3,1,2025,2025
11387701,3,2,2022,2023
11414821,3,3,2021,2025
11424814,3,2,2024,2025
11427810,3,2,2020,2022
11457398,3,1,2025,2025
11463306,3,1,2023,2023
11466387,3,2,2021,2025
11507432,3,2,2025,2026
11507670,3,2,2024,2025
11530926,3,3,2022,2024
11533089,3,2,2024,2025
11561615,3,2,2024,2025
11573670,3,3,2022,2025
11576022,3,2,2022,2025
11646431,3,2,2022,2023
11673433,3,2,2023,2024
11721613,3,1,2024,2024
11729933,3,2,2022,2024
11755869,3,2,2021,2022
11786701,3,1,2025,2025
11821694,3,2,2021,2025
11873617,3,3,2021,2023
11889950,3,2,2025,2026
11891404,3,3,2024,2026
11892210,3,2,2025,2026
11897581,3,2,2023,2024
11912753,3,2,2021,2022
11916207,3,2,2022,2025
11916619,3,2,2021,2022
11987916,3,2,2023,2024
12004093,3,2,2023,2024
12006229,3,1,2023,2023
12009510,3,2,2024,2025
12016726,3,2,2021,2023
12019616,3,2,2025,2026
12022019,3,2,2020,2021
12053449,3,2,2024,2025
12074764,3,3,2022,2025
12092292,3,3,2023,2025
12154253,3,1,2023,2023
12159994,3,1,2023,2023
12224139,3,1,2025,2025
12228325,3,1,2023,2023
12256504,3,1,2024,2024
12258998,3,1,2023,2023
12270527,3,2,2023,2024
12284486,3,2,2021,2024
12305438,3,2,2021,2023
12330780,3,2,2025,2026
12332429,3,1,2024,2024
12365267,3,2,2020,2025
12374366,3,2,2021,2024
12383070,3,2,2024,2025
12388147,3,1,2025,2025
12406709,3,2,2024,2025
12431904,3,1,2025,2025
12486289,3,2,2023,2024
12498479,3,2,2021,2023
12502508,3,2,2022,2024
12560874,3,1,2022,2022
12567753,3,1,2025,2025
12570970,3,1,2024,2024
12603240,3,1,2023,2023
12621247,3,2,2020,2024
12623440,3,3,2023,2025
12635021,3,1,2025,2025
12660704,3,2,2023,2026
12679645,3,1,2023,2023
12684632,3,3,2024,2026
12691900,3,1,2022,2022
12757544,3,1,2023,2023
12763574,3,1,2024,2024
12780824,3,1,2024,2024
12809777,3,2,2021,2022
12849418,3,1,2025,2025
12900724,3,1,2025,2025
12916553,3,1,2022,2022
12917118,3,3,2022,2024
12942181,3,2,2023,2024
12945256,3,2,2021,2022
12945923,3,2,2023,2024
12956423,3,2,2022,2023
12966118,3,3,2023,2025
12978378,3,2,2021,2023
13000752,3,3,2024,2026
13011767,3,2,2022,2023
13070537,3,3,2023,2025
13072139,3,1,2023,2023
13076897,3,1,2025,2025
13103933,3,1,2023,2023
13128483,3,2,2021,2024
13149147,3,2,2021,2023
13185360,3,3,2022,2025
13193608,3,3,2021,2025
13218173,3,3,2021,2024
13218228,3,3,2022,2025
13281290,3,1,2024,2024
13333349,3,1,2023,2023
13382112,3,3,2021,2023
13388181,3,2,2022,2023
13402806,3,1,2023,2023
13404544,3,1,2022,2022
13415634,3,3,2020,2022
13452881,3,2,2024,2025
13459619,3,3,2023,2025
13461645,3,1,2023,2023
13483406,3,3,2022,2025
13508428,3,1,2023,2023
13509327,3,2,2022,2023
13532790,3,2,2023,2024
13544340,3,2,2024,2025
13550026,3,1,2023,2023
13554229,3,2,2022,2024
13593315,3,2,2021,2022
13610007,3,2,2022,2023
13648494,3,1,2023,2023
13686726,3,3,2021,2025
13691715,3,2,2024,2025
13713781,3,1,2025,2025
13733320,3,1,2023,2023
13736551,3,1,2021,2021
13788412,3,1,2023,2023
13798700,3,2,2025,2026
13798789,3,1,2024,2024
13828039,3,2,2022,2025
13835136,3,2,2021,2022
13887260,3,3,2021,2023
13912865,3,1,2021,2021
14031610,3,1,2023,2023
14068662,3,1,2024,2024
14118841,3,2,2025,2026
14177315,3,2,2023,2024
14183898,3,2,2021,2025
14201571,3,2,2023,2024
14206358,3,2,2023,2024
14216002,3,3,2021,2025
14217781,3,1,2023,2023
14218063,3,1,2020,2020
14220469,3,2,2024,2025
14221400,3,3,2024,2026
14223545,3,1,2026,2026
14238419,3,2,2021,2025
14238495,3,3,2022,2025
14242076,3,2,2022,2023
14252934,3,2,2023,2024
14262513,3,2,2024,2025
14264128,3,1,2021,2021
14312422,3,2,2021,2025
14329191,3,2,2021,2023
14366012,3,3,2022,2025
14394977,3,3,2023,2025
14404806,3,2,2022,2023
14430295,3,2,2022,2025
14457684,3,2,2022,2025
14462033,3,2,2024,2025
14589248,3,2,2023,2024
14639757,3,2,2022,2025
14649599,3,2,2025,2026
14682549,3,2,2022,2023
14749476,3,2,2023,2024
14762646,3,3,2021,2025
14772604,3,2,2025,2026
14845847,3,1,2025,2025
14853633,3,1,2025,2025
14879988,3,2,2024,2026
14894015,3,3,2021,2024
14902041,3,2,2021,2024
14909516,3,2,2024,2025
14918650,3,2,2021,2022
14937715,3,2,2023,2025
15014310,3,2,2021,2024
15037292,3,2,2024,2026
15069975,3,1,2026,2026
15072314,3,2,2023,2025
15072744,3,2,2022,2024
15107196,3,2,2022,2023
15122822,3,3,2022,2024
15136770,3,2,2024,2025
15146457,3,1,2022,2022
15161573,3,2,2025,2026
15190919,3,3,2021,2025
15203731,3,2,2022,2025
15220176,3,2,2023,2024
15356841,3,1,2025,2025
15378205,3,2,2024,2025
15394778,3,2,2022,2025
15401716,3,1,2021,2021
15439406,3,2,2023,2025
15443479,3,1,2023,2023
15445544,3,1,2021,2021
15459352,3,2,2023,2024
15471568,3,1,2022,2022
15482002,3,1,2026,2026
15489208,3,1,2021,2021
15495722,3,1,2025,2025
15532575,3,2,2022,2024
15534113,3,2,2024,2025
15534368,3,2,2025,2026
15535514,3,3,2021,2024
15541919,3,3,2021,2025
15542833,3,2,2024,2026
15561174,3,3,2023,2025
15591747,3,1,2024,2024
15622766,3,2,2024,2025
15625145,3,1,2021,2021
15634339,3,1,2024,2024
15698339,3,3,2024,2026
15727318,3,3,2023,2025
15731762,3,1,2024,2024
15752385,3,3,2021,2025
15767969,3,2,2023,2024
15815918,3,2,2021,2023
15822914,3,2,2022,2023
15853323,3,3,2024,2026
15855363,3,1,2025,2025
15863660,3,1,2022,2022
15873628,3,2,2020,2025
15891945,3,1,2025,2025
15904252,3,2,2020,2025
15905428,3,1,2024,2024
15924111,3,1,2024,2024
15931766,3,2,2022,2024
15944592,3,3,2022,2026
15951768,3,1,2024,2024
15954732,3,2,2022,2024
15992417,3,1,2024,2024
15998874,3,1,2026,2026
16038234,3,1,2023,2023
16049949,3,1,2023,2023
16072786,3,2,2023,2025
16079004,3,1,2023,2023
16128607,3,3,2024,2026
16140944,3,3,2023,2025
16148608,3,3,2022,2024
16162761,3,3,2022,2024
16166921,3,1,2024,2024
16177525,3,1,2023,2023
16245686,3,2,2024,2025
16250188,3,1,2023,2023
16250204,3,2,2024,2025
16260782,3,1,2024,2024
16262688,3,2,2024,2025
16265993,3,1,2023,2023
16280264,3,2,2023,2024
16302801,3,3,2021,2024
16308078,3,2,2021,2024
16346366,3,2,2021,2026
16353731,3,3,2023,2025
16355626,3,1,2024,2024
16358871,3,1,2023,2023
16373537,3,1,2023,2023
16374682,3,2,2023,2024
16381648,3,1,2025,2025
16428171,3,1,2025,2025
16433763,3,2,2024,2025
16453971,3,2,2022,2025
16479851,3,2,2021,2025
16487242,3,3,2024,2026
16492768,3,3,2020,2025
16495417,3,2,2023,2024
16497491,3,1,2023,2023
16502465,3,1,2025,2025
16508072,3,2,2023,2025
16609590,3,2,2023,2025
16620444,3,1,2022,2022
16623096,3,2,2022,2025
16653228,3,2,2022,2025
16669428,3,1,2024,2024
16674297,3,2,2023,2025
16690499,3,3,2023,2025
16693295,3,1,2022,2022
16717184,3,1,2023,2023
16763628,3,2,2023,2026
16764930,3,3,2022,2025
16772107,3,2,2024,2025
16793801,3,2,2023,2024
16812565,3,3,2022,2025
16839173,3,2,2021,2023
16874095,3,1,2025,2025
16935048,3,2,2023,2025
16974274,3,1,2024,2024
16976123,3,1,2024,2024
16985855,3,1,2025,2025
17009261,3,2,2024,2025
17032497,3,2,2023,2024
17052084,3,1,2024,2024
17061701,3,1,2024,2024
17110183,3,2,2025,2026
17114303,3,1,2023,2023
17131542,3,2,2023,2024
17151082,3,3,2022,2025
17204310,3,2,2023,2024
17206333,3,1,2021,2021
17302603,3,2,2021,2022
17322941,3,1,2022,2022
17331316,3,1,2024,2024
17333116,3,3,2024,2026
17342766,3,1,2023,2023
17383458,3,2,2021,2024
17388866,3,2,2023,2026
17405771,3,2,2021,2022
17405789,3,1,2024,2024
17447487,3,1,2024,2024
17456676,3,2,2022,2025
17481839,3,2,2023,2025
17495618,3,2,2023,2024
17495784,3,2,2021,2022
17501729,3,1,2025,2025
17502941,3,2,2022,2023
17539883,3,2,2023,2024
17543871,3,1,2025,2025
17553590,3,2,2023,2024
17562086,3,2,2021,2022
17572593,3,3,2020,2022
17606618,3,1,2023,2023
17729456,3,3,2024,2026
17740489,3,1,2025,2025
17746080,3,2,2023,2024
17760369,3,1,2024,2024
17820503,3,2,2023,2024
17852780,3,2,2024,2025
17857619,3,2,2021,2025
17863310,3,2,2021,2026
17877941,3,3,2022,2024
17881475,3,2,2022,2025
17893837,3,3,2023,2025
17896949,3,3,2022,2025
17898052,3,3,2020,2024
17898983,3,2,2021,2022
17914707,3,1,2024,2024
17916327,3,1,2022,2022
17932548,3,1,2023,2023
17957860,3,1,2023,2023
17961148,3,2,2023,2025
17964471,3,2,2023,2024
17966551,3,1,2024,2024
17971397,3,1,2025,2025
18007501,3,1,2024,2024
18008472,3,2,2021,2023
18137370,3,2,2021,2025
18147060,3,2,2024,2026
18171273,3,2,2022,2023
18205143,3,2,2024,2026
18218678,3,2,2024,2025
18224873,3,2,2023,2024
18227113,3,2,2024,2025
18258126,3,1,2023,2023
18264339,3,3,2023,2025
18274977,3,2,2024,2025
18303968,3,2,2022,2025
18305585,3,2,2025,2026
18306902,3,1,2025,2025
18310699,3,2,2023,2024
18322984,3,1,2025,2025
18326873,3,3,2021,2025
18334199,3,2,2020,2021
18383051,3,2,2023,2025
18485892,3,2,2023,2024
18526265,3,2,2022,2023
18526266,3,1,2021,2021
18556914,3,3,2021,2023
18572485,3,3,2024,2026
18595647,3,1,2024,2024
18608814,3,2,2024,2025
18608977,3,3,2020,2022
18621004,3,1,2025,2025
18630558,3,2,2022,2023
18630799,3,1,2022,2022
18636465,3,2,2021,2025
18691462,3,2,2023,2024
18707413,3,1,2023,2023
18761016,3,3,2021,2024
18792401,3,2,2023,2024
18797270,3,2,2022,2024
18806387,3,2,2023,2024
18820380,3,1,2021,2021
18845174,3,2,2024,2025
18870448,3,1,2025,2025
18881263,3,2,2023,2024
18883253,3,3,2022,2025
18887081,3,2,2021,2023
18888565,3,1,2022,2022
18915239,3,2,2021,2023
18935565,3,1,2025,2025
18979852,3,3,2021,2026
18986213,3,3,2021,2023
19027833,3,1,2025,2025
19028044,3,1,2024,2024
19028457,3,1,2023,2023
19028516,3,2,2023,2026
19028527,3,3,2022,2025
19069907,3,2,2020,2021
19079901,3,2,2021,2022
19082714,3,2,2024,2025
19090209,3,1,2026,2026
19125194,3,2,2024,2025
19137244,3,3,2022,2026
19190715,3,2,2024,2025
19303464,3,1,2024,2024
19325116,3,2,2021,2024
19335879,3,2,2025,2026
19338594,3,1,2022,2022
19397805,3,2,2021,2025
19401143,3,2,2024,2025
19423148,3,2,2024,2025
19458451,3,2,2023,2025
19470597,3,2,2023,2024
19490449,3,2,2022,2024
19500652,3,1,2024,2024
19501095,3,1,2022,2022
19545168,3,3,2020,2024
19548351,3,2,2024,2025
19561380,3,1,2025,2025
19589607,3,3,2020,2023
19596259,3,2,2023,2024
19621894,3,2,2021,2022
19638397,3,2,2021,2023
19648090,3,2,2024,2025
19672165,3,2,2022,2023
19696276,3,2,2024,2025
19738646,3,2,2023,2024
19764457,3,2,2024,2025
19772268,3,1,2025,2025
19777519,3,2,2025,2026
19785258,3,1,2025,2025
19819240,3,2,2024,2025
19858457,3,1,2022,2022
19859143,3,1,2024,2024
19866377,3,3,2022,2026
19883425,3,2,2024,2025
19909671,3,2,2022,2023
19918232,3,2,2022,2024
19935592,3,2,2024,2025
19980012,3,2,2025,2026
20000629,3,2,2021,2022
20020070,3,2,2020,2021
20039626,3,1,2025,2025
20042962,3,2,2021,2024
20167411,3,1,2023,2023
20174516,3,3,2022,2025
20175479,3,2,2022,2023
20185010,3,1,2025,2025
20186466,3,1,2024,2024
20254724,3,2,2022,2025
20281555,3,1,2024,2024
20366946,3,2,2024,2026
20416225,3,2,2021,2022
20434614,3,2,2022,2024
20436696,3,2,2022,2023
20462536,3,1,2025,2025
20480840,3,3,2021,2024
20505732,3,1,2022,2022
20506312,3,2,2020,2021
20514757,3,1,2023,2023
20534656,3,3,2023,2025
20534680,3,2,2023,2024
20545382,3,2,2024,2025
20571396,3,3,2020,2025
20664453,3,2,2023,2025
20701688,3,2,2024,2025
20921892,3,1,2022,2022
20931300,3,1,2025,2025
20934650,3,1,2025,2025
20941782,3,2,2024,2025
20956862,3,1,2023,2023
20957109,3,1,2024,2024
20959561,3,2,2024,2025
20973597,3,1,2021,2021
20989113,3,2,2025,2026
21004352,3,1,2024,2024
21016827,3,2,2024,2025
21026150,3,2,2024,2025
21029472,3,2,2023,2024
21042003,3,2,2020,2025
21046792,3,2,2023,2024
21054263,3,1,2023,2023
21115922,3,2,2022,2023
21139680,3,1,2022,2022
21153355,3,1,2023,2023
21159120,3,1,2025,2025
21161609,3,3,2023,2025
21166909,3,2,2024,2026
21172363,3,1,2025,2025
21330593,3,2,2022,2023
21374565,3,2,2024,2025
21451551,3,3,2021,2024
21465881,3,2,2023,2024
21516830,3,2,2023,2025
21594455,3,2,2024,2025
21594584,3,3,2021,2023
21636754,3,1,2025,2025
21666716,3,1,2025,2025
21667032,3,1,2024,2024
21695539,3,1,2024,2024
21698816,3,2,2022,2024
21715086,3,1,2021,2021
21753835,3,1,2023,2023
21758117,3,3,2022,2026
21768290,3,1,2022,2022
21793595,3,1,2023,2023
21834738,3,1,2024,2024
21842821,3,2,2023,2026
21873116,3,2,2023,2025
21884436,3,2,2024,2025
21940390,3,2,2018,2020
21949959,3,1,2023,2023
22008337,3,1,2026,2026
22018359,3,2,2024,2025
22040363,3,1,2024,2024
22042519,3,2,2021,2025
22047393,3,1,2024,2024
22051821,3,1,2025,2025
22051850,3,3,2023,2025
22092175,3,2,2021,2022
22110510,3,2,2022,2023
22142837,3,1,2025,2025
22151513,3,2,2025,2026
22153488,3,2,2024,2025
22158880,3,2,2023,2024
22161523,3,2,2024,2025
22166946,3,2,2025,2026
22170050,3,2,2023,2024
22172379,3,2,2024,2025
22175943,3,2,2021,2022
22179615,3,1,2023,2023
22209838,3,2,2025,2026
22209860,3,1,2024,2024
22211853,3,2,2022,2024
22221830,3,1,2024,2024
22228439,3,1,2024,2024
22231144,3,1,2023,2023
22234500,3,1,2022,2022
22254633,3,1,2024,2024
22257475,3,1,2025,2025
22267340,3,2,2024,2026
22386238,3,1,2025,2025
22407387,3,2,2022,2023
22421862,3,1,2025,2025
22499758,3,1,2022,2022
22528873,3,2,2023,2024
22594683,3,2,2022,2023
22595912,3,1,2025,2025
22633103,3,2,2021,2022
22638380,3,2,2023,2025
22670525,3,2,2025,2026
22718907,3,2,2022,2023
22720060,3,2,2023,2024
22775471,3,2,2022,2023
22896302,3,1,2023,2023
22943289,3,1,2023,2023
22979977,3,2,2021,2022
22989333,3,2,2023,2024
23013171,3,2,2024,2025
23024253,3,1,2023,2023
23024264,3,3,2022,2025
23043109,3,2,2025,2026
23063485,3,2,2025,2026
23089452,3,2,2023,2024
23091574,3,1,2024,2024
23104316,3,2,2022,2023
23121630,3,1,2024,2024
23291032,3,1,2023,2023
23305900,3,1,2023,2023
23325925,3,2,2023,2024
23359318,3,2,2023,2025
23368383,3,3,2023,2025
23383842,3,1,2023,2023
23414777,3,3,2021,2023
23441126,3,2,2024,2026
23478446,3,1,2023,2023
23526215,3,2,2024,2025
23533350,3,2,2021,2022
23592978,3,2,2023,2025
23597395,3,3,2023,2025
23611476,3,1,2021,2021
23660827,3,1,2022,2022
23671444,3,1,2023,2023
23676003,3,2,2023,2024
23684929,3,1,2025,2025
23723572,3,1,2023,2023
23765114,3,2,2023,2024
23783590,3,1,2024,2024
23799871,3,1,2022,2022
23844659,3,3,2021,2024
23891325,3,2,2023,2025
23910238,3,2,2024,2025
23914566,3,2,2024,2025
23920550,3,2,2024,2025
23935089,3,1,2023,2023
23954530,3,2,2024,2026
23991322,3,1,2023,2023
23995449,3,1,2022,2022
23995972,3,2,2023,2024
24050710,3,3,2024,2026
24058378,3,3,2022,2025
24061358,3,2,2023,2024
24072119,3,2,2023,2024
24073320,3,1,2025,2025
24111015,3,2,2023,2025
24134846,3,1,2023,2023
24149850,3,2,2024,2025
24151551,3,2,2024,2025
24163045,3,2,2022,2024
24163226,3,2,2021,2025
24186583,3,2,2025,2026
24191191,3,2,2025,2026
24233324,3,1,2022,2022
24261557,3,2,2023,2025
24324484,3,2,2022,2023
24328231,3,2,2024,2025
24332344,3,3,2024,2026
24378062,3,2,2025,2026
24378997,3,1,2025,2025
24381608,3,1,2023,2023
24412965,3,1,2024,2024
24446568,3,2,2023,2024
24503559,3,1,2024,2024
24529728,3,1,2025,2025
24545903,3,2,2024,2025
24555733,3,1,2023,2023
24571911,3,1,2025,2025
24587342,3,2,2023,2024
24615563,3,2,2020,2021
24627539,3,3,2022,2024
24719874,3,3,2023,2025
24722833,3,1,2025,2025
24769457,3,1,2023,2023
24771532,3,1,2024,2024
24778612,3,2,2024,2025
24788524,3,2,2022,2024
24810396,3,1,2025,2025
24823802,3,2,2023,2024
24851422,3,2,2022,2024
24922092,3,1,2024,2024
24935700,3,2,2021,2022
24949613,3,1,2022,2022
24955524,3,1,2023,2023
24955579,3,2,2023,2025
24963746,3,2,2022,2024
24984792,3,2,2023,2024
25103325,3,2,2023,2025
25181721,3,3,2022,2024
25381104,3,1,2025,2025
25917250,3,3,2022,2024
26440153,3,1,2024,2024
26461091,3,2,2023,2025
26466969,3,2,2023,2024
26472072,3,1,2026,2026
26474451,3,1,2023,2023
26477758,3,3,2023,2025
26483905,3,3,2023,2026
26487108,3,2,2023,2024
26489063,3,1,2024,2024
26492797,3,1,2025,2025
26495505,3,2,2023,2024
26495923,3,2,2023,2025
26539695,3,1,2024,2024
26547642,3,2,2023,2024
26565674,3,1,2023,2023
26569868,3,3,2022,2024
26597368,3,1,2026,2026
26604595,3,2,2023,2024
26634690,3,2,2023,2024
26650770,3,2,2023,2024
26651133,3,1,2024,2024
26669398,3,2,2022,2023
26679677,3,2,2021,2024
26726067,3,2,2023,2024
26729682,3,2,2024,2025
26738249,3,1,2024,2024
26745958,3,2,2024,2025
26763114,3,3,2023,2025
26779180,3,1,2023,2023
26809678,3,1,2025,2025
26817474,3,1,2025,2025
26818565,3,2,2023,2024
26825283,3,2,2024,2025
26849318,3,3,2023,2025
26882690,3,1,2023,2023
26924750,3,3,2023,2025
26932698,3,2,2023,2024
26942495,3,1,2025,2025
26968855,3,1,2024,2024
26977082,3,1,2025,2025
26995284,3,1,2025,2025
27000627,3,2,2025,2026
27005921,3,1,2020,2020
27710020,3,2,2022,2023
27718877,3,1,2025,2025
27719579,3,2,2024,2025
27749598,3,1,2022,2022
27756020,3,1,2023,2023
27799981,3,2,2023,2025
27817040,3,1,2025,2025
27847346,3,2,2023,2024
27861638,3,3,2023,2025
35501581,3,1,2023,2023
35509452,3,2,2024,2025
40837748,3,2,2023,2024
40846103,3,2,2023,2024
40858310,3,2,2022,2024
45369478,3,2,2023,2024
47686226,3,1,2023,2023
48515494,3,1,2024,2024
49746402,3,1,2024,2024
49747318,3,1,2024,2024
49756654,3,1,2024,2024
49757399,3,1,2023,2023
49768914,3,1,2025,2025
49781959,3,3,2023,2026
49798307,3,1,2023,2023
51767238,3,1,2025,2025
53734948,3,1,2024,2024
53735373,3,1,2026,2026
77488484,3,1,2024,2024
81388826,3,1,2023,2023
81416722,3,2,2023,2025
81424464,3,3,2023,2025
90519239,3,2,2023,2025
90522312,3,1,2025,2025
90522457,3,2,2024,2025
90539346,3,2,2025,2026
90552914,3,1,2022,2022
90554324,3,2,2024,2025
90555412,3,3,2022,2024
90563961,3,1,2023,2023
90568181,3,2,2023,2025
90580914,3,3,2024,2026
92766784,3,2,2024,2025
92767365,3,2,2023,2025
92767454,3,2,2025,2026
92768365,3,2,2024,2025
92771849,3,1,2023,2023
92772107,3,1,2023,2023
92773670,3,2,2022,2025
92774873,3,1,2023,2023
92776499,3,1,2023,2023
92776941,3,2,2022,2023
92777127,3,2,2021,2022
92777939,3,1,2021,2021
92782453,3,2,2020,2021
92792300,3,2,2025,2026
92794651,3,1,2023,2023
92810795,3,1,2024,2024
92822745,3,1,2025,2025
92839552,3,2,2021,2022
92846207,3,3,2022,2025
92846435,3,1,2023,2023
92851758,3,1,2024,2024
92862762,3,2,2024,2025
92865346,3,2,2024,2025
92867800,3,2,2022,2023
92878644,3,2,2024,2025
92879205,3,1,2026,2026
92880081,3,1,2023,2023
92882096,3,2,2024,2025
92885894,3,1,2025,2025
92888831,3,2,2024,2025
92902536,3,2,2022,2025
92923145,3,1,2024,2024
92923185,3,2,2025,2026
92931078,3,1,2023,2023
92946241,3,1,2025,2025
92963800,3,2,2022,2023
92969405,3,2,2024,2026
92973408,3,2,2021,2024
92987946,3,3,2024,2026
92997701,3,2,2023,2024
93023205,3,1,2023,2023
93027838,3,2,2023,2024
93029892,3,1,2025,2025
93030463,3,1,2024,2024
93033703,3,1,2024,2024
93037979,3,2,2023,2024
93045303,3,1,2025,2025
93046048,3,1,2023,2023
93068298,3,2,2023,2024
93070834,3,1,2024,2024
93077277,3,1,2025,2025
93079137,3,1,2022,2022
93090211,3,2,2024,2025
93090524,3,2,2023,2025
93091701,3,2,2023,2024
93102063,3,2,2024,2025
93106239,3,2,2020,2023
93121513,3,2,2024,2025
93124792,3,2,2025,2026
93131278,3,2,2022,2024
93139011,3,2,2024,2025
93169139,3,1,2025,2025
93180194,3,2,2024,2025
93181247,3,3,2023,2026
93194735,3,2,2021,2024
93202046,3,2,2024,2025
93211103,3,2,2025,2026
93217634,3,2,2021,2025
93222575,3,2,2025,2026
93223466,3,1,2025,2025
93241304,3,1,2025,2025
93267050,3,1,2024,2024
93269238,3,1,2023,2023
93269376,3,1,2023,2023
93269720,3,3,2024,2026
93273515,3,3,2021,2024
93290488,3,2,2025,2026
93292060,3,3,2023,2025
93294668,3,2,2024,2025
93311189,3,3,2024,2026
93324596,3,2,2024,2025
93324729,3,1,2023,2023
93326450,3,2,2022,2023
93329966,3,2,2024,2025
93333751,3,1,2024,2024
93348352,3,1,2023,2023
93349164,3,2,2023,2024
93356571,3,1,2024,2024
93359678,3,2,2025,2026
93361584,3,1,2021,2021
93363227,3,1,2023,2023
93413543,3,1,2021,2021
93446343,3,2,2024,2025
93449264,3,1,2023,2023
93449480,3,2,2022,2023
93450207,3,1,2025,2025
93463811,3,2,2023,2024
93487370,3,2,2025,2026
93490076,3,1,2025,2025
93491929,3,3,2022,2026
93498206,3,1,2023,2023
93499366,3,3,2022,2024
93511508,3,1,2023,2023
93511530,3,2,2021,2022
93513526,3,1,2025,2025
93521562,3,1,2025,2025
93536786,3,1,2025,2025
93539641,3,2,2023,2026
93548449,3,1,2024,2024
93553031,3,3,2024,2026
93598858,3,1,2021,2021
93603726,3,1,2021,2021
93608805,3,1,2024,2024
93613506,3,2,2021,2022
93620486,3,2,2022,2024
93643206,3,2,2022,2024
93657738,3,2,2020,2021
93662018,3,2,2023,2025
93663916,3,3,2023,2025
93691135,3,1,2023,2023
93700209,3,2,2023,2024
93709606,3,3,2020,2025
93714479,3,1,2022,2022
93722754,3,1,2024,2024
93756040,3,1,2022,2022
93772321,3,1,2023,2023
93808174,3,2,2022,2024
93831519,3,2,2024,2025
93885943,3,3,2022,2026
93887597,3,2,2024,2025
93892017,3,2,2024,2025
93896077,3,2,2024,2025
93896681,3,2,2025,2026
93912090,3,2,2021,2022
93914955,3,3,2023,2025
93919104,3,1,2023,2023
93919469,3,2,2024,2025
93931111,3,2,2024,2025
93931278,3,2,2023,2025
93937403,3,2,2025,2026
93938188,3,1,2023,2023
93954866,3,1,2025,2025
93955452,3,2,2024,2025
94024500,3,2,2025,2026
94040064,3,2,2024,2025
94081927,3,1,2023,2023
94087982,3,1,2023,2023
94175287,3,2,2023,2024
94184246,3,2,2023,2024
94221889,3,1,2023,2023
94235543,3,2,2023,2024
94236171,3,1,2024,2024
94243198,3,1,2025,2025
94268341,3,1,2024,2024
94303102,3,2,2023,2024
94359395,3,1,2023,2023
94366067,3,2,2023,2025
94373023,3,1,2025,2025
94383487,3,2,2023,2025
94390075,3,2,2023,2024
94392643,3,3,2023,2025
94410608,3,1,2024,2024
94418245,3,2,2023,2024
94421101,3,1,2024,2024
94423334,3,1,2023,2023
94427916,3,2,2023,2024
94434838,3,1,2023,2023
94473775,3,1,2024,2024
94477564,3,2,2023,2024
94480978,3,3,2023,2025
94485798,3,2,2024,2025
94493641,3,2,2023,2025
94528841,3,1,2025,2025
94555283,3,1,2023,2023
94597563,3,1,2023,2023
94671290,3,1,2025,2025
94706798,3,2,2024,2025
94714303,3,1,2023,2023
94727859,3,1,2024,2024
94729191,3,1,2025,2025
94743464,3,3,2022,2025
94754125,3,2,2023,2024
94763644,3,2,2024,2025
94793117,3,1,2024,2024
94796017,3,1,2025,2025
94825530,3,2,2023,2024
94839480,3,2,2025,2026
94845251,3,3,2023,2025
94845873,3,2,2024,2025
94855782,3,1,2025,2025
94860898,3,3,2024,2026
94875994,3,1,2024,2024
94877909,3,1,2024,2024
94890968,3,2,2023,2025
94914761,3,2,2023,2024
94927031,3,1,2025,2025
94945437,3,2,2023,2024
94949642,3,2,2022,2023
94992543,3,2,2024,2025
95097557,3,2,2024,2025
95118584,3,3,2023,2026
95121268,3,1,2025,2025
95128384,3,1,2025,2025
95139000,3,2,2023,2024
95194082,3,1,2025,2025
95221666,3,3,2024,2026
95223497,3,3,2023,2025
95251197,3,3,2023,2026
95254473,3,2,2023,2024
95255751,3,2,2023,2024
95260427,3,3,2024,2026
95277023,3,1,2025,2025
95353587,3,2,2024,2025
95378368,3,3,2023,2025
95386769,3,2,2025,2026
95423616,3,2,2024,2025
95427386,3,2,2025,2026
95455712,3,2,2024,2025
95480249,3,3,2023,2025
95491429,3,1,2023,2023
95499709,3,2,2024,2025
95509564,3,1,2024,2024
95522330,3,2,2023,2024
95545373,3,1,2025,2025
95549480,3,2,2024,2025
95566809,3,2,2024,2025
95572875,3,2,2023,2025
95582172,3,2,2021,2023
95593457,3,2,2023,2024
95595834,3,2,2024,2025
95596907,3,2,2023,2024
95600464,3,2,2021,2022
95622632,3,1,2024,2024
95655545,3,1,2022,2022
95660222,3,2,2025,2026
95666904,3,2,2024,2025
95667916,3,1,2023,2023
95713567,3,2,2023,2025
95714642,3,1,2025,2025
95717765,3,2,2023,2024
95722607,3,2,2024,2025
95723262,3,1,2025,2025
95735890,3,2,2023,2025
95741046,3,2,2023,2024
95757925,3,2,2024,2025
95760732,3,2,2023,2024
95771688,3,2,2024,2025
95781631,3,1,2023,2023
95800927,3,2,2025,2026
95801970,3,1,2025,2025
95807848,3,1,2024,2024
95825760,3,2,2023,2024
95827106,3,1,2025,2025
95838758,3,3,2023,2025
95865660,3,2,2023,2024
95879797,3,2,2025,2026
95883225,3,2,2023,2024
95883734,3,2,2023,2024
95923484,3,3,2022,2024
95930819,3,1,2025,2025
95933267,3,1,2025,2025
95937682,3,1,2024,2024
95937950,3,1,2024,2024
95952620,3,2,2025,2026
95958398,3,2,2024,2025
95977330,3,2,2023,2024
95978372,3,2,2024,2025
95984182,3,1,2024,2024
95990848,3,2,2023,2024
96018669,3,2,2024,2025
96019218,3,2,2023,2024
96019564,3,1,2023,2023
96021105,3,3,2023,2025
96078033,3,2,2024,2025
96119197,3,3,2024,2026
96121305,3,2,2025,2026
96140726,3,2,2024,2025
96145424,3,2,2023,2024
96153593,3,1,2023,2023
96164107,3,2,2024,2025
96171078,3,1,2025,2025
96172398,3,1,2025,2025
96175672,3,1,2025,2025
96196323,3,2,2023,2024
96213450,3,1,2024,2024
96218867,3,2,2022,2023
96223675,3,2,2025,2026
96234111,3,2,2024,2025
96247940,3,1,2024,2024
96287103,3,2,2024,2025
96298279,3,1,2026,2026
96310616,3,1,2025,2025
96337623,3,2,2023,2024
96348646,3,1,2025,2025
96369262,3,2,2024,2025
96369565,3,1,2024,2024
96454819,3,1,2023,2023
96491579,3,2,2024,2026
96558393,3,2,2024,2025
96559511,3,3,2024,2026
96566657,3,2,2024,2025
96581688,3,1,2025,2025
96595970,3,1,2024,2024
96601801,3,2,2024,2025
96603379,3,2,2024,2025
96639028,3,1,2024,2024
96642410,3,2,2024,2025
96663845,3,1,2024,2024
96674479,3,1,2024,2024
96689268,3,1,2024,2024
96689949,3,2,2024,2025
96697656,3,1,2024,2024
96712532,3,3,2023,2025
96714776,3,1,2024,2024
96726862,3,1,2024,2024
96728387,3,1,2024,2024
96743777,3,2,2025,2026
96757586,3,1,2025,2025
96761549,3,1,2025,2025
96787805,3,1,2024,2024
96830556,3,3,2023,2026
96838937,3,2,2024,2025
96847845,3,2,2024,2025
96861462,3,1,2026,2026
96864261,3,1,2024,2024
96869228,3,1,2025,2025
96871878,3,1,2024,2024
96898538,3,2,2024,2025
96919170,3,1,2024,2024
96922848,3,1,2024,2024
96925225,3,2,2024,2026
96926591,3,2,2023,2024
96928982,3,1,2024,2024
96944217,3,2,2024,2025
96950277,3,1,2024,2024
96969519,3,2,2024,2025
96969972,3,2,2024,2025
96975947,3,1,2025,2025
96977732,3,1,2024,2024
96979547,3,1,2025,2025
96979697,3,1,2024,2024
96986296,3,2,2024,2025
97005550,3,3,2023,2025
97021811,3,2,2024,2025
97032783,3,2,2024,2025
97038407,3,2,2025,2026
97038636,3,1,2023,2023
97047676,3,2,2024,2025
97081439,3,2,2025,2026
97100139,3,2,2025,2026
97104511,3,2,2023,2024
97173494,3,1,2025,2025
97176568,3,2,2024,2025
97223421,3,2,2023,2025
97266221,3,1,2025,2025
97267658,3,2,2023,2024
97322747,3,2,2024,2025
97322769,3,1,2025,2025
97340651,3,1,2025,2025
97380144,3,1,2024,2024
97388249,3,2,2024,2025
97467559,3,1,2023,2023
97539309,3,2,2024,2025
97556678,3,3,2023,2025
97565685,3,2,2024,2025
97576961,3,1,2024,2024
97577116,3,2,2024,2025
97594516,3,3,2024,2026
97606123,3,1,2025,2025
97624453,3,1,2025,2025
97637431,3,2,2024,2025
97643135,3,3,2024,2026
97669493,3,3,2024,2026
97679444,3,2,2024,2025
97700762,3,2,2024,2025
97701303,3,1,2025,2025
97705542,3,2,2024,2025
97727447,3,2,2024,2025
97741810,3,1,2022,2022
97767158,3,2,2025,2026
97773441,3,1,2024,2024
97784355,3,1,2024,2024
97818072,3,1,2024,2024
97832625,3,2,2025,2026
97859219,3,2,2024,2025
97867955,3,2,2023,2025
97902059,3,2,2024,2025
97902262,3,1,2024,2024
97917517,3,2,2022,2024
97925384,3,1,2024,2024
97930255,3,1,2024,2024
97935118,3,1,2025,2025
97935721,3,2,2023,2024
97944997,3,3,2020,2025
97990697,3,2,2023,2025
98039862,3,1,2024,2024
98055790,3,1,2024,2024
98061288,3,2,2025,2026
98104401,3,1,2025,2025
98134009,3,2,2024,2025
98136227,3,2,2025,2026
98163039,3,1,2025,2025
98216866,3,1,2024,2024
98238386,3,1,2024,2024
98271962,3,1,2026,2026
98349049,3,2,2024,2025
98408747,3,1,2024,2024
98495159,3,1,2024,2024
98555193,3,1,2024,2024
98597130,3,1,2024,2024
98625908,3,2,2023,2024
98668595,3,2,2024,2025
98679679,3,1,2024,2024
98715988,3,1,2024,2024
98725035,3,2,2024,2025
98764562,3,1,2025,2025
98766381,3,2,2024,2025
98788163,3,2,2024,2026
98802856,3,3,2024,2026
98805463,3,1,2024,2024
98806891,3,2,2025,2026
98836737,3,2,2024,2026
98875070,3,2,2024,2025
98975480,3,2,2024,2025
98997151,3,2,2021,2022
99081193,3,1,2025,2025
99098827,3,2,2025,2026
99134026,3,2,2025,2026
99182843,3,2,2022,2024
99230891,3,1,2024,2024
99244114,3,1,2024,2024
99254691,3,2,2024,2025
99263304,3,1,2024,2024
99302235,3,2,2023,2024
99304980,3,1,2025,2025
99328064,3,2,2025,2026
99337852,3,2,2024,2026
99342801,3,2,2025,2026
99343177,3,2,2024,2025
99350478,3,2,2024,2025
99365338,3,1,2025,2025
99375763,3,2,2025,2026
99386131,3,1,2023,2023
99402764,3,2,2024,2025
99431692,3,2,2025,2026
99440743,3,3,2024,2026
99493449,3,2,2025,2026
99513810,3,1,2024,2024
99593557,3,2,2024,2025
99594578,3,1,2025,2025
99623172,3,2,2025,2026
99623525,3,1,2024,2024
99633503,3,3,2023,2025
99634368,3,2,2024,2025
99635735,3,1,2025,2025
99719220,3,1,2024,2024
99720802,3,1,2022,2022
99756656,3,2,2024,2025
99821160,3,1,2025,2025
99824976,3,1,2025,2025
99836370,3,2,2025,2026
99856036,3,1,2025,2025
99953376,3,1,2025,2025
99972863,3,2,2024,2025
99972991,3,3,2023,2026
99976767,3,1,2025,2025
99990217,3,2,2024,2025
99994496,3,2,2025,2026
100023029,3,2,2024,2025
100053516,3,2,2022,2023
100148582,3,1,2024,2024
100161627,3,1,2025,2025
100200062,3,1,2024,2024
100239291,3,2,2023,2025
100290392,3,2,2023,2025
100300237,3,1,2025,2025
100396189,3,3,2022,2025
100457839,3,1,2025,2025
100502927,3,1,2025,2025
100511693,3,2,2023,2024
100560854,3,1,2026,2026
100574180,3,1,2025,2025
100580401,3,2,2025,2026
100596933,3,2,2024,2025
100645119,3,1,2025,2025
100711778,3,2,2023,2025
100715959,3,1,2025,2025
100718771,3,2,2023,2024
100719223,3,1,2024,2024
100721375,3,2,2025,2026
100740864,3,1,2025,2025
100741704,3,1,2025,2025
100750142,3,1,2025,2025
100759945,3,1,2025,2025
100777013,3,2,2025,2026
100806439,3,2,2025,2026
100873848,3,1,2025,2025
100910050,3,2,2025,2026
100917129,3,3,2024,2026
100919117,3,1,2025,2025
100923494,3,1,2025,2025
100937689,3,2,2024,2025
100940279,3,1,2025,2025
100978700,3,1,2023,2023
100996384,3,2,2025,2026
101005820,3,2,2022,2025
101040084,3,3,2024,2026
101093980,3,2,2025,2026
101254917,3,2,2025,2026
101261866,3,1,2025,2025
101266879,3,1,2025,2025
101282812,3,2,2023,2024
101291813,3,1,2026,2026
101293016,3,1,2025,2025
101336106,3,2,2024,2025
101407003,3,1,2023,2023
101424110,3,1,2025,2025
101429409,3,2,2025,2026
101461351,3,1,2025,2025
101492342,3,1,2025,2025
101542350,3,1,2025,2025
101549267,3,2,2025,2026
101576320,3,1,2026,2026
101592250,3,1,2025,2025
101618909,3,1,2025,2025
101630827,3,2,2025,2026
101693892,3,1,2025,2025
101698583,3,2,2024,2025
101706034,3,1,2025,2025
101794624,3,2,2024,2025
101801903,3,2,2024,2025
101866060,3,1,2025,2025
101874349,3,1,2025,2025
101894357,3,1,2025,2025
101962871,3,1,2025,2025
101963990,3,1,2025,2025
101974663,3,1,2025,2025
101974842,3,2,2025,2026
102000054,3,1,2025,2025
102027912,3,1,2025,2025
102032804,3,1,2024,2024
102072886,3,1,2025,2025
102086746,3,1,2025,2025
102095271,3,1,2025,2025
102213757,3,2,2023,2025
102214768,3,2,2025,2026
102248118,3,2,2025,2026
102254031,3,2,2025,2026
102257732,3,2,2025,2026
102265730,3,2,2024,2025
102304089,3,1,2025,2025
102314866,3,1,2025,2025
102414659,3,1,2025,2025
102489006,3,1,2025,2025
102495110,3,1,2025,2025
1490,2,2,2020,2021
1780,2,2,2021,2025
2050,2,1,2022,2022
3442,2,1,2022,2022
5058,2,1,2024,2024
5212,2,1,2021,2021
7159,2,1,2023,2023
7957,2,1,2023,2023
9112,2,2,2025,2026
12080,2,1,2023,2023
16288,2,1,2025,2025
16825,2,1,2022,2022
17651,2,1,2025,2025
19514,2,2,2021,2025
20699,2,1,2024,2024
22749,2,1,2023,2023
22919,2,1,2026,2026
24031,2,2,2022,2024
24080,2,2,2023,2025
26177,2,2,2021,2026
28509,2,1,2025,2025
29550,2,1,2022,2022
30174,2,1,2021,2021
30900,2,1,2022,2022
32104,2,1,2023,2023
32140,2,1,2025,2025
33795,2,1,2025,2025
34378,2,1,2025,2025
34563,2,1,2021,2021
35247,2,1,2025,2025
38583,2,1,2022,2022
39202,2,1,2022,2022
39916,2,1,2023,2023
40046,2,1,2025,2025
40370,2,1,2022,2022
41875,2,1,2025,2025
42048,2,1,2022,2022
45922,2,1,2023,2023
47118,2,1,2025,2025
49474,2,1,2025,2025
49997,2,1,2024,2024
50603,2,2,2025,2026
50768,2,1,2025,2025
51079,2,2,2022,2023
51220,2,1,2024,2024
51991,2,1,2021,2021
52477,2,2,2023,2025
55094,2,1,2025,2025
56941,2,2,2022,2023
58364,2,2,2023,2024
58773,2,1,2023,2023
63017,2,1,2025,2025
63425,2,1,2025,2025
63669,2,1,2025,2025
64692,2,1,2024,2024
65841,2,2,2025,2026
66140,2,1,2023,2023
69408,2,2,2023,2024
69602,2,1,2023,2023
76286,2,2,2025,2026
81741,2,2,2025,2026
82028,2,2,2025,2026
83170,2,2,2024,2025
84118,2,2,2022,2023
84591,2,1,2021,2021
85590,2,1,2023,2023
86002,2,2,2024,2025
86061,2,1,2022,2022
87934,2,1,2025,2025
88022,2,1,2025,2025
88204,2,2,2022,2023
88704,2,1,2022,2022
88790,2,2,2022,2024
88907,2,1,2024,2024
89888,2,1,2023,2023
93197,2,1,2022,2022
95872,2,2,2022,2023
99326,2,1,2023,2023
100005,2,1,2024,2024
100102,2,2,2022,2025
101093,2,1,2023,2023
101531,2,1,2024,2024
102618,2,2,2023,2024
102966,2,1,2025,2025
103022,2,2,2023,2025
105564,2,1,2023,2023
105571,2,2,2021,2024
107198,2,2,2022,2023
110574,2,2,2021,2022
117859,2,2,2021,2022
121076,2,2,2023,2024
121872,2,1,2022,2022
122881,2,1,2025,2025
123037,2,2,2021,2022
123390,2,1,2024,2024
126465,2,1,2021,2021
129359,2,1,2023,2023
129685,2,1,2023,2023
133218,2,1,2025,2025
133903,2,1,2025,2025
134027,2,1,2025,2025
135674,2,1,2021,2021
135837,2,1,2021,2021
136029,2,1,2024,2024
136358,2,2,2023,2024
138674,2,1,2024,2024
139236,2,1,2024,2024
139725,2,2,2024,2025
140385,2,1,2022,2022
141086,2,2,2023,2025
142229,2,1,2025,2025
143691,2,2,2024,2025
145075,2,1,2025,2025
146192,2,1,2024,2024
146947,2,1,2024,2024
152174,2,1,2024,2024
152435,2,2,2023,2024
155921,2,1,2025,2025
156948,2,1,2026,2026
158707,2,1,2022,2022
160221,2,2,2024,2025
160351,2,1,2024,2024
160401,2,1,2025,2025
163176,2,1,2021,2021
164162,2,1,2024,2024
164557,2,1,2024,2024
165740,2,1,2025,2025
165821,2,1,2021,2021
169242,2,2,2023,2024
169898,2,2,2021,2022
170478,2,2,2023,2024
175212,2,1,2025,2025
177482,2,1,2026,2026
177787,2,1,2024,2024
180164,2,2,2023,2024
181027,2,2,2023,2025
182255,2,1,2021,2021
185908,2,1,2023,2023
185988,2,2,2022,2023
186117,2,1,2025,2025
186310,2,1,2025,2025
188832,2,1,2025,2025
188943,2,1,2020,2020
190829,2,1,2025,2025
193131,2,1,2022,2022
194777,2,1,2023,2023
195270,2,1,2023,2023
195523,2,1,2025,2025
196752,2,2,2023,2025
197013,2,1,2020,2020
197219,2,1,2021,2021
198354,2,2,2023,2024
199229,2,1,2022,2022
199504,2,1,2021,2021
201105,2,1,2024,2024
202585,2,2,2022,2025
203034,2,1,2025,2025
205853,2,2,2023,2024
206467,2,2,2023,2025
208520,2,1,2022,2022
208625,2,1,2022,2022
209367,2,1,2022,2022
210515,2,2,2021,2022
210672,2,2,2023,2024
211722,2,2,2024,2025
212987,2,1,2024,2024
215125,2,1,2024,2024
216783,2,1,2025,2025
218346,2,1,2023,2023
220127,2,1,2021,2021
221146,2,1,2023,2023
221958,2,2,2021,2023
225252,2,2,2024,2025
228768,2,1,2025,2025
229666,2,2,2024,2025
231226,2,1,2025,2025
231714,2,1,2023,2023
231886,2,2,2021,2022
231942,2,1,2025,2025
232523,2,1,2025,2025
234078,2,1,2025,2025
234252,2,1,2022,2022
234936,2,2,2025,2026
235073,2,2,2021,2024
236466,2,2,2022,2023
237216,2,1,2021,2021
237508,2,1,2022,2022
238858,2,1,2021,2021
239476,2,2,2023,2024
239901,2,2,2024,2025
240637,2,1,2024,2024
241675,2,1,2025,2025
242984,2,2,2024,2025
243269,2,1,2025,2025
243893,2,1,2022,2022
244648,2,1,2021,2021
245581,2,1,2024,2024
245992,2,1,2024,2024
246563,2,1,2025,2025
246853,2,2,2024,2025
248032,2,1,2024,2024
250023,2,1,2023,2023
251365,2,1,2025,2025
252345,2,1,2025,2025
252376,2,2,2024,2025
252842,2,1,2025,2025
252853,2,2,2023,2024
253182,2,1,2025,2025
253372,2,1,2023,2023
256654,2,1,2025,2025
257499,2,1,2024,2024
260366,2,2,2023,2025
260966,2,1,2025,2025
261179,2,2,2021,2022
261951,2,2,2022,2024
262744,2,1,2025,2025
264790,2,1,2024,2024
265324,2,1,2021,2021
265593,2,1,2024,2024
266111,2,1,2026,2026
266431,2,1,2024,2024
270352,2,2,2025,2026
271028,2,2,2025,2026
272573,2,1,2022,2022
273961,2,1,2025,2025
274646,2,1,2022,2022
276621,2,2,2021,2023
278047,2,1,2024,2024
278425,2,1,2025,2025
279774,2,1,2024,2024
279872,2,1,2021,2021
281029,2,1,2023,2023
281830,2,1,2024,2024
283762,2,1,2022,2022
285284,2,1,2023,2023
287092,2,1,2023,2023
289675,2,1,2024,2024
290935,2,2,2022,2025
292721,2,1,2025,2025
294159,2,1,2026,2026
294581,2,1,2022,2022
295842,2,1,2022,2022
296122,2,2,2023,2025
296625,2,1,2025,2025
296779,2,1,2021,2021
297776,2,1,2025,2025
298860,2,1,2025,2025
299140,2,1,2025,2025
301475,2,1,2022,2022
304592,2,1,2024,2024
304621,2,1,2022,2022
305231,2,1,2021,2021
306104,2,1,2024,2024
306679,2,1,2025,2025
306771,2,1,2023,2023
308862,2,1,2024,2024
312200,2,1,2024,2024
312668,2,2,2023,2024
313881,2,2,2022,2025
315562,2,1,2023,2023
320290,2,1,2021,2021
320386,2,1,2025,2025
320473,2,2,2024,2025
321477,2,2,2022,2025
322925,2,1,2025,2025
325534,2,1,2022,2022
326480,2,1,2023,2023
327146,2,1,2022,2022
328487,2,2,2022,2024
330929,2,1,2021,2021
331099,2,1,2021,2021
331694,2,1,2025,2025
333680,2,2,2021,2023
338015,2,1,2025,2025
339161,2,1,2021,2021
340544,2,2,2023,2025
341307,2,2,2024,2025
342253,2,2,2021,2025
345084,2,1,2021,2021
345107,2,1,2023,2023
345172,2,1,2025,2025
345547,2,2,2024,2025
345779,2,1,2022,2022
346512,2,1,2024,2024
348118,2,1,2022,2022
348151,2,2,2021,2022
349964,2,2,2025,2026
350705,2,2,2024,2026
354409,2,2,2025,2026
357370,2,1,2022,2022
359087,2,1,2021,2021
359183,2,2,2021,2022
361685,2,1,2025,2025
361806,2,1,2022,2022
362663,2,2,2024,2025
364002,2,1,2021,2021
366242,2,1,2025,2025
367784,2,2,2021,2022
369779,2,1,2026,2026
371287,2,1,2024,2024
372762,2,2,2022,2023
373876,2,2,2022,2023
374022,2,2,2024,2025
383001,2,1,2025,2025
383325,2,2,2025,2026
384283,2,2,2025,2026
385698,2,1,2024,2024
385767,2,2,2024,2025
385997,2,1,2022,2022
390512,2,1,2022,2022
392336,2,1,2022,2022
392902,2,1,2023,2023
394221,2,1,2023,2023
395403,2,1,2025,2025
396864,2,1,2022,2022
396968,2,2,2021,2025
397402,2,2,2024,2025
397548,2,1,2025,2025
398723,2,1,2021,2021
398805,2,1,2023,2023
399933,2,1,2024,2024
403361,2,2,2021,2022
405715,2,1,2024,2024
406639,2,2,2023,2025
407240,2,2,2023,2025
407661,2,1,2021,2021
408302,2,2,2022,2025
408460,2,1,2024,2024
409928,2,2,2024,2025
410483,2,1,2025,2025
410618,2,2,2021,2023
411457,2,2,2023,2025
419580,2,1,2025,2025
422171,2,1,2023,2023
422737,2,1,2021,2021
423366,2,1,2024,2024
423566,2,2,2025,2026
425857,2,1,2022,2022
427740,2,1,2024,2024
430581,2,1,2025,2025
439378,2,2,2024,2025
439834,2,2,2021,2025
440959,2,2,2021,2022
441376,2,2,2020,2021
442258,2,2,2021,2022
443402,2,2,2021,2022
443682,2,1,2021,2021
445412,2,1,2024,2024
445430,2,1,2025,2025
445585,2,1,2024,2024
445776,2,1,2022,2022
448783,2,1,2024,2024
452288,2,2,2024,2025
452789,2,2,2024,2025
453713,2,1,2022,2022
454006,2,2,2024,2025
455818,2,1,2022,2022
457843,2,2,2023,2024
458750,2,1,2021,2021
459138,2,1,2025,2025
459380,2,2,2023,2025
460722,2,1,2025,2025
460946,2,1,2021,2021
461421,2,1,2025,2025
461713,2,1,2024,2024
461775,2,2,2024,2025
463676,2,2,2023,2024
464742,2,2,2025,2026
466051,2,2,2024,2025
467561,2,1,2025,2025
468405,2,1,2022,2022
469284,2,2,2024,2025
469548,2,1,2022,2022
470344,2,1,2024,2024
472761,2,1,2023,2023
476655,2,2,2022,2024
477170,2,1,2022,2022
478335,2,1,2025,2025
478539,2,2,2025,2026
479273,2,1,2021,2021
480179,2,2,2022,2023
481295,2,1,2023,2023
482043,2,1,2022,2022
484402,2,1,2025,2025
484550,2,2,2025,2026
484590,2,1,2024,2024
486038,2,1,2022,2022
486887,2,1,2024,2024
489237,2,2,2021,2022
490075,2,2,2023,2025
492184,2,1,2023,2023
492755,2,1,2022,2022
494692,2,1,2025,2025
494973,2,1,2023,2023
494985,2,1,2023,2023
495519,2,2,2023,2024
496164,2,2,2023,2025
498366,2,1,2022,2022
502293,2,2,2021,2022
502898,2,2,2020,2022
503815,2,2,2021,2022
504414,2,2,2021,2025
504586,2,1,2025,2025
505455,2,2,2023,2024
506397,2,2,2024,2025
506814,2,1,2025,2025
507606,2,2,2021,2022
507988,2,2,2023,2025
508220,2,1,2023,2023
508577,2,2,2022,2023
509245,2,1,2023,2023
511952,2,1,2023,2023
512246,2,1,2021,2021
513052,2,1,2025,2025
514418,2,2,2025,2026
515478,2,1,2022,2022
516061,2,1,2024,2024
517203,2,1,2023,2023
517315,2,1,2024,2024
518052,2,2,2022,2023
518660,2,1,2024,2024
518716,2,1,2025,2025
518952,2,1,2023,2023
520243,2,1,2025,2025
521928,2,1,2025,2025
522935,2,2,2023,2024
523275,2,1,2022,2022
526292,2,1,2026,2026
527049,2,1,2023,2023
528887,2,1,2023,2023
530022,2,1,2023,2023
530442,2,2,2023,2024
530638,2,1,2023,2023
532704,2,1,2021,2021
533793,2,1,2022,2022
533827,2,2,2022,2024
536026,2,1,2025,2025
536567,2,2,2024,2025
536746,2,1,2024,2024
538011,2,2,2022,2023
538277,2,2,2021,2022
541401,2,1,2023,2023
543036,2,1,2024,2024
545293,2,1,2020,2020
545903,2,2,2024,2025
546448,2,1,2025,2025
546790,2,2,2024,2026
547150,2,2,2024,2025
549497,2,1,2022,2022
552261,2,1,2025,2025
554128,2,1,2023,2023
555608,2,2,2023,2025
555698,2,1,2025,2025
557132,2,2,2023,2025
558593,2,2,2022,2023
559421,2,1,2024,2024
560872,2,2,2023,2024
561050,2,1,2025,2025
561336,2,1,2025,2025
561684,2,1,2024,2024
562898,2,1,2025,2025
564245,2,1,2025,2025
565115,2,1,2021,2021
566265,2,1,2025,2025
569970,2,1,2025,2025
571573,2,1,2025,2025
572025,2,1,2023,2023
573442,2,2,2021,2025
574006,2,1,2025,2025
575288,2,1,2024,2024
575328,2,1,2025,2025
575601,2,1,2025,2025
576176,2,1,2021,2021
576607,2,1,2024,2024
577853,2,2,2023,2025
579279,2,1,2023,2023
579561,2,2,2023,2024
581353,2,1,2025,2025
581492,2,1,2025,2025
582459,2,1,2021,2021
582766,2,1,2025,2025
584755,2,2,2023,2024
585202,2,1,2025,2025
585648,2,2,2023,2024
587408,2,1,2025,2025
587725,2,1,2024,2024
589404,2,2,2021,2022
591705,2,1,2024,2024
596119,2,2,2021,2022
596634,2,1,2024,2024
597251,2,2,2023,2026
597809,2,1,2026,2026
598300,2,1,2025,2025
602289,2,1,2025,2025
602304,2,2,2023,2024
603511,2,1,2021,2021
605029,2,2,2024,2026
605390,2,1,2025,2025
606888,2,1,2024,2024
608403,2,2,2024,2025
610661,2,1,2024,2024
610686,2,1,2022,2022
610718,2,1,2023,2023
611846,2,1,2022,2022
612726,2,1,2024,2024
614804,2,1,2025,2025
617182,2,1,2024,2024
619454,2,1,2026,2026
621670,2,2,2022,2024
622853,2,2,2025,2026
623476,2,2,2024,2025
625995,2,1,2025,2025
627029,2,1,2023,2023
627224,2,1,2021,2021
627444,2,1,2024,2024
627634,2,1,2023,2023
629037,2,1,2024,2024
629386,2,2,2025,2026
633064,2,2,2025,2026
634585,2,1,2025,2025
636105,2,2,2024,2026
637028,2,1,2024,2024
638188,2,1,2025,2025
638964,2,1,2021,2021
639483,2,1,2025,2025
639687,2,2,2022,2023
641698,2,1,2025,2025
644569,2,1,2024,2024
645439,2,2,2021,2022
648289,2,1,2022,2022
650362,2,2,2024,2025
652500,2,1,2025,2025
652653,2,2,2024,2025
654030,2,2,2022,2024
654182,2,2,2024,2025
656785,2,1,2021,2021
657466,2,1,2022,2022
659186,2,1,2025,2025
659264,2,2,2022,2023
661300,2,2,2024,2025
664568,2,1,2025,2025
664880,2,1,2024,2024
666429,2,2,2022,2024
669604,2,2,2022,2024
671054,2,1,2023,2023
671159,2,1,2023,2023
673067,2,2,2022,2025
675824,2,2,2021,2024
679891,2,1,2022,2022
680129,2,1,2023,2023
682007,2,1,2022,2022
682195,2,1,2022,2022
683693,2,1,2024,2024
683818,2,1,2021,2021
684957,2,1,2021,2021
687056,2,2,2021,2022
687066,2,1,2022,2022
687960,2,1,2024,2024
688100,2,2,2022,2023
688327,2,1,2025,2025
688744,2,1,2025,2025
689056,2,1,2024,2024
689382,2,1,2024,2024
689999,2,2,2022,2025
693669,2,1,2021,2021
694148,2,1,2024,2024
694693,2,1,2025,2025
695107,2,2,2022,2023
697400,2,2,2024,2025
698738,2,1,2025,2025
701086,2,2,2024,2025
701794,2,1,2025,2025
701806,2,2,2024,2025
702418,2,2,2022,2023
706768,2,2,2021,2022
707102,2,1,2023,2023
707440,2,1,2023,2023
709291,2,1,2021,2021
709466,2,2,2021,2022
709738,2,1,2025,2025
710936,2,2,2022,2023
711939,2,1,2021,2021
712679,2,1,2022,2022
714897,2,1,2025,2025
715827,2,1,2023,2023
717309,2,2,2023,2025
720960,2,2,2022,2023
721944,2,2,2021,2022
722614,2,1,2024,2024
722685,2,1,2025,2025
724289,2,2,2023,2026
724653,2,2,2024,2025
726312,2,1,2020,2020
726522,2,2,2021,2025
727866,2,2,2021,2022
728255,2,1,2021,2021
730625,2,2,2024,2025
731538,2,2,2024,2025
732912,2,2,2024,2025
733731,2,1,2020,2020
734484,2,1,2025,2025
736599,2,2,2020,2021
739360,2,2,2022,2023
743548,2,1,2022,2022
744446,2,1,2021,2021
744783,2,1,2025,2025
746671,2,1,2021,2021
747584,2,1,2022,2022
748324,2,1,2022,2022
748639,2,1,2025,2025
748715,2,1,2022,2022
752177,2,2,2024,2026
752777,2,1,2022,2022
754228,2,2,2023,2025
755148,2,2,2022,2024
755556,2,2,2023,2024
755956,2,2,2022,2023
756232,2,1,2023,2023
756246,2,2,2022,2023
756280,2,1,2026,2026
756700,2,2,2020,2023
759317,2,2,2022,2025
759430,2,1,2025,2025
759653,2,2,2022,2025
759974,2,2,2021,2022
760284,2,2,2022,2025
762463,2,1,2022,2022
762916,2,2,2024,2025
764083,2,2,2024,2025
764305,2,2,2021,2022
764602,2,2,2023,2026
766625,2,1,2025,2025
766641,2,1,2025,2025
767073,2,2,2024,2025
775139,2,1,2025,2025
776965,2,2,2021,2022
777633,2,2,2024,2025
778304,2,1,2025,2025
778609,2,1,2026,2026
782226,2,1,2026,2026
782488,2,2,2021,2022
782532,2,1,2023,2023
782783,2,2,2023,2025
783770,2,1,2025,2025
784228,2,1,2025,2025
784555,2,1,2025,2025
786103,2,1,2025,2025
786341,2,1,2022,2022
787779,2,1,2024,2024
789748,2,2,2023,2024
791260,2,2,2021,2022
792553,2,2,2023,2024
792573,2,2,2022,2023
796749,2,1,2026,2026
802148,2,2,2022,2024
803410,2,1,2023,2023
803418,2,2,2024,2025
803850,2,2,2024,2025
805281,2,2,2021,2022
805649,2,1,2025,2025
805823,2,1,2026,2026
807096,2,2,2023,2026
813108,2,2,2025,2026
813413,2,1,2024,2024
813740,2,1,2025,2025
814255,2,2,2023,2024
815031,2,1,2023,2023
815315,2,1,2022,2022
817854,2,1,2024,2024
818759,2,2,2024,2025
819328,2,2,2024,2025
820880,2,1,2023,2023
823115,2,1,2025,2025
823637,2,1,2023,2023
824819,2,2,2024,2025
824934,2,1,2026,2026
827316,2,1,2026,2026
830246,2,1,2025,2025
832352,2,1,2022,2022
833796,2,2,2021,2022
837776,2,2,2023,2026
841013,2,1,2021,2021
841071,2,1,2022,2022
842894,2,1,2023,2023
844572,2,2,2022,2024
845830,2,1,2021,2021
846426,2,1,2023,2023
846543,2,1,2024,2024
847084,2,2,2025,2026
847890,2,1,2025,2025
849294,2,1,2023,2023
851738,2,1,2025,2025
854035,2,1,2023,2023
856490,2,1,2024,2024
856550,2,2,2022,2023
856764,2,2,2022,2025
857867,2,2,2020,2021
858761,2,1,2023,2023
860047,2,1,2025,2025
860583,2,1,2023,2023
860714,2,2,2020,2021
861167,2,2,2024,2025
863986,2,1,2022,2022
864105,2,1,2025,2025
864512,2,1,2024,2024
866014,2,2,2023,2025
868319,2,1,2024,2024
870216,2,1,2022,2022
872281,2,2,2024,2025
873562,2,2,2024,2025
874069,2,2,2024,2025
879459,2,1,2024,2024
881954,2,1,2021,2021
882483,2,1,2025,2025
882596,2,1,2026,2026
883661,2,1,2023,2023
884230,2,2,2020,2021
885002,2,1,2023,2023
885676,2,1,2023,2023
892087,2,2,2025,2026
892431,2,1,2026,2026
893685,2,1,2022,2022
895730,2,1,2021,2021
896326,2,1,2024,2024
896602,2,1,2023,2023
897102,2,1,2026,2026
897592,2,1,2022,2022
897763,2,2,2024,2025
898697,2,1,2025,2025
899291,2,2,2023,2025
899772,2,1,2024,2024
901476,2,2,2021,2022
905861,2,1,2024,2024
905996,2,1,2025,2025
906916,2,1,2023,2023
907618,2,2,2024,2025
907744,2,1,2024,2024
908400,2,1,2026,2026
909877,2,2,2022,2023
911063,2,1,2025,2025
913963,2,1,2025,2025
915699,2,1,2024,2024
916181,2,1,2025,2025
916281,2,1,2022,2022
917089,2,1,2024,2024
917672,2,2,2024,2025
917922,2,1,2022,2022
920947,2,1,2022,2022
921274,2,1,2022,2022
922255,2,1,2022,2022
922550,2,2,2025,2026
922619,2,2,2023,2024
924454,2,2,2024,2025
926363,2,1,2026,2026
926795,2,2,2022,2023
927848,2,2,2021,2022
931578,2,2,2021,2023
932029,2,1,2021,2021
932347,2,1,2021,2021
932558,2,1,2025,2025
934015,2,2,2024,2026
939062,2,1,2023,2023
940840,2,1,2024,2024
942657,2,1,2021,2021
943672,2,1,2025,2025
944092,2,1,2021,2021
944238,2,2,2020,2021
945006,2,1,2022,2022
945233,2,1,2022,2022
945606,2,1,2024,2024
956403,2,2,2025,2026
957419,2,1,2023,2023
958520,2,1,2026,2026
960130,2,2,2024,2025
960381,2,1,2024,2024
961329,2,1,2025,2025
961779,2,2,2024,2025
962865,2,2,2024,2025
966732,2,1,2025,2025
967422,2,1,2023,2023
968042,2,2,2023,2024
970448,2,1,2021,2021
970980,2,1,2024,2024
971348,2,2,2021,2022
971976,2,2,2023,2024
972498,2,1,2024,2024
976997,2,1,2019,2019
979203,2,1,2022,2022
979659,2,2,2022,2023
985344,2,2,2025,2026
986602,2,1,2021,2021
990757,2,1,2022,2022
992295,2,1,2025,2025
994601,2,2,2024,2025
995020,2,1,2022,2022
995443,2,1,2022,2022
997540,2,1,2023,2023
997586,2,1,2024,2024
997829,2,1,2024,2024
999653,2,1,2022,2022
1001488,2,1,2025,2025
1001665,2,2,2022,2023
1001850,2,2,2020,2021
1002153,2,1,2025,2025
1007866,2,1,2024,2024
1008132,2,1,2022,2022
1008427,2,1,2022,2022
1013618,2,2,2020,2021
1014489,2,2,2023,2025
1020484,2,1,2024,2024
1022036,2,1,2023,2023
1022693,2,1,2023,2023
1024884,2,1,2024,2024
1025142,2,1,2023,2023
1026098,2,1,2023,2023
1028159,2,2,2024,2025
1028912,2,1,2023,2023
1029812,2,2,2021,2022
1031131,2,2,2024,2026
1031948,2,2,2023,2024
1032044,2,1,2025,2025
1033397,2,1,2024,2024
1034084,2,1,2026,2026
1035033,2,2,2021,2023
1037748,2,1,2021,2021
1038829,2,2,2023,2024
1039502,2,1,2021,2021
1039785,2,1,2025,2025
1040887,2,1,2025,2025
1042140,2,1,2024,2024
1044145,2,2,2024,2025
1044535,2,1,2026,2026
1046890,2,1,2022,2022
1047246,2,1,2023,2023
1047983,2,2,2023,2025
1050765,2,2,2022,2023
1052337,2,2,2022,2024
1059458,2,1,2021,2021
1059573,2,2,2021,2023
1060690,2,1,2021,2021
1060890,2,1,2022,2022
1061408,2,2,2022,2023
1062485,2,2,2024,2025
1062898,2,2,2023,2025
1067648,2,2,2024,2025
1070591,2,2,2021,2022
1070910,2,2,2024,2025
1073396,2,1,2025,2025
1073753,2,2,2021,2024
1077583,2,1,2025,2025
1078818,2,2,2022,2023
1081110,2,1,2022,2022
1084762,2,1,2023,2023
1086932,2,1,2024,2024
1092010,2,1,2025,2025
1092121,2,1,2021,2021
1097633,2,1,2021,2021
1097872,2,2,2021,2022
1098095,2,1,2024,2024
1101516,2,1,2025,2025
1102134,2,2,2022,2023
1102990,2,1,2022,2022
1103331,2,2,2022,2025
1103423,2,1,2022,2022
1103860,2,2,2021,2022
1104363,2,1,2024,2024
1104938,2,2,2021,2022
1107669,2,1,2024,2024
1108146,2,1,2023,2023
1110060,2,1,2021,2021
1114407,2,2,2022,2023
1114693,2,1,2026,2026
1116041,2,2,2024,2025
1116567,2,1,2024,2024
1118110,2,1,2025,2025
1120552,2,1,2025,2025
1121278,2,1,2022,2022
1123291,2,1,2025,2025
1125422,2,1,2025,2025
1126591,2,1,2025,2025
1128131,2,2,2022,2023
1128878,2,2,2025,2026
1131784,2,2,2024,2025
1131924,2,1,2025,2025
1131998,2,1,2024,2024
1132809,2,1,2023,2023
1135895,2,1,2024,2024
1140391,2,2,2021,2022
1142571,2,2,2022,2023
1142911,2,1,2025,2025
1143189,2,1,2021,2021
1143525,2,2,2023,2024
1143938,2,1,2022,2022
1145796,2,1,2023,2023
1147549,2,2,2021,2022
1147815,2,2,2021,2022
1148334,2,1,2024,2024
1150952,2,1,2024,2024
1152299,2,1,2025,2025
1154677,2,1,2022,2022
1155405,2,1,2023,2023
1156446,2,2,2024,2025
1158301,2,1,2024,2024
1158795,2,2,2024,2025
1160031,2,2,2020,2026
1162686,2,1,2025,2025
1163562,2,2,2025,2026
1163633,2,2,2021,2022
1164403,2,2,2025,2026
1165156,2,2,2022,2023
1165202,2,2,2023,2024
1165950,2,2,2021,2022
1166683,2,1,2021,2021
1166770,2,1,2026,2026
1168469,2,2,2021,2024
1169138,2,2,2023,2025
1169844,2,2,2021,2022
1170636,2,1,2023,2023
1170694,2,1,2025,2025
1170935,2,1,2025,2025
1171824,2,2,2021,2022
1172945,2,1,2023,2023
1172957,2,2,2024,2026
1173323,2,1,2023,2023
1178336,2,2,2021,2024
1179262,2,1,2025,2025
1179633,2,2,2025,2026
1179634,2,2,2024,2025
1180475,2,1,2026,2026
1181514,2,1,2021,2021
1184883,2,1,2023,2023
1185640,2,1,2025,2025
1186376,2,1,2026,2026
1190028,2,1,2021,2021
1192827,2,1,2024,2024
1195526,2,1,2022,2022
1198418,2,1,2023,2023
1198812,2,1,2025,2025
1199714,2,2,2021,2022
1200334,2,1,2022,2022
1201508,2,1,2024,2024
1201656,2,1,2024,2024
1202301,2,1,2024,2024
1203531,2,1,2020,2020
1203589,2,1,2025,2025
1206878,2,1,2021,2021
1207909,2,1,2024,2024
1208331,2,1,2026,2026
1208902,2,1,2024,2024
1209234,2,2,2023,2026
1210452,2,2,2024,2025
1212046,2,1,2025,2025
1214852,2,1,2022,2022
1216030,2,2,2024,2025
1216150,2,1,2025,2025
1216339,2,2,2018,2024
1217045,2,2,2021,2022
1217308,2,1,2021,2021
1219901,2,1,2022,2022
1220538,2,1,2025,2025
1221800,2,1,2025,2025
1224315,2,1,2025,2025
1224736,2,2,2024,2025
1225575,2,1,2021,2021
1225588,2,2,2024,2025
1225616,2,1,2023,2023
1225831,2,1,2023,2023
1226877,2,1,2024,2024
1227780,2,1,2024,2024
1229397,2,2,2021,2022
1229608,2,1,2023,2023
1231472,2,1,2023,2023
1231967,2,2,2023,2024
1233795,2,1,2025,2025
1236047,2,1,2025,2025
1237477,2,1,2023,2023
1237921,2,1,2023,2023
1243262,2,1,2023,2023
1245259,2,1,2021,2021
1249764,2,1,2025,2025
1250074,2,1,2023,2023
1252435,2,2,2021,2026
1253216,2,1,2026,2026
1256005,2,1,2022,2022
1257250,2,1,2025,2025
1257299,2,1,2025,2025
1257442,2,2,2022,2025
1257618,2,2,2021,2022
1257759,2,1,2025,2025
1257805,2,1,2021,2021
1261500,2,1,2024,2024
1264281,2,1,2024,2024
1264909,2,1,2025,2025
1265272,2,1,2022,2022
1265302,2,1,2022,2022
1265415,2,2,2025,2026
1266497,2,1,2023,2023
1268239,2,1,2025,2025
1275580,2,1,2021,2021
1276668,2,1,2022,2022
1278830,2,2,2021,2022
1281067,2,1,2025,2025
1283220,2,1,2025,2025
1284459,2,1,2021,2021
1284661,2,1,2025,2025
1285827,2,1,2025,2025
1285999,2,2,2023,2024
1299423,2,1,2023,2023
1300791,2,1,2023,2023
1300982,2,1,2025,2025
1302991,2,1,2022,2022
1303032,2,1,2022,2022
1303053,2,2,2024,2025
1303334,2,1,2022,2022
1304311,2,1,2025,2025
1309136,2,1,2023,2023
1310025,2,2,2021,2025
1310541,2,1,2021,2021
1310959,2,1,2023,2023
1311748,2,1,2023,2023
1311899,2,1,2021,2021
1312327,2,1,2025,2025
1315017,2,1,2025,2025
1316349,2,1,2020,2020
1316964,2,1,2025,2025
1317719,2,1,2026,2026
1320707,2,2,2021,2025
1321812,2,1,2025,2025
1323016,2,2,2025,2026
1323220,2,2,2023,2025
1325474,2,1,2024,2024
1325555,2,1,2026,2026
1325585,2,1,2023,2023
1326387,2,1,2024,2024
1328470,2,1,2024,2024
1329866,2,1,2024,2024
1331392,2,2,2023,2025
1332615,2,2,2024,2025
1333426,2,2,2022,2025
1335655,2,2,2023,2024
1335766,2,2,2025,2026
1338516,2,1,2024,2024
1339032,2,2,2024,2026
1342135,2,2,2025,2026
1345086,2,1,2023,2023
1347583,2,1,2026,2026
1350658,2,1,2025,2025
1352690,2,1,2025,2025
1354024,2,2,2024,2025
1354769,2,1,2024,2024
1355001,2,2,2023,2026
1357176,2,1,2021,2021
1357178,2,2,2024,2025
1357871,2,1,2025,2025
1358488,2,1,2025,2025
1359593,2,1,2025,2025
1360588,2,2,2024,2025
1360716,2,1,2023,2023
1364915,2,1,2023,2023
1366844,2,1,2024,2024
1367594,2,1,2025,2025
1367781,2,2,2021,2022
1367895,2,1,2025,2025
1368512,2,1,2024,2024
1371447,2,2,2023,2024
1372812,2,2,2023,2024
1373494,2,2,2022,2023
1373515,2,1,2025,2025
1375043,2,1,2026,2026
1375629,2,2,2022,2024
1378365,2,1,2022,2022
1384000,2,1,2022,2022
1384988,2,1,2023,2023
1386126,2,2,2024,2025
1386133,2,1,2025,2025
1387495,2,1,2023,2023
1391339,2,1,2022,2022
1399312,2,1,2025,2025
1399344,2,1,2023,2023
1400809,2,1,2021,2021
1402367,2,2,2023,2024
1405579,2,1,2025,2025
1413595,2,1,2026,2026
1416586,2,1,2021,2021
1418574,2,1,2024,2024
1420254,2,2,2021,2025
1421095,2,1,2021,2021
1425081,2,1,2022,2022
1427170,2,1,2023,2023
1428245,2,1,2024,2024
1430294,2,1,2022,2022
1430345,2,1,2023,2023
1432752,2,1,2022,2022
1433415,2,1,2024,2024
1433423,2,1,2025,2025
1435547,2,1,2023,2023
1436814,2,2,2023,2025
1436912,2,1,2024,2024
1438487,2,1,2025,2025
1444294,2,1,2024,2024
1444682,2,1,2024,2024
1445882,2,1,2023,2023
1447707,2,1,2021,2021
1451654,2,1,2026,2026
1455908,2,1,2024,2024
1457734,2,2,2021,2022
1462736,2,1,2021,2021
1463624,2,1,2023,2023
1473291,2,1,2024,2024
1473899,2,1,2021,2021
1478527,2,1,2025,2025
1484114,2,1,2024,2024
1489956,2,1,2024,2024
1492949,2,1,2025,2025
1494101,2,2,2019,2022
1496368,2,1,2024,2024
1496925,2,1,2025,2025
1498155,2,2,2025,2026
1500985,2,1,2021,2021
1503819,2,1,2024,2024
1531170,2,2,2021,2022
1539539,2,1,2026,2026
1626780,2,1,2026,2026
1628900,2,2,2023,2024
1629180,2,2,2023,2026
1633789,2,1,2024,2024
1637095,2,1,2024,2024
1637741,2,1,2025,2025
1648166,2,2,2023,2025
1654348,2,1,2023,2023
1656571,2,2,2023,2025
1668885,2,1,2025,2025
1670472,2,1,2026,2026
1692268,2,1,2023,2023
1701403,2,1,2026,2026
1703373,2,2,2024,2026
1703703,2,1,2023,2023
1705266,2,2,2022,2024
1706695,2,1,2025,2025
1707099,2,1,2023,2023
1708328,2,2,2022,2024
1708407,2,1,2022,2022
1717028,2,2,2020,2021
1726886,2,2,2024,2025
1735242,2,1,2022,2022
1752946,2,2,2021,2023
1757182,2,2,2021,2022
1781732,2,1,2025,2025
1786751,2,1,2025,2025
1791848,2,2,2023,2024
1794328,2,2,2023,2024
1800902,2,1,2024,2024
1804797,2,1,2021,2021
1810357,2,2,2021,2022
1816918,2,2,2023,2025
1817262,2,2,2020,2021
1817598,2,2,2022,2024
1824150,2,2,2024,2025
1826344,2,1,2025,2025
1827159,2,1,2022,2022
1830921,2,1,2022,2022
1839897,2,2,2023,2024
1844088,2,1,2022,2022
1844093,2,1,2021,2021
1844105,2,1,2024,2024
1844121,2,1,2023,2023
1844196,2,2,2020,2021
1844227,2,2,2024,2025
1845453,2,2,2024,2026
1851940,2,1,2022,2022
1861946,2,2,2024,2026
1862794,2,1,2023,2023
1867551,2,1,2022,2022
1870007,2,1,2021,2021
1886369,2,1,2023,2023
1889399,2,1,2021,2021
1893019,2,1,2024,2024
1903559,2,2,2023,2024
1907864,2,1,2025,2025
1915047,2,1,2023,2023
1915488,2,1,2021,2021
1923941,2,1,2023,2023
1924881,2,1,2024,2024
1925875,2,1,2022,2022
1926787,2,1,2025,2025
1930372,2,1,2023,2023
1939307,2,2,2024,2025
1945497,2,1,2023,2023
1948022,2,1,2026,2026
1957676,2,1,2024,2024
1964700,2,1,2023,2023
1978685,2,1,2023,2023
1980675,2,1,2025,2025
1987160,2,2,2024,2025
1987779,2,1,2023,2023
1990780,2,1,2023,2023
1996708,2,2,2023,2025
2002559,2,2,2024,2025
2024536,2,2,2024,2025
2024624,2,1,2023,2023
2026270,2,1,2025,2025
2042879,2,1,2025,2025
2042919,2,2,2022,2023
2045300,2,1,2021,2021
2052099,2,2,2025,2026
2063105,2,1,2023,2023
2072322,2,1,2023,2023
2076068,2,1,2023,2023
2077936,2,2,2024,2025
2079938,2,2,2021,2024
2081170,2,1,2021,2021
2113908,2,1,2022,2022
2139837,2,1,2023,2023
2140537,2,2,2025,2026
2143166,2,1,2023,2023
2146892,2,1,2025,2025
2149388,2,1,2023,2023
2149610,2,2,2020,2022
2150403,2,2,2021,2023
2154679,2,1,2023,2023
2155529,2,1,2024,2024
2156123,2,1,2025,2025
2156493,2,1,2024,2024
2160523,2,2,2025,2026
2162157,2,1,2025,2025
2162205,2,2,2021,2023
2167488,2,2,2022,2024
2171333,2,1,2022,2022
2181984,2,1,2022,2022
2187052,2,2,2022,2025
2195335,2,2,2023,2026
2196256,2,1,2024,2024
2197916,2,1,2025,2025
2198211,2,1,2025,2025
2200831,2,1,2025,2025
2207372,2,1,2025,2025
2216867,2,1,2023,2023
2217412,2,1,2022,2022
2222330,2,2,2024,2025
2225047,2,1,2025,2025
2231066,2,2,2021,2023
2238192,2,1,2021,2021
2251058,2,2,2022,2024
2255508,2,1,2023,2023
2255529,2,1,2023,2023
2307910,2,1,2025,2025
2321730,2,1,2021,2021
2327713,2,1,2023,2023
2329755,2,2,2024,2026
2329921,2,1,2024,2024
2334061,2,1,2022,2022
2335397,2,2,2023,2024
2341940,2,1,2025,2025
2351214,2,2,2022,2023
2358847,2,2,2024,2025
2361916,2,2,2021,2026
2372631,2,2,2022,2024
2394017,2,1,2025,2025
2394937,2,1,2025,2025
2409623,2,1,2025,2025
2411020,2,2,2024,2025
2415343,2,1,2023,2023
2418615,2,2,2020,2021
2425297,2,1,2025,2025
2425616,2,2,2021,2022
2438374,2,1,2024,2024
2441888,2,1,2024,2024
2446484,2,1,2021,2021
2448125,2,2,2020,2021
2451259,2,1,2020,2020
2467858,2,1,2024,2024
2468653,2,1,2024,2024
2491871,2,2,2023,2024
2492747,2,1,2025,2025
2511421,2,1,2023,2023
2512570,2,1,2023,2023
2519254,2,1,2025,2025
2520322,2,1,2024,2024
2528517,2,2,2021,2023
2533912,2,1,2022,2022
2538753,2,1,2024,2024
2538801,2,2,2024,2025
2547981,2,1,2024,2024
2552717,2,1,2025,2025
2592568,2,1,2021,2021
2593880,2,1,2025,2025
2608543,2,2,2022,2025
2619077,2,2,2023,2025
2627771,2,2,2021,2023
2648326,2,2,2021,2022
2652662,2,1,2023,2023
2681344,2,1,2024,2024
2684819,2,1,2023,2023
2684907,2,2,2023,2024
2697930,2,1,2024,2024
2702031,2,2,2025,2026
2704244,2,2,2022,2024
2726631,2,2,2024,2025
2727813,2,1,2025,2025
2732771,2,1,2025,2025
2753407,2,1,2021,2021
2754037,2,1,2021,2021
2756255,2,2,2020,2026
2767086,2,1,2023,2023
2767950,2,1,2024,2024
2776131,2,2,2024,2026
2776132,2,2,2024,2026
2781986,2,1,2024,2024
2798056,2,1,2026,2026
2811898,2,1,2022,2022
2811976,2,1,2024,2024
2837068,2,2,2024,2025
2846941,2,2,2020,2021
2850026,2,1,2023,2023
2864977,2,1,2022,2022
2883820,2,1,2021,2021
2886538,2,2,2025,2026
2889365,2,1,2022,2022
2900297,2,1,2023,2023
2908364,2,2,2022,2025
2913499,2,1,2021,2021
2920989,2,1,2022,2022
2923103,2,2,2024,2025
2932002,2,1,2023,2023
2932838,2,2,2020,2021
2933221,2,1,2023,2023
2934652,2,2,2024,2025
2947390,2,1,2026,2026
2948465,2,1,2023,2023
2953463,2,2,2023,2024
2956977,2,1,2022,2022
2964636,2,1,2024,2024
2968327,2,1,2021,2021
2969043,2,1,2021,2021
2971765,2,1,2024,2024
2979602,2,1,2025,2025
2982938,2,1,2024,2024
2986458,2,2,2022,2024
2988580,2,2,2021,2022
3006064,2,1,2025,2025
3007887,2,1,2023,2023
3009388,2,2,2020,2022
3012095,2,2,2024,2026
3014996,2,1,2025,2025
3020415,2,2,2023,2024
3020773,2,2,2022,2025
3036339,2,2,2025,2026
3039561,2,1,2023,2023
3040860,2,2,2023,2024
3041495,2,1,2021,2021
3042474,2,2,2023,2024
3044575,2,1,2021,2021
3066020,2,1,2025,2025
3067713,2,2,2021,2024
3069839,2,1,2024,2024
3079358,2,1,2025,2025
3079580,2,2,2021,2022
3083483,2,2,2022,2024
3097068,2,2,2024,2025
3100689,2,2,2024,2025
3106557,2,2,2022,2023
3108051,2,1,2022,2022
3108957,2,2,2023,2025
3120908,2,2,2022,2024
3121601,2,2,2024,2025
3132475,2,1,2022,2022
3133215,2,1,2023,2023
3138804,2,1,2024,2024
3145265,2,2,2025,2026
3145435,2,2,2023,2025
3148213,2,1,2021,2021
3157999,2,1,2025,2025
3163310,2,1,2023,2023
3168627,2,1,2024,2024
3174865,2,2,2021,2023
3175019,2,1,2024,2024
3175025,2,1,2024,2024
3175614,2,2,2024,2025
3178282,2,2,2022,2023
3178703,2,2,2023,2024
3186019,2,2,2021,2022
3190597,2,1,2023,2023
3198983,2,2,2024,2025
3200185,2,2,2020,2021
3202440,2,1,2022,2022
3202603,2,1,2024,2024
3214730,2,2,2021,2024
3232038,2,1,2024,2024
3237106,2,2,2021,2022
3243355,2,1,2025,2025
3251655,2,2,2023,2024
3253263,2,2,2023,2024
3253827,2,2,2024,2026
3255459,2,1,2024,2024
3266150,2,1,2023,2023
3268862,2,2,2022,2023
3271205,2,2,2024,2025
3271546,2,1,2023,2023
3293225,2,1,2021,2021
3302007,2,1,2021,2021
3303347,2,2,2022,2023
3309420,2,2,2022,2024
3321513,2,1,2025,2025
3323299,2,2,2025,2026
3324821,2,1,2025,2025
3327551,2,1,2023,2023
3327695,2,1,2024,2024
3332156,2,1,2022,2022
3337885,2,2,2022,2025
3339868,2,1,2023,2023
3340750,2,1,2022,2022
3344943,2,2,2023,2024
3369577,2,2,2022,2023
3371489,2,1,2024,2024
3371493,2,2,2022,2024
3373599,2,1,2021,2021
3375434,2,2,2023,2024
3391995,2,2,2023,2024
3397141,2,2,2021,2025
3397263,2,2,2024,2026
3397343,2,2,2023,2024
3397465,2,2,2022,2023
3399313,2,1,2025,2025
3404023,2,1,2024,2024
3404393,2,1,2024,2024
3411348,2,1,2022,2022
3417417,2,2,2022,2025
3425788,2,2,2023,2024
3426180,2,2,2023,2024
3426621,2,2,2023,2024
3433107,2,1,2025,2025
3436545,2,2,2021,2024
3439391,2,2,2023,2024
3439687,2,2,2020,2021
3439948,2,1,2023,2023
3441783,2,1,2023,2023
3441801,2,1,2024,2024
3442424,2,1,2022,2022
3442567,2,1,2021,2021
3444958,2,1,2022,2022
3455473,2,1,2025,2025
3460570,2,2,2023,2025
3460877,2,1,2025,2025
3464073,2,1,2021,2021
3481959,2,2,2024,2025
3502415,2,1,2023,2023
3502608,2,1,2024,2024
3506481,2,1,2024,2024
3507879,2,2,2020,2021
3512300,2,2,2022,2023
3514710,2,2,2023,2025
3525587,2,1,2023,2023
3526788,2,1,2024,2024
3529021,2,1,2022,2022
3542281,2,2,2021,2022
3542441,2,1,2022,2022
3546848,2,1,2021,2021
3553912,2,1,2022,2022
3567973,2,2,2021,2023
3570619,2,1,2025,2025
3571971,2,1,2024,2024
3575168,2,1,2024,2024
3584198,2,2,2023,2024
3584217,2,1,2025,2025
3592831,2,2,2022,2023
3593662,2,2,2021,2024
3604768,2,2,2021,2024
3606496,2,1,2022,2022
3606990,2,1,2021,2021
3621475,2,1,2022,2022
3622791,2,1,2020,2020
3636170,2,1,2022,2022
3649720,2,2,2024,2025
3667094,2,1,2023,2023
3685234,2,2,2023,2024
3686114,2,1,2023,2023
3694777,2,1,2024,2024
3702110,2,2,2021,2022
3708981,2,1,2023,2023
3711261,2,1,2025,2025
3715513,2,1,2025,2025
3727805,2,1,2022,2022
3734012,2,2,2022,2025
3737084,2,1,2023,2023
3737971,2,1,2023,2023
3738096,2,2,2024,2025
3738939,2,1,2023,2023
3741512,2,1,2021,2021
3749065,2,2,2022,2023
3751713,2,2,2025,2026
3756662,2,2,2024,2025
3759001,2,1,2023,2023
3763133,2,1,2023,2023
3766722,2,1,2024,2024
3768004,2,2,2023,2024
3770413,2,1,2024,2024
3775367,2,2,2024,2025
3776387,2,2,2021,2022
3782936,2,2,2022,2023
3785879,2,2,2022,2023
3789616,2,2,2023,2025
3791990,2,2,2021,2024
3805846,2,2,2021,2024
3806083,2,1,2025,2025
3814208,2,1,2025,2025
3829240,2,1,2023,2023
3838210,2,2,2023,2024
3842024,2,2,2021,2022
3844772,2,1,2019,2019
3844807,2,1,2023,2023
3844821,2,1,2023,2023
3844966,2,2,2021,2022
3844974,2,1,2024,2024
3845009,2,2,2023,2024
3853303,2,1,2021,2021
3859138,2,2,2020,2021
3879031,2,1,2022,2022
3881499,2,2,2023,2025
3889315,2,1,2025,2025
3895646,2,2,2021,2023
3897266,2,1,2025,2025
3913631,2,1,2024,2024
3916152,2,1,2026,2026
3923206,2,2,2024,2025
3927104,2,1,2022,2022
3938672,2,2,2021,2023
3940193,2,2,2021,2024
3940664,2,1,2023,2023
3942020,2,2,2020,2022
3947604,2,1,2024,2024
3956680,2,2,2022,2024
3970261,2,2,2024,2025
3984753,2,1,2023,2023
3984825,2,1,2024,2024
3984887,2,2,2023,2024
3984945,2,1,2025,2025
3984987,2,2,2020,2021
3985041,2,2,2023,2025
3996046,2,1,2023,2023
4004525,2,1,2022,2022
4017692,2,2,2021,2022
4027270,2,2,2021,2022
4031371,2,1,2022,2022
4037917,2,2,2025,2026
4043390,2,1,2023,2023
4048781,2,2,2023,2025
4049378,2,1,2023,2023
4057262,2,1,2022,2022
4064238,2,1,2023,2023
4064764,2,2,2021,2023
4069475,2,1,2025,2025
4069577,2,1,2021,2021
4070844,2,1,2024,2024
4076124,2,1,2021,2021
4077789,2,2,2024,2026
4078090,2,2,2022,2023
4085518,2,1,2022,2022
4099836,2,2,2020,2021
4110290,2,2,2024,2025
4113174,2,1,2023,2023
4117558,2,2,2020,2024
4117783,2,1,2022,2022
4119210,2,2,2024,2025
4121108,2,1,2024,2024
4135370,2,1,2023,2023
4139194,2,2,2021,2022
4142753,2,2,2021,2023
4151684,2,1,2023,2023
4160554,2,1,2023,2023
4161640,2,2,2023,2025
4163043,2,2,2024,2025
4176286,2,1,2025,2025
4177270,2,1,2023,2023
4179060,2,1,2022,2022
4194581,2,1,2024,2024
4199865,2,1,2021,2021
4201047,2,2,2021,2023
4206405,2,2,2023,2024
4208227,2,1,2021,2021
4211824,2,1,2024,2024
4212350,2,2,2022,2023
4218207,2,1,2024,2024
4229425,2,1,2026,2026
4232509,2,1,2025,2025
4240667,2,2,2023,2024
4240909,2,2,2024,2025
4251225,2,1,2022,2022
4258386,2,1,2025,2025
4260351,2,1,2023,2023
4262973,2,1,2026,2026
4271895,2,1,2021,2021
4274832,2,1,2023,2023
4275284,2,1,2025,2025
4276164,2,1,2023,2023
4278973,2,1,2024,2024
4280371,2,2,2024,2025
4283585,2,1,2022,2022
4288807,2,2,2024,2025
4291944,2,2,2022,2025
4295411,2,1,2023,2023
4296789,2,2,2024,2025
4297314,2,1,2021,2021
4297597,2,1,2024,2024
4302144,2,1,2025,2025
4303314,2,2,2023,2025
4306617,2,1,2025,2025
4312640,2,2,2024,2025
4318572,2,1,2025,2025
4319197,2,1,2025,2025
4319721,2,1,2024,2024
4321108,2,1,2024,2024
4324883,2,2,2021,2022
4332051,2,1,2022,2022
4332841,2,1,2023,2023
4333841,2,1,2024,2024
4339910,2,1,2024,2024
4355284,2,1,2023,2023
4356893,2,2,2021,2022
4367999,2,1,2021,2021
4422975,2,1,2023,2023
4424397,2,2,2023,2024
4431286,2,2,2023,2025
4438367,2,2,2021,2026
4440008,2,1,2023,2023
4441615,2,1,2024,2024
4442103,2,1,2023,2023
4452400,2,1,2024,2024
4452429,2,1,2023,2023
4454156,2,2,2022,2023
4475204,2,1,2023,2023
4483634,2,1,2024,2024
4490634,2,1,2025,2025
4505168,2,1,2024,2024
4521086,2,1,2025,2025
4521158,2,1,2022,2022
4525891,2,1,2025,2025
4530808,2,2,2022,2025
4532726,2,2,2022,2023
4534356,2,2,2024,2025
4534936,2,1,2023,2023
4539427,2,2,2021,2023
4541559,2,2,2023,2025
4545285,2,2,2024,2025
4545286,2,2,2021,2022
4545289,2,2,2021,2026
4552269,2,1,2022,2022
4555752,2,1,2025,2025
4559745,2,1,2022,2022
4566792,2,1,2025,2025
4569273,2,1,2024,2024
4575753,2,2,2023,2024
4577544,2,1,2024,2024
4580739,2,1,2025,2025
4584903,2,1,2025,2025
4592860,2,2,2024,2025
4605013,2,1,2025,2025
4607985,2,1,2023,2023
4608372,2,2,2020,2024
4615491,2,2,2021,2023
4628140,2,2,2023,2024
4635444,2,1,2023,2023
4637368,2,1,2023,2023
4639008,2,1,2024,2024
4642605,2,1,2021,2021
4648136,2,1,2022,2022
4650704,2,2,2022,2025
4654234,2,2,2024,2025
4655297,2,2,2023,2024
4659585,2,1,2024,2024
4660114,2,1,2025,2025
4663724,2,1,2022,2022
4669453,2,2,2024,2026
4670068,2,2,2023,2024
4670140,2,2,2024,2025
4676944,2,2,2021,2023
4680567,2,1,2024,2024
4684485,2,2,2025,2026
4685856,2,1,2023,2023
4687640,2,2,2022,2023
4688866,2,2,2023,2024
4704515,2,1,2026,2026
4708934,2,2,2023,2024
4719932,2,1,2025,2025
4720250,2,1,2024,2024
4725226,2,2,2021,2022
4728769,2,2,2025,2026
4742843,2,1,2021,2021
4762960,2,2,2022,2023
4768403,2,1,2022,2022
4769577,2,2,2021,2022
4770680,2,2,2025,2026
4777931,2,1,2023,2023
4781765,2,1,2023,2023
4784759,2,1,2024,2024
4797928,2,1,2023,2023
4809872,2,1,2022,2022
4819563,2,1,2022,2022
4819820,2,1,2024,2024
4820140,2,1,2022,2022
4833855,2,2,2021,2022
4837348,2,1,2023,2023
4841638,2,2,2022,2025
4843248,2,1,2024,2024
4850706,2,1,2023,2023
4853865,2,1,2025,2025
4860513,2,2,2024,2025
4860855,2,2,2022,2025
4864685,2,1,2023,2023
4867879,2,2,2022,2024
4870163,2,2,2023,2024
4871060,2,2,2021,2022
4872290,2,1,2022,2022
4883230,2,1,2024,2024
4886868,2,2,2024,2025
4892993,2,1,2025,2025
4901783,2,2,2021,2022
4908230,2,1,2023,2023
4918422,2,2,2024,2025
4924030,2,1,2025,2025
4924054,2,1,2025,2025
4927570,2,1,2023,2023
4930149,2,2,2023,2024
4932545,2,1,2022,2022
4938898,2,2,2023,2025
4940997,2,2,2023,2024
4944315,2,1,2023,2023
4955794,2,2,2023,2024
4959015,2,1,2025,2025
4967166,2,1,2022,2022
4988183,2,2,2020,2024
4989009,2,1,2023,2023
4990320,2,1,2023,2023
5011023,2,2,2023,2025
5018226,2,1,2024,2024
5021580,2,1,2022,2022
5031421,2,1,2024,2024
5033892,2,1,2024,2024
5041933,2,1,2025,2025
5044601,2,1,2023,2023
5051858,2,2,2022,2024
5053360,2,2,2023,2026
5065073,2,2,2024,2025
5076129,2,1,2021,2021
5084668,2,1,2023,2023
5087274,2,1,2021,2021
5087884,2,2,2022,2025
5088468,2,1,2022,2022
5091346,2,2,2024,2025
5094771,2,2,2020,2021
5097659,2,1,2023,2023
5100926,2,2,2021,2025
5127184,2,2,2023,2024
5135036,2,1,2022,2022
5135052,2,2,2022,2025
5136380,2,2,2024,2025
5138395,2,2,2020,2022
5140068,2,2,2021,2022
5140097,2,1,2022,2022
5140641,2,1,2024,2024
5140773,2,1,2023,2023
5140999,2,2,2023,2024
5156918,2,1,2025,2025
5157726,2,1,2025,2025
5166412,2,2,2024,2025
5170705,2,1,2025,2025
5171502,2,1,2023,2023
5174398,2,1,2025,2025
5180115,2,1,2023,2023
5182319,2,2,2021,2025
5183054,2,2,2022,2024
5186894,2,2,2020,2024
5190590,2,1,2022,2022
5201518,2,2,2021,2023
5216319,2,1,2021,2021
5216806,2,1,2022,2022
5224332,2,2,2024,2025
5227401,2,1,2025,2025
5228614,2,2,2023,2024
5234338,2,1,2023,2023
5239660,2,1,2024,2024
5240578,2,2,2023,2025
5240809,2,2,2024,2025
5273846,2,1,2023,2023
5295832,2,1,2022,2022
5298541,2,1,2023,2023
5315924,2,1,2023,2023
5322035,2,2,2023,2024
5325067,2,1,2025,2025
5327628,2,2,2021,2022
5328488,2,2,2024,2025
5328502,2,1,2024,2024
5334365,2,1,2024,2024
5338182,2,1,2023,2023
5338283,2,2,2023,2024
5350253,2,1,2025,2025
5351838,2,2,2021,2022
5353933,2,1,2021,2021
5355074,2,2,2021,2025
5356651,2,1,2024,2024
5361922,2,1,2024,2024
5363054,2,1,2024,2024
5371658,2,2,2022,2026
5374693,2,1,2023,2023
5376224,2,2,2023,2024
5376343,2,2,2022,2025
5385447,2,1,2024,2024
5386023,2,1,2021,2021
5397320,2,1,2025,2025
5399609,2,1,2025,2025
5415332,2,1,2023,2023
5420387,2,2,2023,2024
5427897,2,1,2025,2025
5429946,2,1,2021,2021
5438753,2,1,2021,2021
5438928,2,2,2024,2025
5442828,2,2,2023,2024
5443182,2,1,2024,2024
5443760,2,1,2024,2024
5447997,2,1,2025,2025
5449078,2,2,2024,2025
5450292,2,1,2024,2024
5455108,2,1,2024,2024
5471043,2,2,2023,2025
5486475,2,1,2025,2025
5492605,2,1,2023,2023
5494428,2,1,2023,2023
5500519,2,1,2021,2021
5502743,2,2,2022,2023
5513907,2,1,2024,2024
5522214,2,1,2024,2024
5522614,2,2,2022,2023
5523735,2,2,2023,2025
5528374,2,2,2024,2025
5535842,2,2,2021,2023
5540880,2,2,2023,2024
5566170,2,2,2024,2025
5569169,2,2,2021,2022
5572814,2,2,2024,2025
5576150,2,2,2022,2024
5581415,2,1,2026,2026
5583993,2,1,2023,2023
5588070,2,1,2025,2025
5590047,2,1,2022,2022
5592347,2,1,2021,2021
5592832,2,1,2021,2021
5595385,2,1,2024,2024
5596092,2,1,2025,2025
5604639,2,2,2023,2024
5609629,2,2,2021,2023
5611517,2,1,2025,2025
5612230,2,2,2022,2023
5614714,2,1,2023,2023
5616173,2,2,2023,2024
5617362,2,2,2021,2022
5646711,2,2,2022,2023
5654164,2,1,2022,2022
5656240,2,1,2023,2023
5660610,2,1,2024,2024
5662680,2,1,2023,2023
5679683,2,1,2024,2024
5679684,2,2,2021,2022
5684855,2,2,2023,2025
5693113,2,2,2023,2025
5693349,2,2,2025,2026
5695750,2,1,2022,2022
5711479,2,1,2021,2021
5739523,2,2,2021,2022
5740518,2,1,2025,2025
5742689,2,1,2021,2021
5745649,2,2,2022,2023
5751790,2,1,2025,2025
5753833,2,1,2025,2025
5770338,2,1,2022,2022
5770874,2,2,2023,2024
5797387,2,2,2024,2025
5807227,2,2,2021,2022
5813410,2,1,2022,2022
5818477,2,1,2023,2023
5821336,2,1,2022,2022
5826127,2,2,2021,2023
5828547,2,1,2026,2026
5847103,2,1,2025,2025
5848669,2,1,2024,2024
5853123,2,1,2023,2023
5856736,2,1,2023,2023
5857988,2,1,2024,2024
5859967,2,2,2021,2022
5862729,2,1,2022,2022
5862875,2,1,2025,2025
5864539,2,2,2024,2025
5866273,2,2,2021,2023
5868631,2,2,2024,2025
5875163,2,2,2022,2024
5875898,2,1,2021,2021
5876296,2,2,2022,2024
5881806,2,1,2021,2021
5888883,2,1,2024,2024
5895126,2,1,2025,2025
5895739,2,2,2020,2021
5897726,2,1,2024,2024
5908199,2,1,2025,2025
5908801,2,1,2023,2023
5910546,2,1,2023,2023
5916060,2,1,2025,2025
5922681,2,1,2023,2023
5924734,2,2,2021,2022
5930681,2,2,2024,2025
5933738,2,2,2023,2024
5938087,2,1,2025,2025
5938104,2,2,2024,2025
5972012,2,1,2022,2022
5978281,2,1,2025,2025
5998665,2,1,2024,2024
6018669,2,2,2024,2026
6032997,2,1,2024,2024
6046166,2,1,2025,2025
6049772,2,1,2024,2024
6063702,2,1,2025,2025
6076959,2,1,2025,2025
6077977,2,2,2024,2025
6087045,2,1,2024,2024
6098183,2,1,2024,2024
6116037,2,2,2023,2024
6118988,2,2,2023,2025
6126025,2,1,2023,2023
6138914,2,1,2021,2021
6144828,2,1,2023,2023
6153685,2,2,2021,2022
6156345,2,1,2023,2023
6166847,2,2,2022,2024
6167689,2,2,2023,2024
6190479,2,1,2024,2024
6201122,2,1,2021,2021
6202254,2,1,2024,2024
6202884,2,2,2025,2026
6205144,2,1,2021,2021
6223067,2,2,2021,2025
6225450,2,1,2023,2023
6226173,2,1,2022,2022
6229314,2,1,2021,2021
6232294,2,2,2024,2026
6246656,2,1,2025,2025
6247607,2,1,2025,2025
6251511,2,1,2024,2024
6259120,2,1,2022,2022
6273475,2,2,2021,2022
6274127,2,2,2022,2023
6282975,2,2,2021,2022
6287378,2,2,2020,2021
6298219,2,1,2022,2022
6303566,2,1,2025,2025
6311091,2,1,2023,2023
6320066,2,1,2023,2023
6320778,2,2,2024,2025
6331669,2,1,2023,2023
6339502,2,1,2025,2025
6344510,2,2,2021,2025
6352573,2,1,2024,2024
6376276,2,1,2025,2025
6378180,2,1,2023,2023
6381904,2,2,2022,2023
6385759,2,2,2024,2025
6387461,2,2,2022,2025
6387967,2,2,2024,2025
6392749,2,2,2023,2025
6395347,2,1,2023,2023
6410408,2,2,2023,2025
6423362,2,2,2021,2023
6438849,2,1,2025,2025
6457229,2,2,2024,2025
6461023,2,2,2021,2022
6462612,2,2,2024,2025
6471012,2,2,2022,2024
6471555,2,1,2023,2023
6474201,2,1,2020,2020
6477279,2,1,2022,2022
6483898,2,1,2024,2024
6494866,2,1,2025,2025
6497981,2,1,2022,2022
6502887,2,1,2023,2023
6515203,2,1,2022,2022
6515366,2,2,2021,2022
6519723,2,2,2023,2024
6524597,2,2,2024,2025
6526711,2,1,2023,2023
6527232,2,1,2025,2025
6527474,2,1,2026,2026
6527626,2,2,2022,2024
6527842,2,1,2023,2023
6543193,2,2,2024,2025
6543259,2,2,2023,2024
6544528,2,1,2022,2022
6546722,2,2,2024,2025
6551662,2,2,2023,2024
6552765,2,1,2021,2021
6557216,2,1,2023,2023
6563458,2,1,2023,2023
6566502,2,2,2021,2025
6566504,2,1,2024,2024
6570462,2,2,2025,2026
6570699,2,2,2020,2021
6571605,2,1,2022,2022
6587546,2,1,2026,2026
6591406,2,2,2024,2025
6612132,2,2,2024,2025
6615226,2,2,2022,2025
6621463,2,1,2023,2023
6623477,2,2,2023,2025
6630654,2,2,2021,2022
6644410,2,1,2023,2023
6679590,2,1,2021,2021
6686213,2,1,2025,2025
6694410,2,2,2021,2022
6698567,2,1,2022,2022
6700951,2,1,2026,2026
6708131,2,1,2023,2023
6710973,2,1,2022,2022
6712133,2,1,2025,2025
6712723,2,1,2023,2023
6713357,2,2,2024,2025
6721059,2,2,2024,2025
6736385,2,1,2025,2025
6742976,2,1,2024,2024
6755683,2,2,2024,2025
6756316,2,1,2023,2023
6759169,2,1,2022,2022
6765820,2,1,2022,2022
6770305,2,2,2021,2025
6771522,2,2,2023,2025
6773447,2,2,2024,2026
6800740,2,2,2021,2022
6810860,2,1,2022,2022
6820883,2,1,2025,2025
6832296,2,1,2023,2023
6835386,2,1,2023,2023
6840013,2,1,2024,2024
6840110,2,1,2023,2023
6841378,2,1,2025,2025
6845669,2,2,2021,2022
6846026,2,1,2021,2021
6850320,2,1,2021,2021
6856641,2,2,2020,2024
6859267,2,2,2022,2024
6863517,2,2,2022,2023
6864884,2,1,2024,2024
6877974,2,1,2025,2025
6889474,2,1,2023,2023
6894203,2,2,2024,2025
6904945,2,1,2023,2023
6909345,2,2,2023,2025
6911794,2,1,2025,2025
6912740,2,2,2024,2026
6929910,2,2,2021,2024
6936296,2,1,2024,2024
6936636,2,2,2023,2024
6949740,2,1,2025,2025
6954019,2,1,2023,2023
6956911,2,2,2023,2025
6961269,2,1,2021,2021
6962668,2,1,2024,2024
6963298,2,2,2022,2025
6975290,2,1,2025,2025
6976305,2,1,2024,2024
6985458,2,1,2025,2025
6987258,2,2,2021,2023
6991006,2,1,2021,2021
6995795,2,2,2023,2026
7004806,2,2,2025,2026
7005682,2,1,2023,2023
7010985,2,2,2021,2023
7011877,2,1,2024,2024
7016041,2,2,2022,2023
7038581,2,1,2024,2024
7039099,2,1,2021,2021
7040313,2,1,2023,2023
7043996,2,1,2023,2023
7044045,2,1,2025,2025
7045549,2,2,2024,2025
7055488,2,1,2023,2023
7055847,2,2,2022,2023
7065565,2,1,2024,2024
7069568,2,1,2021,2021
7070377,2,1,2025,2025
7071681,2,2,2023,2024
7087714,2,2,2021,2025
7104227,2,2,2024,2026
7105764,2,1,2024,2024
7110294,2,2,2023,2025
7112546,2,1,2023,2023
7117691,2,1,2022,2022
7142876,2,1,2021,2021
7144234,2,2,2025,2026
7145387,2,1,2025,2025
7151486,2,1,2021,2021
7155367,2,2,2023,2024
7155632,2,2,2021,2024
7157623,2,1,2023,2023
7164819,2,1,2023,2023
7181696,2,2,2023,2025
7186149,2,1,2022,2022
7194182,2,1,2023,2023
7195903,2,2,2022,2024
7197340,2,1,2023,2023
7210438,2,1,2025,2025
7214677,2,1,2025,2025
7216729,2,1,2022,2022
7218643,2,1,2025,2025
7226394,2,1,2025,2025
7226462,2,1,2023,2023
7235437,2,2,2020,2021
7239270,2,1,2024,2024
7239750,2,1,2022,2022
7244052,2,1,2023,2023
7246657,2,1,2024,2024
7247840,2,1,2024,2024
7249813,2,1,2024,2024
7258605,2,2,2023,2024
7258701,2,1,2025,2025
7260925,2,1,2021,2021
7268545,2,1,2022,2022
7269927,2,1,2024,2024
7276095,2,2,2022,2023
7277323,2,2,2021,2023
7277498,2,2,2023,2025
7277687,2,1,2022,2022
7279925,2,2,2022,2023
7289627,2,2,2020,2021
7289682,2,1,2023,2023
7289691,2,1,2021,2021
7319618,2,1,2025,2025
7319892,2,1,2018,2018
7385722,2,1,2025,2025
7388869,2,1,2022,2022
7393238,2,2,2024,2025
7395140,2,1,2025,2025
7439713,2,2,2023,2024
7469930,2,1,2025,2025
7491555,2,1,2025,2025
7494905,2,1,2025,2025
7527665,2,2,2020,2021
7591615,2,1,2024,2024
7646066,2,2,2025,2026
7646329,2,1,2025,2025
7646842,2,1,2023,2023
7646868,2,2,2023,2025
7648742,2,2,2021,2023
7654258,2,1,2022,2022
7655166,2,1,2025,2025
7655667,2,2,2023,2025
7661964,2,2,2023,2024
7663607,2,2,2021,2022
7671604,2,1,2026,2026
7672149,2,2,2024,2025
7672252,2,1,2024,2024
7678361,2,1,2024,2024
7680273,2,2,2021,2022
7683272,2,1,2026,2026
7683462,2,1,2025,2025
7685803,2,1,2023,2023
7687333,2,2,2024,2025
7697132,2,1,2025,2025
7706806,2,2,2021,2024
7710194,2,2,2024,2025
7712933,2,1,2024,2024
7719312,2,1,2022,2022
7719550,2,1,2023,2023
7719920,2,1,2023,2023
7725139,2,1,2022,2022
7728544,2,1,2025,2025
7732562,2,1,2023,2023
7744537,2,1,2023,2023
7748109,2,2,2024,2025
7748232,2,2,2021,2022
7748239,2,1,2021,2021
7749059,2,2,2024,2025
7751363,2,1,2023,2023
7751451,2,1,2025,2025
7763846,2,1,2023,2023
7773182,2,2,2022,2024
7775169,2,2,2021,2022
7775715,2,1,2022,2022
7776658,2,2,2025,2026
7777589,2,2,2024,2025
7781376,2,2,2022,2023
7785379,2,2,2022,2023
7786372,2,1,2022,2022
7787897,2,1,2021,2021
7788811,2,1,2023,2023
7802310,2,2,2022,2025
7803072,2,2,2023,2024
7808618,2,1,2024,2024
7809139,2,2,2025,2026
7813622,2,1,2022,2022
7818747,2,1,2022,2022
7823077,2,1,2026,2026
7825472,2,1,2025,2025
7826001,2,2,2025,2026
7829296,2,2,2022,2023
7831420,2,2,2024,2025
7834679,2,1,2025,2025
7834783,2,2,2023,2025
7834955,2,2,2023,2024
7836369,2,1,2024,2024
7836723,2,1,2025,2025
7839927,2,1,2026,2026
7840510,2,1,2025,2025
7841976,2,2,2025,2026
7842364,2,2,2021,2022
7842586,2,2,2022,2024
7843421,2,1,2022,2022
7844784,2,1,2024,2024
7844852,2,1,2024,2024
7846889,2,1,2020,2020
7849864,2,1,2025,2025
7851283,2,1,2022,2022
7868043,2,2,2020,2021
7868255,2,1,2023,2023
7868263,2,2,2025,2026
7870492,2,2,2022,2025
7878717,2,1,2023,2023
7884927,2,1,2025,2025
7887171,2,1,2024,2024
7890865,2,2,2025,2026
7897964,2,1,2026,2026
7898319,2,1,2025,2025
7898888,2,1,2025,2025
7899082,2,2,2022,2024
7901014,2,2,2024,2025
7901162,2,1,2026,2026
7904217,2,1,2025,2025
7904322,2,2,2023,2025
7909970,2,1,2023,2023
7911219,2,2,2022,2023
7911280,2,1,2022,2022
7912618,2,1,2025,2025
7913871,2,2,2023,2024
7921215,2,1,2025,2025
7921776,2,1,2022,2022
7923597,2,2,2021,2022
7925821,2,2,2022,2023
7928527,2,2,2022,2024
7931370,2,1,2025,2025
7932377,2,1,2024,2024
7936198,2,1,2024,2024
7937485,2,1,2022,2022
7937694,2,1,2022,2022
7939080,2,1,2025,2025
7940699,2,2,2021,2024
7949244,2,2,2025,2026
7957724,2,1,2025,2025
7967719,2,1,2022,2022
8027943,2,2,2023,2024
8035136,2,1,2025,2025
8079109,2,1,2022,2022
8085242,2,1,2025,2025
8090696,2,2,2024,2025
8094450,2,2,2024,2025
8097965,2,1,2024,2024
8104817,2,2,2022,2023
8105117,2,2,2021,2022
8106435,2,1,2024,2024
8107862,2,1,2023,2023
8110402,2,1,2024,2024
8121620,2,1,2025,2025
8123478,2,1,2022,2022
8128582,2,1,2023,2023
8129086,2,1,2023,2023
8130932,2,1,2023,2023
8132358,2,1,2022,2022
8135179,2,1,2024,2024
8137346,2,2,2025,2026
8147624,2,1,2025,2025
8177142,2,1,2023,2023
8185579,2,1,2022,2022
8195300,2,1,2023,2023
8207243,2,1,2023,2023
8226774,2,1,2024,2024
8254150,2,2,2024,2025
8261793,2,1,2023,2023
8266663,2,1,2021,2021
8326795,2,2,2022,2024
8331172,2,1,2023,2023
8350709,2,1,2023,2023
8355402,2,1,2022,2022
8367879,2,2,2024,2025
8368210,2,1,2023,2023
8378014,2,1,2025,2025
8386782,2,2,2021,2023
8398134,2,2,2025,2026
8409942,2,1,2022,2022
8415410,2,1,2025,2025
8420923,2,1,2024,2024
8427798,2,2,2022,2024
8436070,2,2,2021,2025
8437985,2,2,2023,2024
8454704,2,1,2024,2024
8456566,2,2,2023,2026
8488316,2,2,2023,2025
8490881,2,1,2023,2023
8490895,2,2,2024,2025
8492435,2,1,2023,2023
8500092,2,1,2025,2025
8503081,2,2,2020,2021
8505828,2,1,2023,2023
8514901,2,2,2021,2022
8518497,2,2,2023,2024
8538843,2,1,2026,2026
8566503,2,1,2024,2024
8570900,2,1,2024,2024
8588511,2,1,2023,2023
8631667,2,1,2025,2025
8643163,2,2,2023,2025
8656372,2,2,2023,2025
8681312,2,1,2023,2023
8696561,2,1,2023,2023
8696921,2,1,2022,2022
8710474,2,2,2022,2023
8719182,2,1,2025,2025
8719750,2,1,2022,2022
8750664,2,1,2024,2024
8794734,2,2,2023,2024
8795460,2,1,2022,2022
8795461,2,2,2021,2025
8797316,2,1,2024,2024
8800139,2,1,2023,2023
8801890,2,1,2024,2024
8803422,2,2,2022,2024
8810006,2,2,2023,2025
8814039,2,2,2021,2022
8818489,2,1,2024,2024
8840439,2,2,2021,2024
8842920,2,1,2022,2022
8858073,2,2,2023,2024
8868792,2,1,2025,2025
8869123,2,1,2023,2023
8888681,2,1,2024,2024
8890202,2,1,2025,2025
8907269,2,1,2025,2025
8918088,2,2,2021,2025
8943115,2,2,2023,2024
8944975,2,2,2023,2024
8956342,2,2,2021,2025
8979939,2,1,2022,2022
8992703,2,2,2023,2024
9022573,2,1,2022,2022
9038103,2,1,2021,2021
9038943,2,1,2024,2024
9060013,2,2,2023,2025
9066798,2,1,2022,2022
9117725,2,2,2021,2022
9119130,2,1,2023,2023
9129089,2,2,2023,2024
9129461,2,2,2023,2025
9130820,2,1,2022,2022
9130973,2,1,2024,2024
9131257,2,1,2023,2023
9148727,2,1,2022,2022
9150142,2,2,2023,2025
9152873,2,1,2022,2022
9171735,2,2,2021,2024
9174337,2,1,2023,2023
9200271,2,1,2025,2025
9231607,2,2,2021,2022
9236381,2,1,2023,2023
9236585,2,1,2025,2025
9244874,2,1,2025,2025
9256240,2,2,2021,2022
9262564,2,1,2024,2024
9267852,2,2,2024,2025
9332731,2,1,2022,2022
9370637,2,2,2024,2025
9387171,2,2,2024,2025
9395395,2,2,2022,2025
9428179,2,1,2023,2023
9444949,2,2,2021,2023
9455199,2,2,2024,2025
9478508,2,2,2025,2026
9479023,2,2,2023,2024
9482335,2,1,2023,2023
9500987,2,1,2025,2025
9512119,2,1,2023,2023
9521889,2,2,2020,2021
9532364,2,2,2023,2024
9549460,2,1,2025,2025
9565404,2,2,2025,2026
9574547,2,2,2025,2026
9575525,2,2,2023,2025
9576619,2,2,2021,2024
9579119,2,1,2024,2024
9601926,2,1,2024,2024
9624600,2,2,2025,2026
9653672,2,1,2022,2022
9663737,2,2,2023,2024
9672202,2,2,2024,2025
9680665,2,2,2020,2021
9686543,2,1,2021,2021
9700793,2,2,2022,2024
9705929,2,2,2022,2025
9710139,2,1,2023,2023
9732871,2,2,2024,2025
9747951,2,2,2022,2023
9750733,2,1,2024,2024
9753096,2,1,2025,2025
9756821,2,2,2021,2024
9814335,2,1,2024,2024
9859840,2,2,2021,2023
9866019,2,1,2023,2023
9868825,2,2,2025,2026
9892878,2,1,2022,2022
9925901,2,1,2021,2021
9952135,2,1,2025,2025
9969755,2,2,2024,2025
9970010,2,1,2022,2022
9970696,2,2,2024,2025
9975344,2,1,2025,2025
9978663,2,2,2024,2025
9986208,2,1,2025,2025
10055540,2,2,2024,2026
10076562,2,1,2025,2025
10085412,2,1,2023,2023
10125695,2,1,2025,2025
10127227,2,1,2024,2024
10127383,2,1,2024,2024
10133819,2,1,2024,2024
10137680,2,2,2024,2025
10138118,2,2,2024,2026
10145619,2,1,2024,2024
10174798,2,1,2025,2025
10187192,2,1,2023,2023
10193900,2,1,2023,2023
10208915,2,1,2024,2024
10210128,2,2,2024,2025
10217930,2,2,2024,2025
10221177,2,1,2021,2021
10224394,2,1,2023,2023
10277974,2,2,2024,2025
10285583,2,2,2020,2021
10285591,2,1,2023,2023
10328330,2,2,2023,2024
10335228,2,2,2023,2024
10358820,2,1,2020,2020
10387483,2,1,2023,2023
10410473,2,1,2025,2025
10432047,2,2,2023,2025
10433602,2,2,2022,2024
10434899,2,2,2023,2025
10445611,2,2,2024,2025
10470199,2,1,2021,2021
10471735,2,2,2023,2025
10484604,2,1,2024,2024
10509145,2,1,2024,2024
10513306,2,1,2025,2025
10537684,2,1,2025,2025
10548813,2,1,2024,2024
10562436,2,2,2023,2024
10579077,2,2,2023,2024
10617443,2,2,2021,2022
10645126,2,1,2023,2023
10660721,2,2,2021,2023
10690833,2,1,2021,2021
10707032,2,2,2024,2025
10720961,2,2,2022,2025
10751518,2,1,2021,2021
10771819,2,1,2021,2021
10812545,2,2,2022,2025
10814828,2,1,2023,2023
10841129,2,1,2021,2021
10841481,2,1,2020,2020
10892579,2,1,2023,2023
10953486,2,1,2026,2026
10970293,2,2,2023,2024
10971406,2,2,2022,2026
11007685,2,2,2020,2022
11014198,2,1,2025,2025
11029082,2,1,2024,2024
11030696,2,1,2022,2022
11031996,2,1,2024,2024
11064303,2,2,2020,2021
11073405,2,2,2023,2025
11100859,2,2,2022,2023
11123286,2,2,2022,2023
11168305,2,2,2021,2024
11184399,2,1,2025,2025
11192848,2,1,2022,2022
11194857,2,2,2024,2025
11226640,2,1,2025,2025
11241867,2,1,2024,2024
11258703,2,2,2024,2025
11264006,2,2,2022,2024
11305412,2,1,2021,2021
11308636,2,2,2022,2025
11313119,2,1,2025,2025
11321483,2,2,2022,2023
11331761,2,1,2021,2021
11364114,2,2,2020,2025
11370403,2,1,2024,2024
11387604,2,2,2021,2022
11395167,2,2,2024,2025
11399558,2,2,2024,2025
11410834,2,1,2023,2023
11420272,2,2,2024,2026
11422793,2,2,2021,2024
11427581,2,2,2020,2021
11429797,2,1,2025,2025
11441051,2,1,2024,2024
11467669,2,1,2023,2023
11483736,2,2,2022,2025
11485342,2,1,2023,2023
11513702,2,1,2023,2023
11554104,2,2,2023,2024
11565358,2,2,2023,2024
11567260,2,1,2024,2024
11570423,2,2,2024,2025
11616938,2,2,2023,2025
11630733,2,1,2018,2018
11637705,2,2,2021,2022
11645727,2,1,2022,2022
11647232,2,2,2023,2024
11680491,2,1,2024,2024
11688807,2,2,2023,2025
11696160,2,1,2023,2023
11723513,2,1,2023,2023
11744306,2,1,2024,2024
11783903,2,1,2023,2023
11788574,2,1,2024,2024
11791102,2,1,2022,2022
11819316,2,2,2023,2024
11819520,2,2,2024,2025
11832921,2,1,2022,2022
11833863,2,2,2022,2023
11835011,2,2,2023,2025
11844952,2,1,2022,2022
11873273,2,2,2023,2024
11891045,2,1,2021,2021
11892257,2,1,2023,2023
11895487,2,2,2022,2025
11898500,2,2,2023,2024
11898513,2,2,2023,2024
11902157,2,1,2023,2023
11903588,2,2,2025,2026
11912348,2,2,2023,2024
11916374,2,2,2024,2025
11925136,2,1,2023,2023
11942851,2,1,2024,2024
11959111,2,2,2024,2025
11982989,2,2,2021,2025
11992980,2,2,2023,2024
12001699,2,2,2022,2023
12004975,2,1,2021,2021
12024409,2,1,2022,2022
12031717,2,2,2022,2023
12042293,2,2,2024,2025
12044528,2,2,2024,2025
12050181,2,2,2024,2025
12059800,2,2,2024,2025
12064967,2,1,2024,2024
12069427,2,1,2025,2025
12078671,2,1,2022,2022
12080780,2,2,2023,2024
12089061,2,2,2021,2023
12093050,2,1,2024,2024
12103356,2,2,2021,2022
12109649,2,2,2020,2021
12145899,2,2,2021,2024
12195323,2,2,2022,2023
12226837,2,1,2024,2024
12227723,2,2,2022,2025
12234184,2,1,2025,2025
12239071,2,1,2022,2022
12241610,2,1,2023,2023
12250951,2,2,2023,2024
12264420,2,1,2024,2024
12271401,2,2,2021,2024
12297590,2,1,2025,2025
12303513,2,2,2023,2025
12307131,2,2,2023,2026
12317453,2,1,2025,2025
12321176,2,2,2023,2024
12321951,2,2,2024,2025
12341996,2,1,2025,2025
12356920,2,2,2020,2021
12358490,2,1,2023,2023
12362711,2,2,2022,2025
12366773,2,1,2022,2022
12376451,2,1,2022,2022
12377712,2,1,2025,2025
12399039,2,1,2025,2025
12464093,2,2,2021,2022
12478009,2,1,2023,2023
12496084,2,2,2022,2023
12505332,2,1,2025,2025
12539880,2,1,2023,2023
12544962,2,2,2022,2024
12545575,2,1,2023,2023
12554569,2,2,2021,2022
12554603,2,2,2024,2025
12555681,2,2,2020,2023
12575968,2,2,2021,2023
12576720,2,1,2022,2022
12583652,2,1,2024,2024
12598761,2,1,2022,2022
12650281,2,2,2024,2025
12679250,2,2,2022,2024
12686680,2,2,2022,2024
12688339,2,2,2023,2024
12704593,2,2,2023,2024
12708380,2,1,2024,2024
12720414,2,2,2021,2024
12727809,2,2,2025,2026
12757592,2,1,2025,2025
12787194,2,2,2023,2024
12802083,2,1,2023,2023
12804747,2,1,2023,2023
12817395,2,2,2025,2026
12825564,2,1,2024,2024
12846364,2,2,2021,2022
12863300,2,2,2023,2024
12916142,2,1,2024,2024
12916378,2,2,2021,2025
12916521,2,1,2024,2024
12917009,2,2,2024,2025
12935384,2,1,2023,2023
12953408,2,2,2024,2025
12953755,2,1,2023,2023
12954323,2,2,2020,2021
12973360,2,1,2022,2022
12976392,2,1,2026,2026
12979471,2,2,2023,2024
13002475,2,2,2022,2024
13017290,2,1,2024,2024
13037462,2,2,2022,2023
13038869,2,1,2021,2021
13043227,2,1,2024,2024
13060357,2,2,2022,2023
13124625,2,1,2024,2024
13188001,2,2,2021,2022
13213651,2,1,2024,2024
13217834,2,2,2022,2023
13218114,2,2,2025,2026
13218166,2,2,2021,2023
13218187,2,1,2021,2021
13218287,2,2,2020,2021
13218329,2,1,2023,2023
13241475,2,2,2022,2025
13258848,2,1,2023,2023
13280960,2,1,2024,2024
13284872,2,1,2025,2025
13300485,2,2,2023,2025
13320473,2,1,2025,2025
13329805,2,1,2022,2022
13335103,2,2,2023,2024
13348818,2,2,2024,2025
13354536,2,1,2026,2026
13354753,2,1,2024,2024
13355604,2,1,2021,2021
13361431,2,1,2023,2023
13367413,2,1,2023,2023
13378345,2,1,2025,2025
13400604,2,1,2025,2025
13415770,2,1,2023,2023
13415771,2,2,2024,2025
13416441,2,2,2023,2025
13422386,2,2,2024,2026
13424442,2,1,2024,2024
13446750,2,1,2023,2023
13488817,2,1,2022,2022
13503773,2,1,2024,2024
13524559,2,2,2021,2022
13525176,2,1,2023,2023
13552590,2,1,2025,2025
13552880,2,2,2022,2023
13554457,2,1,2021,2021
13566393,2,1,2025,2025
13580459,2,2,2021,2022
13581032,2,1,2025,2025
13588855,2,2,2021,2024
13636334,2,1,2023,2023
13638639,2,1,2024,2024
13643596,2,1,2025,2025
13650664,2,1,2020,2020
13654353,2,2,2022,2024
13658950,2,1,2025,2025
13687068,2,2,2020,2025
13687580,2,1,2021,2021
13695167,2,2,2021,2024
13721208,2,1,2023,2023
13733547,2,1,2023,2023
13739038,2,1,2023,2023
13741427,2,2,2023,2025
13744076,2,1,2023,2023
13744152,2,1,2022,2022
13780993,2,2,2024,2025
13781548,2,1,2025,2025
13783537,2,1,2023,2023
13806413,2,1,2023,2023
13825533,2,2,2021,2022
13851458,2,2,2024,2026
13875360,2,2,2024,2025
13880359,2,2,2024,2025
13901256,2,1,2024,2024
13908259,2,2,2021,2025
13929801,2,1,2025,2025
13946422,2,2,2023,2025
13963477,2,2,2022,2023
13982136,2,1,2025,2025
14030764,2,1,2025,2025
14128965,2,1,2024,2024
14134650,2,1,2023,2023
14152234,2,2,2021,2025
14156021,2,2,2023,2024
14156707,2,2,2024,2025
14163376,2,1,2024,2024
14178884,2,2,2024,2026
14183398,2,1,2023,2023
14188634,2,1,2022,2022
14196954,2,2,2024,2025
14209682,2,1,2025,2025
14212189,2,2,2023,2025
14212417,2,2,2021,2022
14215995,2,2,2022,2025
14216207,2,2,2023,2024
14217439,2,1,2025,2025
14246547,2,1,2022,2022
14288764,2,1,2024,2024
14312677,2,1,2025,2025
14313718,2,2,2023,2024
14342926,2,1,2024,2024
14351112,2,1,2025,2025
14358731,2,1,2025,2025
14369368,2,2,2023,2025
14374945,2,1,2024,2024
14380357,2,1,2023,2023
14380360,2,1,2022,2022
14394569,2,1,2023,2023
14401805,2,2,2023,2025
14403589,2,1,2024,2024
14404430,2,2,2021,2024
14414202,2,2,2024,2025
14419154,2,1,2021,2021
14419788,2,1,2024,2024
14424264,2,2,2020,2025
14432806,2,1,2023,2023
14439398,2,1,2021,2021
14529942,2,1,2022,2022
14529971,2,2,2022,2023
14539213,2,2,2022,2023
14567425,2,1,2023,2023
14583581,2,1,2022,2022
14583725,2,2,2023,2024
14588263,2,2,2023,2024
14620584,2,1,2025,2025
14620938,2,2,2021,2022
14633958,2,2,2021,2022
14634224,2,2,2022,2023
14641163,2,1,2025,2025
14642851,2,2,2023,2024
14676446,2,2,2021,2025
14678437,2,2,2021,2022
14680673,2,2,2022,2024
14680677,2,1,2023,2023
14709805,2,2,2022,2023
14713468,2,1,2022,2022
14713913,2,1,2025,2025
14715767,2,2,2023,2025
14721570,2,1,2022,2022
14758155,2,1,2024,2024
14770126,2,1,2022,2022
14797240,2,2,2025,2026
14804385,2,2,2023,2024
14807152,2,1,2022,2022
14810535,2,1,2024,2024
14811817,2,1,2023,2023
14824201,2,2,2022,2023
14851666,2,2,2022,2024
14864794,2,2,2020,2021
14872502,2,2,2023,2024
14907598,2,1,2025,2025
14934627,2,1,2023,2023
14948577,2,2,2024,2025
14976210,2,1,2025,2025
15039308,2,2,2022,2023
15044690,2,1,2022,2022
15048082,2,2,2023,2024
15048802,2,2,2021,2023
15065729,2,2,2021,2025
15094369,2,2,2024,2025
15098846,2,2,2024,2025
15102289,2,1,2025,2025
15139835,2,1,2022,2022
15146381,2,1,2024,2024
15149665,2,2,2021,2022
15162744,2,1,2024,2024
15163462,2,2,2023,2026
15166736,2,2,2023,2024
15187097,2,2,2020,2021
15189819,2,2,2025,2026
15204460,2,1,2025,2025
15220727,2,1,2021,2021
15342939,2,1,2024,2024
15357442,2,1,2023,2023
15359010,2,2,2021,2022
15366282,2,1,2022,2022
15368087,2,2,2021,2023
15370000,2,2,2025,2026
15381226,2,1,2023,2023
15401804,2,2,2022,2024
15417820,2,1,2024,2024
15423675,2,1,2024,2024
15435119,2,1,2024,2024
15437461,2,2,2023,2024
15438828,2,2,2020,2022
15505913,2,2,2024,2025
15534857,2,2,2024,2025
15536263,2,2,2024,2025
15538482,2,1,2021,2021
15555021,2,1,2022,2022
15582255,2,1,2023,2023
15588001,2,1,2025,2025
15588881,2,2,2024,2025
15589277,2,2,2024,2025
15601959,2,2,2024,2025
15604972,2,1,2025,2025
15609573,2,2,2022,2023
15624157,2,1,2024,2024
15624520,2,1,2023,2023
15638705,2,1,2022,2022
15687792,2,1,2022,2022
15695401,2,1,2024,2024
15701527,2,2,2023,2024
15704826,2,2,2021,2024
15708230,2,1,2024,2024
15710762,2,1,2023,2023
15716764,2,1,2023,2023
15718660,2,1,2022,2022
15730053,2,1,2022,2022
15736613,2,2,2025,2026
15736692,2,1,2025,2025
15738198,2,2,2023,2025
15738795,2,2,2023,2024
15776380,2,2,2025,2026
15805163,2,1,2023,2023
15806209,2,1,2023,2023
15806707,2,1,2024,2024
15832884,2,1,2024,2024
15842176,2,1,2023,2023
15846430,2,2,2020,2022
15853840,2,2,2025,2026
15872445,2,2,2024,2026
15891600,2,2,2025,2026
15893250,2,2,2021,2023
15903775,2,2,2024,2025
15916644,2,1,2024,2024
15918887,2,1,2026,2026
15959836,2,1,2022,2022
15972265,2,2,2023,2025
15999777,2,2,2024,2025
16014694,2,2,2024,2025
16036427,2,1,2022,2022
16036461,2,2,2022,2023
16041724,2,1,2022,2022
16041818,2,1,2022,2022
16060693,2,1,2022,2022
16062064,2,1,2023,2023
16062511,2,1,2021,2021
16070163,2,1,2025,2025
16101203,2,2,2024,2025
16137013,2,2,2023,2024
16142679,2,1,2020,2020
16149090,2,1,2023,2023
16152390,2,1,2025,2025
16157273,2,2,2022,2025
16159520,2,2,2022,2023
16168794,2,1,2021,2021
16204784,2,1,2024,2024
16211645,2,1,2022,2022
16223953,2,1,2023,2023
16245651,2,2,2023,2025
16245930,2,1,2025,2025
16270389,2,1,2021,2021
16270888,2,1,2024,2024
16277813,2,2,2020,2021
16281202,2,2,2021,2023
16288371,2,2,2024,2025
16293227,2,1,2020,2020
16327648,2,1,2023,2023
16334929,2,2,2022,2023
16345822,2,2,2024,2025
16346028,2,2,2023,2024
16347685,2,1,2025,2025
16372521,2,1,2024,2024
16405481,2,2,2022,2023
16428021,2,2,2023,2024
16443304,2,2,2022,2025
16461148,2,1,2021,2021
16472433,2,2,2024,2025
16493207,2,2,2023,2024
16494330,2,2,2022,2023
16494411,2,2,2022,2023
16497261,2,2,2020,2022
16500938,2,1,2023,2023
16529685,2,1,2021,2021
16556377,2,1,2024,2024
16576274,2,2,2021,2022
16584388,2,1,2025,2025
16588330,2,1,2023,2023
16593894,2,1,2025,2025
16626805,2,1,2023,2023
16642548,2,1,2023,2023
16648320,2,1,2024,2024
16690223,2,1,2021,2021
16690493,2,2,2021,2022
16691607,2,1,2025,2025
16693061,2,2,2023,2025
16711443,2,1,2025,2025
16720962,2,1,2023,2023
16745090,2,2,2024,2026
16784217,2,1,2023,2023
16788961,2,1,2023,2023
16789655,2,2,2023,2025
16821988,2,1,2023,2023
16838431,2,1,2022,2022
16844617,2,2,2024,2025
16849675,2,2,2025,2026
16854990,2,2,2022,2025
16862377,2,2,2024,2025
16896295,2,1,2025,2025
16903092,2,1,2021,2021
16903274,2,1,2021,2021
16937859,2,2,2024,2026
16954432,2,2,2022,2023
16963314,2,2,2021,2023
16966490,2,2,2024,2025
17007331,2,1,2023,2023
17018350,2,2,2023,2025
17026227,2,1,2025,2025
17034998,2,1,2022,2022
17039779,2,2,2024,2025
17048526,2,1,2024,2024
17052465,2,2,2022,2024
17057971,2,2,2023,2025
17064171,2,2,2022,2023
17091939,2,2,2023,2024
17113082,2,1,2022,2022
17113326,2,2,2021,2022
17135403,2,2,2023,2025
17138183,2,2,2022,2023
17144736,2,1,2023,2023
17151916,2,1,2024,2024
17161229,2,2,2022,2023
17186789,2,2,2021,2024
17196118,2,1,2023,2023
17199891,2,1,2024,2024
17221376,2,2,2020,2021
17232809,2,2,2023,2024
17233660,2,1,2022,2022
17260197,2,1,2025,2025
17278873,2,2,2024,2025
17285237,2,1,2023,2023
17292561,2,2,2022,2023
17304391,2,2,2021,2022
17312753,2,2,2024,2025
17312765,2,2,2023,2024
17342381,2,1,2022,2022
17366743,2,1,2025,2025
17373320,2,1,2024,2024
17402551,2,2,2023,2025
17404863,2,1,2025,2025
17416767,2,1,2023,2023
17424994,2,2,2023,2024
17428600,2,2,2021,2022
17446648,2,2,2022,2024
17448343,2,1,2024,2024
17449600,2,2,2024,2025
17449953,2,2,2023,2024
17450749,2,2,2023,2024
17469982,2,1,2023,2023
17475076,2,2,2025,2026
17479025,2,2,2023,2024
17523067,2,2,2025,2026
17539309,2,1,2024,2024
17540586,2,2,2023,2024
17547750,2,1,2024,2024
17551887,2,1,2025,2025
17552723,2,2,2024,2025
17564032,2,1,2025,2025
17564889,2,1,2024,2024
17570306,2,1,2022,2022
17612095,2,1,2024,2024
17671631,2,2,2025,2026
17680287,2,2,2023,2024
17699393,2,1,2025,2025
17711066,2,2,2023,2024
17747460,2,2,2024,2025
17760454,2,1,2023,2023
17761462,2,1,2022,2022
17780238,2,2,2024,2025
17824841,2,2,2020,2021
17880867,2,2,2020,2022
17881474,2,1,2022,2022
17889745,2,1,2025,2025
17897216,2,2,2025,2026
17952232,2,2,2024,2025
17958912,2,1,2023,2023
17964688,2,2,2022,2023
17967513,2,2,2024,2025
17968989,2,2,2021,2022
17976632,2,1,2023,2023
17981174,2,2,2021,2022
18001918,2,2,2024,2025
18006446,2,1,2021,2021
18006714,2,1,2021,2021
18007768,2,2,2023,2025
18040991,2,2,2024,2025
18073362,2,1,2025,2025
18073724,2,1,2023,2023
18172838,2,2,2024,2025
18198161,2,1,2024,2024
18209943,2,2,2024,2025
18210050,2,2,2024,2025
18223654,2,2,2023,2024
18225221,2,1,2024,2024
18275193,2,1,2023,2023
18282022,2,2,2023,2026
18285352,2,1,2021,2021
18285537,2,1,2023,2023
18286330,2,2,2023,2026
18305270,2,2,2023,2024
18316232,2,2,2024,2025
18319849,2,1,2025,2025
18325250,2,1,2025,2025
18325295,2,1,2024,2024
18357459,2,1,2025,2025
18363698,2,2,2023,2024
18379257,2,1,2021,2021
18383885,2,1,2022,2022
18421535,2,1,2021,2021
18447125,2,1,2022,2022
18451761,2,1,2023,2023
18477245,2,2,2021,2022
18481923,2,2,2021,2022
18498659,2,1,2025,2025
18499034,2,1,2023,2023
18504863,2,2,2020,2021
18508068,2,1,2024,2024
18508870,2,1,2023,2023
18524104,2,1,2025,2025
18541074,2,2,2020,2021
18549768,2,1,2023,2023
18596340,2,1,2025,2025
18597483,2,1,2024,2024
18600622,2,1,2022,2022
18613719,2,2,2024,2025
18625619,2,2,2024,2025
18633982,2,2,2022,2023
18636766,2,2,2021,2022
18642207,2,1,2024,2024
18648043,2,1,2022,2022
18671859,2,1,2023,2023
18695660,2,1,2021,2021
18705366,2,1,2025,2025
18707460,2,1,2023,2023
18715219,2,2,2022,2024
18783127,2,1,2023,2023
18785422,2,2,2023,2024
18795241,2,2,2024,2025
18807695,2,2,2022,2023
18809518,2,2,2024,2025
18817670,2,1,2023,2023
18829712,2,2,2024,2025
18860696,2,2,2023,2024
18873492,2,1,2023,2023
18889484,2,1,2022,2022
18906674,2,1,2025,2025
18907756,2,1,2023,2023
18934589,2,1,2023,2023
18934615,2,1,2025,2025
18935132,2,1,2024,2024
18942291,2,1,2025,2025
18962220,2,1,2021,2021
18982244,2,1,2023,2023
18983088,2,2,2021,2022
18983102,2,2,2024,2025
19019568,2,2,2022,2023
19024156,2,2,2021,2025
19030237,2,1,2023,2023
19030719,2,1,2023,2023
19032100,2,1,2022,2022
19050013,2,2,2024,2025
19078105,2,2,2021,2024
19079657,2,1,2025,2025
19103974,2,2,2023,2025
19104352,2,1,2023,2023
19113728,2,2,2024,2025
19113737,2,2,2023,2024
19121209,2,1,2024,2024
19143683,2,1,2024,2024
19187962,2,2,2025,2026
19203332,2,1,2024,2024
19204237,2,1,2024,2024
19223590,2,1,2025,2025
19228333,2,2,2022,2023
19300699,2,2,2021,2023
19310683,2,1,2025,2025
19313589,2,2,2022,2026
19323757,2,2,2022,2024
19325174,2,1,2024,2024
19326114,2,2,2022,2024
19333072,2,2,2022,2025
19334892,2,1,2025,2025
19337620,2,2,2025,2026
19393148,2,1,2023,2023
19394904,2,2,2021,2025
19396043,2,1,2024,2024
19401071,2,2,2024,2025
19438228,2,1,2025,2025
19454582,2,1,2024,2024
19473871,2,1,2024,2024
19481258,2,2,2021,2022
19482515,2,1,2023,2023
19482520,2,2,2024,2025
19523099,2,1,2022,2022
19546799,2,2,2022,2024
19548340,2,2,2024,2025
19549379,2,1,2023,2023
19550992,2,2,2024,2025
19561264,2,2,2023,2025
19571777,2,2,2025,2026
19596140,2,1,2022,2022
19607336,2,2,2025,2026
19619666,2,2,2023,2024
19619670,2,2,2021,2022
19620673,2,1,2022,2022
19639006,2,1,2022,2022
19659415,2,1,2024,2024
19672015,2,2,2022,2023
19672282,2,2,2023,2025
19675646,2,1,2021,2021
19705466,2,1,2025,2025
19715913,2,1,2020,2020
19730002,2,1,2025,2025
19737127,2,1,2023,2023
19749687,2,1,2025,2025
19760525,2,2,2022,2024
19768189,2,2,2021,2022
19769812,2,1,2024,2024
19792843,2,1,2025,2025
19827555,2,2,2024,2025
19838363,2,2,2022,2023
19860000,2,1,2022,2022
19866386,2,1,2023,2023
19866390,2,2,2023,2024
19891059,2,1,2021,2021
19891705,2,1,2021,2021
19896110,2,1,2022,2022
19900527,2,1,2022,2022
19912330,2,1,2025,2025
19923467,2,1,2023,2023
19924032,2,1,2024,2024
19928246,2,2,2019,2023
19950269,2,1,2024,2024
19976322,2,1,2024,2024
20032574,2,1,2024,2024
20071556,2,2,2023,2024
20082147,2,2,2023,2024
20095035,2,1,2026,2026
20107782,2,2,2024,2025
20127856,2,2,2023,2024
20135837,2,2,2021,2024
20147825,2,2,2021,2025
20168091,2,2,2022,2023
20169573,2,1,2021,2021
20175472,2,2,2022,2023
20226537,2,2,2025,2026
20245930,2,1,2025,2025
20288091,2,2,2022,2025
20288153,2,1,2024,2024
20290011,2,2,2023,2024
20294091,2,1,2021,2021
20314978,2,2,2022,2024
20362459,2,1,2022,2022
20383402,2,2,2023,2024
20391447,2,1,2026,2026
20396408,2,1,2025,2025
20400159,2,2,2024,2025
20401368,2,2,2022,2023
20409616,2,2,2021,2024
20416706,2,1,2021,2021
20422779,2,1,2021,2021
20425636,2,2,2024,2025
20426228,2,2,2022,2023
20438589,2,1,2025,2025
20446796,2,1,2021,2021
20454940,2,1,2024,2024
20463361,2,2,2020,2021
20463444,2,2,2024,2025
20480837,2,2,2021,2025
20493001,2,1,2022,2022
20493005,2,2,2021,2025
20506114,2,2,2023,2024
20525546,2,1,2025,2025
20525711,2,1,2025,2025
20555862,2,1,2023,2023
20559443,2,2,2024,2025
20563165,2,2,2021,2022
20571321,2,2,2023,2025
20571516,2,1,2021,2021
20571576,2,2,2022,2023
20571582,2,1,2022,2022
20635712,2,1,2023,2023
20655394,2,2,2023,2025
20656475,2,2,2021,2024
20666339,2,2,2024,2025
20684812,2,1,2025,2025
20736880,2,1,2024,2024
20922531,2,1,2021,2021
20923103,2,1,2021,2021
20930233,2,1,2022,2022
20931608,2,2,2023,2024
20931620,2,1,2025,2025
20945510,2,1,2023,2023
20996724,2,1,2024,2024
21000421,2,1,2025,2025
21024968,2,1,2025,2025
21033270,2,2,2023,2025
21036014,2,2,2025,2026
21040316,2,2,2020,2021
21053112,2,1,2022,2022
21067840,2,1,2022,2022
21094927,2,2,2021,2023
21101072,2,1,2024,2024
21109926,2,2,2023,2024
21147984,2,1,2022,2022
21151548,2,1,2025,2025
21157689,2,2,2022,2023
21162409,2,2,2023,2024
21192367,2,1,2022,2022
21241168,2,1,2023,2023
21266634,2,1,2023,2023
21326760,2,1,2023,2023
21329616,2,2,2023,2025
21332888,2,1,2023,2023
21335517,2,1,2024,2024
21356907,2,2,2024,2025
21357042,2,2,2022,2025
21415448,2,1,2022,2022
21435824,2,1,2024,2024
21436170,2,1,2025,2025
21460718,2,1,2023,2023
21518705,2,2,2023,2025
21544790,2,2,2025,2026
21573333,2,1,2022,2022
21624557,2,1,2022,2022
21630079,2,1,2023,2023
21693927,2,2,2024,2026
21718391,2,1,2024,2024
21758348,2,2,2022,2024
21760706,2,1,2023,2023
21774981,2,1,2024,2024
21782740,2,1,2025,2025
21789053,2,2,2022,2024
21806866,2,1,2022,2022
21822326,2,1,2023,2023
21886791,2,1,2025,2025
21894707,2,1,2023,2023
21916137,2,2,2024,2026
21925336,2,1,2023,2023
21933206,2,1,2024,2024
21941827,2,2,2020,2021
21951025,2,2,2023,2024
21976028,2,1,2024,2024
21998927,2,1,2023,2023
21999032,2,2,2024,2025
21999850,2,2,2025,2026
22023360,2,1,2023,2023
22048092,2,2,2023,2024
22055117,2,1,2022,2022
22066539,2,2,2023,2025
22104088,2,2,2024,2026
22111142,2,1,2025,2025
22142008,2,1,2025,2025
22142476,2,1,2022,2022
22142878,2,2,2021,2025
22142879,2,2,2024,2025
22143867,2,1,2025,2025
22144065,2,1,2026,2026
22151068,2,2,2023,2026
22151667,2,1,2024,2024
22151859,2,1,2022,2022
22153292,2,1,2025,2025
22155325,2,1,2021,2021
22157463,2,1,2026,2026
22158786,2,1,2026,2026
22159285,2,1,2025,2025
22160456,2,1,2024,2024
22160797,2,1,2025,2025
22161486,2,1,2024,2024
22166138,2,2,2025,2026
22171182,2,2,2024,2025
22173587,2,1,2022,2022
22175635,2,1,2025,2025
22189180,2,2,2025,2026
22191153,2,2,2024,2025
22198756,2,1,2021,2021
22201871,2,2,2021,2024
22204897,2,2,2024,2025
22205772,2,1,2024,2024
22207217,2,1,2026,2026
22208323,2,1,2023,2023
22208583,2,1,2025,2025
22209039,2,1,2025,2025
22209867,2,1,2024,2024
22228989,2,1,2022,2022
22229824,2,2,2023,2025
22232189,2,2,2022,2023
22234356,2,1,2025,2025
22234765,2,2,2022,2023
22239668,2,1,2023,2023
22242504,2,2,2025,2026
22244870,2,1,2024,2024
22255734,2,1,2022,2022
22257891,2,1,2024,2024
22264626,2,1,2025,2025
22270495,2,1,2023,2023
22270642,2,1,2023,2023
22284415,2,1,2023,2023
22287699,2,1,2020,2020
22287702,2,2,2024,2025
22311317,2,1,2023,2023
22352860,2,1,2023,2023
22373437,2,1,2024,2024
22376885,2,1,2025,2025
22383002,2,1,2022,2022
22428702,2,1,2022,2022
22432879,2,1,2024,2024
22443984,2,1,2023,2023
22466914,2,1,2025,2025
22494883,2,2,2023,2025
22591481,2,1,2023,2023
22598867,2,2,2023,2025
22613605,2,1,2022,2022
22640702,2,1,2022,2022
22693147,2,1,2026,2026
22727985,2,1,2023,2023
22765374,2,2,2025,2026
22766162,2,1,2025,2025
22813933,2,2,2023,2025
22835056,2,1,2023,2023
22840391,2,1,2025,2025
22841613,2,1,2023,2023
22850860,2,1,2023,2023
22861355,2,1,2024,2024
22869615,2,1,2024,2024
22874675,2,1,2023,2023
22887161,2,1,2025,2025
22938624,2,1,2024,2024
22951018,2,1,2023,2023
22964505,2,1,2024,2024
22981128,2,1,2023,2023
22998558,2,1,2025,2025
23001255,2,2,2023,2024
23008499,2,1,2023,2023
23013200,2,1,2024,2024
23029978,2,2,2024,2025
23041065,2,2,2023,2024
23052559,2,1,2025,2025
23063013,2,1,2024,2024
23081007,2,1,2025,2025
23120435,2,1,2024,2024
23121744,2,2,2025,2026
23183268,2,1,2023,2023
23188772,2,2,2022,2023
23195364,2,1,2025,2025
23199063,2,1,2021,2021
23208800,2,2,2024,2025
23240183,2,1,2023,2023
23262423,2,2,2022,2023
23278123,2,1,2023,2023
23288663,2,1,2025,2025
23292026,2,2,2024,2025
23302428,2,1,2022,2022
23305392,2,2,2022,2025
23310179,2,1,2022,2022
23340995,2,1,2024,2024
23357747,2,1,2023,2023
23360784,2,2,2024,2026
23455051,2,1,2025,2025
23463072,2,1,2021,2021
23468100,2,1,2021,2021
23469439,2,1,2026,2026
23474166,2,1,2024,2024
23484115,2,1,2023,2023
23489569,2,2,2024,2025
23516115,2,1,2021,2021
23551168,2,1,2024,2024
23582005,2,1,2022,2022
23639194,2,2,2025,2026
23640329,2,2,2020,2022
23648521,2,1,2024,2024
23659549,2,2,2024,2025
23668832,2,1,2024,2024
23674782,2,1,2023,2023
23689016,2,2,2022,2024
23721350,2,2,2024,2025
23730916,2,1,2023,2023
23773979,2,1,2025,2025
23794095,2,1,2023,2023
23799163,2,1,2024,2024
23807665,2,2,2020,2021
23823514,2,2,2023,2024
23845399,2,1,2024,2024
23860339,2,1,2025,2025
23866641,2,1,2023,2023
23878266,2,1,2023,2023
23894250,2,2,2022,2025
23923338,2,2,2024,2025
23935406,2,1,2024,2024
23941881,2,2,2023,2024
23947646,2,2,2024,2025
23953271,2,2,2024,2025
23956761,2,2,2023,2024
24006862,2,2,2022,2024
24055807,2,1,2021,2021
24068255,2,2,2021,2025
24079487,2,2,2023,2025
24086186,2,1,2023,2023
24091851,2,2,2020,2023
24127973,2,1,2024,2024
24144329,2,2,2023,2025
24151435,2,2,2023,2024
24164660,2,1,2025,2025
24171585,2,2,2023,2024
24171689,2,1,2025,2025
24172868,2,2,2023,2024
24179835,2,1,2025,2025
24215683,2,2,2022,2023
24230242,2,1,2023,2023
24234907,2,2,2023,2025
24256786,2,2,2023,2025
24322036,2,2,2022,2023
24356178,2,1,2023,2023
24368970,2,1,2026,2026
24369721,2,1,2021,2021
24400683,2,2,2024,2025
24408108,2,2,2022,2023
24414718,2,1,2026,2026
24434857,2,1,2022,2022
24439560,2,1,2021,2021
24466714,2,1,2023,2023
24488106,2,2,2025,2026
24491875,2,2,2023,2026
24502906,2,1,2022,2022
24509203,2,1,2024,2024
24516642,2,1,2024,2024
24516872,2,1,2022,2022
24522581,2,2,2024,2025
24526103,2,1,2021,2021
24538143,2,1,2021,2021
24538942,2,2,2021,2026
24546136,2,1,2023,2023
24554546,2,2,2024,2025
24555902,2,2,2022,2025
24558993,2,1,2023,2023
24559186,2,1,2025,2025
24576342,2,1,2024,2024
24577935,2,1,2023,2023
24602654,2,1,2022,2022
24627507,2,2,2022,2023
24629681,2,2,2024,2025
24634690,2,1,2023,2023
24669875,2,2,2024,2025
24726601,2,1,2025,2025
24735455,2,1,2025,2025
24737555,2,1,2023,2023
24759600,2,2,2024,2025
24768314,2,2,2023,2025
24778023,2,1,2023,2023
24793248,2,1,2024,2024
24807194,2,1,2025,2025
24822834,2,2,2021,2022
24880771,2,1,2023,2023
24882907,2,1,2022,2022
24896833,2,1,2023,2023
24898539,2,2,2023,2024
24899751,2,1,2023,2023
24900169,2,1,2023,2023
24900220,2,1,2022,2022
24907837,2,2,2024,2025
24907898,2,2,2024,2025
24917857,2,1,2023,2023
24947524,2,1,2024,2024
24955260,2,1,2024,2024
24982983,2,2,2024,2025
25017264,2,2,2021,2022
25017270,2,2,2023,2024
25020673,2,2,2023,2025
25172227,2,1,2025,2025
25179503,2,2,2022,2023
25705246,2,1,2024,2024
25706756,2,1,2024,2024
25707144,2,2,2023,2024
26175227,2,2,2023,2024
26419554,2,1,2023,2023
26419931,2,1,2025,2025
26425166,2,1,2023,2023
26432987,2,2,2024,2025
26440989,2,1,2024,2024
26452730,2,2,2021,2022
26458174,2,1,2023,2023
26462684,2,1,2023,2023
26475735,2,1,2024,2024
26477732,2,1,2025,2025
26479763,2,1,2025,2025
26482512,2,1,2022,2022
26486846,2,1,2025,2025
26487095,2,1,2021,2021
26499011,2,1,2023,2023
26511573,2,2,2022,2024
26523047,2,2,2024,2025
26538759,2,1,2023,2023
26538760,2,1,2023,2023
26547280,2,1,2024,2024
26573600,2,1,2023,2023
26587120,2,1,2025,2025
26588566,2,1,2022,2022
26590485,2,1,2023,2023
26606791,2,1,2021,2021
26615635,2,2,2023,2025
26623554,2,1,2024,2024
26623775,2,1,2022,2022
26635297,2,2,2021,2023
26637734,2,1,2023,2023
26650075,2,2,2023,2024
26657396,2,1,2024,2024
26669426,2,2,2024,2025
26669859,2,2,2022,2024
26670675,2,2,2023,2024
26671577,2,1,2024,2024
26671722,2,1,2024,2024
26673789,2,1,2023,2023
26674848,2,2,2022,2024
26701467,2,1,2025,2025
26703164,2,2,2024,2025
26706089,2,2,2024,2025
26710434,2,2,2024,2025
26730428,2,2,2023,2024
26730978,2,1,2024,2024
26734323,2,1,2024,2024
26750893,2,1,2024,2024
26752128,2,2,2023,2024
26764080,2,1,2026,2026
26778686,2,1,2022,2022
26781308,2,2,2022,2024
26782589,2,1,2024,2024
26784620,2,2,2023,2024
26807505,2,1,2025,2025
26827368,2,1,2025,2025
26828018,2,1,2025,2025
26829132,2,1,2025,2025
26855397,2,1,2022,2022
26858828,2,2,2023,2025
26884903,2,1,2025,2025
26893545,2,1,2025,2025
26896199,2,1,2025,2025
26915530,2,2,2023,2024
26916787,2,1,2025,2025
26918698,2,2,2022,2025
26922137,2,1,2025,2025
26939639,2,2,2025,2026
26961198,2,2,2022,2025
26969482,2,2,2022,2024
26972428,2,1,2024,2024
26982540,2,1,2025,2025
26989016,2,2,2025,2026
26990541,2,2,2023,2026
27698788,2,1,2023,2023
27701774,2,1,2023,2023
27705726,2,1,2025,2025
27740860,2,2,2020,2025
27742724,2,2,2022,2023
27751273,2,1,2024,2024
27751312,2,1,2025,2025
27763230,2,2,2023,2025
27765387,2,1,2023,2023
27780466,2,1,2025,2025
27785150,2,1,2024,2024
27792399,2,2,2023,2024
27805130,2,2,2023,2025
27871087,2,1,2023,2023
27877120,2,2,2024,2025
27907632,2,1,2024,2024
30132536,2,1,2024,2024
35485181,2,1,2023,2023
35485332,2,1,2024,2024
35488698,2,2,2024,2025
35490771,2,1,2025,2025
35490794,2,2,2023,2025
35498306,2,2,2021,2022
35501994,2,2,2023,2024
35520641,2,2,2024,2025
40103455,2,1,2025,2025
40843527,2,2,2024,2025
40848452,2,2,2024,2025
40865209,2,1,2025,2025
40865919,2,2,2022,2024
40866773,2,1,2024,2024
40868816,2,2,2024,2025
42356067,2,2,2025,2026
47684731,2,2,2025,2026
47685255,2,2,2025,2026
47685895,2,1,2024,2024
48485738,2,1,2021,2021
48488574,2,2,2023,2025
48489594,2,1,2025,2025
48503560,2,1,2025,2025
48513591,2,1,2025,2025
48518020,2,1,2023,2023
48519144,2,1,2025,2025
49735929,2,2,2023,2025
49744209,2,1,2023,2023
49746643,2,1,2024,2024
49748392,2,1,2025,2025
49753274,2,1,2024,2024
49760192,2,1,2024,2024
49762916,2,2,2023,2025
49765687,2,1,2023,2023
49766294,2,2,2024,2025
49773344,2,1,2025,2025
49776720,2,1,2024,2024
49783948,2,1,2024,2024
49785775,2,1,2024,2024
49793734,2,1,2024,2024
49799328,2,1,2023,2023
51765008,2,2,2022,2023
53730444,2,1,2025,2025
53739882,2,1,2023,2023
53741300,2,1,2023,2023
67104106,2,2,2023,2025
67108845,2,1,2023,2023
67110102,2,1,2024,2024
81388935,2,2,2024,2025
81390318,2,1,2023,2023
81395558,2,2,2023,2024
81401692,2,2,2023,2024
81402229,2,1,2025,2025
81417496,2,1,2023,2023
81422051,2,1,2022,2022
90528135,2,1,2024,2024
90530410,2,1,2023,2023
90532679,2,1,2021,2021
90536649,2,2,2023,2024
90543073,2,1,2024,2024
90550211,2,2,2023,2024
90555340,2,1,2024,2024
90565094,2,1,2025,2025
90565530,2,1,2024,2024
90571568,2,2,2022,2025
91673329,2,1,2024,2024
92765536,2,1,2023,2023
92767249,2,1,2021,2021
92768115,2,1,2022,2022
92769072,2,1,2026,2026
92773630,2,1,2025,2025
92773665,2,2,2023,2024
92773668,2,1,2025,2025
92774948,2,1,2024,2024
92775610,2,2,2021,2025
92779683,2,1,2021,2021
92784008,2,1,2026,2026
92787173,2,1,2024,2024
92789115,2,1,2024,2024
92790556,2,1,2023,2023
92800849,2,1,2023,2023
92807752,2,1,2023,2023
92809311,2,2,2025,2026
92811264,2,1,2025,2025
92811645,2,2,2021,2022
92819661,2,1,2023,2023
92820644,2,1,2024,2024
92827414,2,2,2024,2025
92831963,2,1,2025,2025
92841530,2,2,2024,2025
92844468,2,1,2025,2025
92849130,2,1,2024,2024
92849172,2,2,2021,2023
92849554,2,1,2024,2024
92852392,2,1,2024,2024
92853164,2,1,2025,2025
92861848,2,1,2025,2025
92862535,2,2,2022,2024
92866909,2,1,2026,2026
92867239,2,1,2025,2025
92867240,2,1,2025,2025
92870714,2,1,2022,2022
92871351,2,1,2025,2025
92873987,2,1,2023,2023
92875782,2,2,2024,2025
92876913,2,1,2023,2023
92879908,2,1,2023,2023
92889017,2,1,2025,2025
92904259,2,1,2025,2025
92907072,2,1,2025,2025
92912724,2,2,2023,2024
92915552,2,1,2025,2025
92916362,2,1,2023,2023
92924548,2,1,2025,2025
92934129,2,1,2022,2022
92935643,2,1,2024,2024
92936939,2,2,2023,2024
92937023,2,1,2023,2023
92942729,2,2,2023,2024
92945962,2,1,2024,2024
92946957,2,1,2021,2021
92949004,2,1,2024,2024
92963057,2,1,2025,2025
92977599,2,1,2025,2025
92988015,2,1,2026,2026
92998663,2,2,2024,2025
92999302,2,1,2024,2024
93008831,2,2,2024,2025
93011871,2,1,2024,2024
93012930,2,2,2022,2025
93015158,2,2,2023,2024
93022149,2,2,2021,2022
93027814,2,2,2023,2024
93038790,2,1,2025,2025
93050505,2,1,2021,2021
93056182,2,1,2023,2023
93062857,2,2,2021,2022
93063270,2,2,2021,2024
93066870,2,2,2025,2026
93068841,2,1,2023,2023
93070825,2,1,2024,2024
93071651,2,2,2022,2024
93091088,2,1,2025,2025
93096478,2,1,2023,2023
93097077,2,1,2024,2024
93100097,2,1,2023,2023
93101402,2,1,2026,2026
93111774,2,1,2025,2025
93112407,2,1,2022,2022
93114051,2,2,2021,2022
93123023,2,2,2022,2023
93124909,2,2,2023,2026
93125877,2,1,2025,2025
93126351,2,2,2023,2024
93129184,2,1,2023,2023
93129435,2,2,2023,2026
93130313,2,1,2024,2024
93131630,2,2,2023,2024
93134765,2,1,2025,2025
93141207,2,2,2023,2025
93143547,2,1,2025,2025
93150744,2,1,2023,2023
93153639,2,2,2023,2025
93157155,2,1,2025,2025
93160216,2,2,2021,2023
93160447,2,1,2025,2025
93162182,2,1,2025,2025
93172278,2,2,2023,2025
93173586,2,2,2024,2025
93182317,2,1,2023,2023
93190720,2,1,2022,2022
93204041,2,1,2026,2026
93210530,2,2,2020,2021
93216188,2,1,2025,2025
93231099,2,1,2022,2022
93233482,2,2,2025,2026
93243203,2,2,2023,2024
93248491,2,1,2021,2021
93249093,2,1,2024,2024
93254966,2,2,2023,2024
93254970,2,1,2020,2020
93261166,2,1,2023,2023
93262937,2,2,2024,2025
93263340,2,1,2025,2025
93268661,2,1,2024,2024
93272965,2,1,2025,2025
93273128,2,2,2023,2026
93274469,2,1,2024,2024
93279192,2,1,2023,2023
93279264,2,2,2023,2024
93281296,2,1,2023,2023
93282123,2,1,2025,2025
93284650,2,1,2024,2024
93285107,2,1,2025,2025
93286737,2,1,2022,2022
93287340,2,2,2021,2023
93294246,2,1,2025,2025
93298981,2,2,2023,2025
93309265,2,1,2021,2021
93313987,2,2,2022,2023
93321717,2,2,2023,2024
93322182,2,2,2024,2025
93327057,2,2,2023,2024
93327201,2,2,2025,2026
93327924,2,1,2024,2024
93328728,2,2,2024,2025
93331107,2,1,2025,2025
93335223,2,1,2024,2024
93335275,2,2,2024,2025
93346803,2,1,2024,2024
93346964,2,1,2025,2025
93347283,2,1,2023,2023
93349621,2,1,2025,2025
93352135,2,1,2025,2025
93356288,2,1,2024,2024
93356651,2,1,2026,2026
93360374,2,2,2023,2025
93361353,2,1,2022,2022
93364222,2,2,2023,2025
93367472,2,2,2024,2025
93368398,2,2,2023,2025
93368619,2,2,2025,2026
93368646,2,1,2024,2024
93370256,2,2,2024,2025
93374199,2,1,2025,2025
93378419,2,1,2025,2025
93382754,2,2,2024,2025
93396968,2,1,2024,2024
93400795,2,1,2024,2024
93401708,2,1,2024,2024
93411258,2,2,2024,2025
93411686,2,1,2025,2025
93411991,2,1,2023,2023
93412746,2,1,2025,2025
93416265,2,1,2022,2022
93422293,2,2,2025,2026
93423777,2,2,2023,2025
93427229,2,2,2023,2025
93427321,2,2,2025,2026
93430137,2,2,2024,2025
93432258,2,2,2020,2022
93433883,2,1,2023,2023
93435631,2,1,2024,2024
93449374,2,2,2022,2023
93453177,2,1,2024,2024
93465195,2,2,2024,2025
93466314,2,2,2023,2025
93468284,2,1,2023,2023
93469565,2,2,2023,2026
93473547,2,1,2024,2024
93484598,2,2,2024,2025
93487498,2,2,2020,2023
93491047,2,1,2023,2023
93499381,2,1,2025,2025
93500235,2,1,2022,2022
93502165,2,2,2023,2024
93513422,2,1,2025,2025
93520606,2,2,2024,2025
93520760,2,1,2024,2024
93524821,2,1,2023,2023
93524876,2,1,2025,2025
93532183,2,1,2024,2024
93534590,2,1,2022,2022
93537413,2,1,2025,2025
93540923,2,1,2024,2024
93542170,2,2,2023,2025
93546254,2,2,2025,2026
93547968,2,2,2024,2025
93555998,2,2,2023,2024
93586202,2,2,2022,2025
93590073,2,1,2023,2023
93603840,2,1,2024,2024
93604349,2,1,2025,2025
93606499,2,2,2021,2026
93647604,2,2,2022,2025
93673212,2,1,2026,2026
93674200,2,2,2022,2024
93675775,2,1,2022,2022
93686882,2,1,2024,2024
93709797,2,1,2022,2022
93713302,2,1,2021,2021
93717964,2,2,2024,2025
93720082,2,2,2025,2026
93724107,2,1,2024,2024
93728439,2,2,2024,2025
93732812,2,1,2026,2026
93733742,2,1,2023,2023
93739409,2,2,2024,2025
93762209,2,1,2024,2024
93776636,2,1,2025,2025
93789721,2,2,2022,2023
93792634,2,1,2021,2021
93792926,2,1,2022,2022
93798409,2,2,2020,2022
93798863,2,1,2024,2024
93799824,2,1,2023,2023
93813420,2,1,2022,2022
93832841,2,2,2022,2023
93852763,2,1,2025,2025
93859059,2,2,2024,2025
93894641,2,1,2025,2025
93896880,2,2,2023,2024
93901332,2,1,2023,2023
93912911,2,2,2024,2025
93915911,2,2,2025,2026
93929316,2,1,2024,2024
93937583,2,1,2023,2023
93950733,2,1,2023,2023
93959495,2,2,2023,2024
93965403,2,1,2024,2024
93970740,2,2,2023,2024
93974824,2,1,2023,2023
93978757,2,2,2020,2022
94002416,2,1,2025,2025
94010227,2,2,2025,2026
94019642,2,1,2024,2024
94023764,2,1,2023,2023
94034608,2,2,2023,2024
94038578,2,2,2024,2025
94041944,2,2,2023,2025
94043552,2,1,2023,2023
94049608,2,2,2023,2025
94062823,2,2,2023,2024
94067952,2,1,2024,2024
94070949,2,1,2025,2025
94091187,2,2,2023,2024
94097912,2,2,2023,2025
94110357,2,2,2023,2025
94115223,2,2,2023,2024
94121092,2,1,2023,2023
94125024,2,1,2023,2023
94130118,2,1,2023,2023
94131817,2,2,2023,2025
94135351,2,2,2023,2024
94142941,2,1,2025,2025
94146026,2,1,2024,2024
94151065,2,2,2023,2025
94160124,2,2,2023,2025
94161127,2,2,2024,2026
94191008,2,2,2023,2024
94230672,2,2,2024,2025
94232879,2,2,2023,2024
94236559,2,1,2025,2025
94243678,2,1,2023,2023
94265665,2,1,2023,2023
94296284,2,1,2023,2023
94298422,2,1,2025,2025
94316323,2,1,2025,2025
94316872,2,1,2023,2023
94326615,2,2,2024,2025
94331292,2,2,2023,2024
94347947,2,1,2023,2023
94352195,2,2,2022,2024
94357486,2,1,2023,2023
94362000,2,1,2024,2024
94365933,2,2,2023,2024
94381804,2,2,2023,2024
94384424,2,1,2023,2023
94399550,2,1,2024,2024
94399689,2,1,2024,2024
94406173,2,2,2023,2024
94411509,2,1,2024,2024
94418034,2,1,2023,2023
94422658,2,1,2025,2025
94431559,2,2,2024,2025
94434381,2,2,2023,2024
94445588,2,1,2024,2024
94447427,2,1,2024,2024
94451335,2,2,2025,2026
94460165,2,2,2024,2025
94467180,2,1,2025,2025
94482407,2,1,2023,2023
94488524,2,2,2024,2025
94495138,2,2,2023,2024
94498970,2,2,2023,2024
94526835,2,1,2025,2025
94537557,2,1,2024,2024
94541948,2,1,2023,2023
94551599,2,2,2023,2024
94553520,2,1,2024,2024
94554947,2,2,2023,2024
94558977,2,2,2024,2025
94590325,2,2,2022,2024
94593118,2,1,2025,2025
94598319,2,1,2021,2021
94602203,2,2,2023,2024
94641843,2,2,2023,2024
94642881,2,2,2023,2024
94651912,2,1,2023,2023
94656360,2,2,2023,2024
94660409,2,2,2023,2026
94663829,2,1,2025,2025
94670608,2,2,2023,2024
94670678,2,2,2024,2025
94673708,2,1,2023,2023
94680299,2,2,2023,2024
94690341,2,1,2024,2024
94717777,2,1,2023,2023
94726371,2,2,2023,2025
94729758,2,1,2024,2024
94739598,2,1,2024,2024
94747261,2,2,2024,2025
94753000,2,2,2024,2025
94766058,2,1,2025,2025
94776089,2,1,2024,2024
94839221,2,1,2023,2023
94854249,2,1,2023,2023
94860258,2,2,2022,2025
94865986,2,1,2023,2023
94887532,2,2,2023,2025
94889131,2,1,2024,2024
94890137,2,1,2025,2025
94896317,2,2,2024,2025
94917728,2,2,2023,2024
94944369,2,1,2023,2023
94956137,2,1,2023,2023
94968205,2,2,2024,2025
94972949,2,2,2023,2025
94975026,2,2,2023,2024
94990079,2,2,2025,2026
95001279,2,2,2022,2024
95017859,2,1,2023,2023
95023183,2,2,2024,2025
95023386,2,1,2023,2023
95031469,2,2,2023,2024
95040469,2,1,2024,2024
95049237,2,1,2023,2023
95082698,2,1,2023,2023
95090228,2,1,2024,2024
95092143,2,1,2024,2024
95136942,2,1,2024,2024
95142176,2,1,2024,2024
95146420,2,2,2023,2025
95156101,2,1,2025,2025
95161181,2,1,2024,2024
95163084,2,1,2022,2022
95172002,2,1,2023,2023
95184123,2,2,2023,2024
95184142,2,1,2023,2023
95186504,2,1,2025,2025
95186947,2,1,2024,2024
95196930,2,1,2024,2024
95200829,2,2,2023,2024
95204515,2,2,2023,2024
95220877,2,1,2023,2023
95224531,2,2,2024,2025
95230527,2,2,2023,2024
95231125,2,2,2024,2025
95231263,2,1,2024,2024
95248288,2,2,2023,2024
95254390,2,1,2025,2025
95257650,2,1,2024,2024
95260094,2,1,2024,2024
95260138,2,1,2023,2023
95263394,2,1,2023,2023
95273203,2,1,2023,2023
95286444,2,2,2022,2024
95291481,2,2,2023,2024
95296995,2,2,2023,2024
95304898,2,2,2022,2023
95305940,2,1,2023,2023
95311473,2,2,2023,2024
95325738,2,1,2023,2023
95337319,2,2,2025,2026
95340016,2,1,2025,2025
95341285,2,1,2025,2025
95342611,2,1,2024,2024
95343171,2,1,2024,2024
95361287,2,1,2023,2023
95361925,2,1,2025,2025
95370591,2,1,2024,2024
95373781,2,1,2025,2025
95379087,2,2,2023,2024
95380903,2,1,2024,2024
95395243,2,1,2024,2024
95404975,2,1,2024,2024
95422789,2,2,2024,2026
95434519,2,1,2025,2025
95441919,2,1,2025,2025
95453033,2,2,2023,2024
95473738,2,1,2024,2024
95484580,2,2,2024,2025
95488613,2,1,2025,2025
95499121,2,2,2023,2025
95499734,2,1,2023,2023
95510908,2,1,2024,2024
95521138,2,2,2024,2025
95525692,2,1,2024,2024
95531520,2,2,2023,2024
95534071,2,1,2024,2024
95548097,2,1,2024,2024
95562859,2,1,2024,2024
95568117,2,1,2023,2023
95572674,2,2,2024,2025
95581143,2,2,2024,2025
95598796,2,1,2024,2024
95600597,2,2,2024,2025
95610552,2,1,2024,2024
95611882,2,1,2024,2024
95616295,2,2,2023,2025
95640762,2,2,2024,2025
95641613,2,1,2023,2023
95644334,2,1,2025,2025
95645021,2,1,2023,2023
95647188,2,2,2024,2025
95654606,2,2,2023,2025
95656822,2,1,2024,2024
95666991,2,2,2022,2025
95667197,2,2,2021,2022
95678872,2,1,2023,2023
95687120,2,2,2024,2025
95694262,2,2,2023,2024
95719154,2,1,2024,2024
95726293,2,2,2023,2024
95727837,2,1,2024,2024
95734824,2,1,2025,2025
95737538,2,1,2024,2024
95746490,2,1,2024,2024
95756823,2,1,2024,2024
95757829,2,1,2025,2025
95773855,2,2,2023,2025
95776255,2,1,2025,2025
95782864,2,2,2024,2025
95799519,2,1,2025,2025
95805334,2,2,2024,2025
95805825,2,1,2024,2024
95805848,2,1,2025,2025
95808010,2,1,2024,2024
95813702,2,2,2023,2025
95815917,2,2,2024,2025
95818971,2,1,2024,2024
95847383,2,1,2024,2024
95852828,2,1,2025,2025
95852873,2,1,2023,2023
95854986,2,2,2023,2024
95860335,2,2,2022,2023
95875213,2,2,2023,2025
95883508,2,1,2024,2024
95887135,2,2,2023,2026
95892618,2,1,2024,2024
95893780,2,1,2023,2023
95902124,2,1,2025,2025
95926204,2,1,2025,2025
95931553,2,2,2024,2025
95987259,2,2,2023,2024
95988638,2,2,2024,2025
95991447,2,2,2023,2024
95994828,2,1,2023,2023
95995173,2,2,2023,2024
96006238,2,2,2025,2026
96016861,2,1,2024,2024
96032875,2,1,2025,2025
96041475,2,2,2022,2023
96041509,2,2,2023,2024
96050813,2,1,2025,2025
96062764,2,1,2025,2025
96065718,2,1,2025,2025
96071293,2,1,2023,2023
96081511,2,1,2023,2023
96091395,2,1,2024,2024
96104545,2,1,2024,2024
96106075,2,2,2023,2025
96113219,2,1,2025,2025
96135353,2,1,2023,2023
96155340,2,1,2025,2025
96156425,2,1,2025,2025
96157832,2,1,2025,2025
96166993,2,2,2023,2024
96173218,2,2,2024,2025
96175673,2,1,2023,2023
96196403,2,2,2024,2025
96222412,2,2,2021,2023
96222435,2,1,2024,2024
96227810,2,1,2024,2024
96242610,2,1,2021,2021
96249924,2,2,2023,2025
96254888,2,1,2020,2020
96263091,2,2,2024,2025
96264256,2,1,2026,2026
96270909,2,2,2020,2021
96283763,2,1,2025,2025
96286978,2,2,2023,2024
96287019,2,1,2021,2021
96287528,2,1,2023,2023
96287740,2,1,2025,2025
96291303,2,2,2023,2024
96303519,2,1,2024,2024
96306379,2,1,2024,2024
96308432,2,1,2024,2024
96314459,2,1,2024,2024
96327853,2,1,2025,2025
96331457,2,1,2020,2020
96333863,2,2,2024,2025
96345581,2,1,2024,2024
96362741,2,1,2024,2024
96369900,2,2,2023,2024
96395015,2,1,2025,2025
96397458,2,1,2021,2021
96401425,2,2,2024,2025
96417348,2,2,2024,2025
96450358,2,1,2025,2025
96458952,2,2,2024,2025
96470230,2,1,2024,2024
96489090,2,2,2023,2024
96519637,2,1,2024,2024
96537342,2,2,2022,2023
96539849,2,2,2023,2025
96548479,2,1,2024,2024
96552323,2,2,2023,2024
96576070,2,1,2024,2024
96591753,2,1,2024,2024
96600949,2,2,2024,2025
96639841,2,1,2025,2025
96643980,2,1,2025,2025
96651322,2,1,2024,2024
96654494,2,1,2025,2025
96659495,2,1,2025,2025
96661432,2,1,2024,2024
96673602,2,2,2024,2025
96676988,2,1,2024,2024
96678487,2,2,2024,2025
96680525,2,1,2025,2025
96685007,2,2,2024,2026
96692798,2,1,2024,2024
96695116,2,1,2024,2024
96706726,2,2,2024,2025
96712718,2,1,2025,2025
96712719,2,1,2024,2024
96713953,2,2,2023,2024
96717281,2,2,2024,2025
96739233,2,2,2024,2026
96739380,2,1,2024,2024
96739814,2,1,2025,2025
96740531,2,1,2024,2024
96741461,2,2,2025,2026
96743832,2,2,2024,2025
96749652,2,1,2025,2025
96753484,2,1,2024,2024
96754047,2,1,2025,2025
96767650,2,2,2023,2025
96770067,2,1,2024,2024
96790033,2,2,2023,2025
96804605,2,1,2023,2023
96823162,2,1,2024,2024
96824443,2,1,2024,2024
96829777,2,1,2026,2026
96831610,2,1,2025,2025
96847661,2,2,2024,2025
96853587,2,1,2025,2025
96855542,2,1,2024,2024
96857358,2,1,2025,2025
96858921,2,1,2024,2024
96861441,2,1,2024,2024
96862665,2,1,2024,2024
96865155,2,1,2024,2024
96865397,2,2,2024,2026
96865978,2,1,2024,2024
96877201,2,1,2024,2024
96880764,2,1,2025,2025
96885028,2,1,2025,2025
96888720,2,2,2024,2025
96896035,2,2,2023,2025
96896605,2,1,2024,2024
96898407,2,2,2024,2025
96899063,2,2,2023,2024
96899423,2,1,2022,2022
96913153,2,1,2025,2025
96920750,2,1,2025,2025
96944206,2,1,2024,2024
96949091,2,1,2024,2024
96953383,2,2,2024,2025
96954374,2,1,2025,2025
96977119,2,1,2025,2025
96993562,2,2,2024,2025
97005736,2,2,2024,2025
97008900,2,2,2024,2025
97010668,2,1,2024,2024
97019547,2,2,2025,2026
97033063,2,1,2024,2024
97044766,2,1,2024,2024
97047403,2,2,2024,2025
97048327,2,1,2024,2024
97051577,2,1,2025,2025
97052841,2,1,2025,2025
97056137,2,1,2024,2024
97064193,2,1,2023,2023
97064766,2,2,2024,2025
97065091,2,1,2024,2024
97077306,2,2,2025,2026
97090780,2,2,2025,2026
97096663,2,1,2025,2025
97098311,2,2,2024,2025
97125254,2,1,2024,2024
97127803,2,2,2024,2025
97148614,2,1,2026,2026
97151071,2,1,2024,2024
97152644,2,1,2024,2024
97156691,2,2,2024,2025
97171878,2,1,2025,2025
97183554,2,2,2023,2025
97215845,2,1,2025,2025
97217967,2,2,2024,2025
97240087,2,1,2025,2025
97296721,2,1,2023,2023
97307887,2,2,2023,2024
97308374,2,1,2024,2024
97310386,2,2,2024,2025
97318031,2,2,2024,2025
97323188,2,2,2024,2025
97327828,2,1,2023,2023
97331593,2,1,2024,2024
97340990,2,2,2024,2025
97341068,2,1,2024,2024
97366378,2,2,2023,2024
97391854,2,2,2022,2023
97398258,2,2,2024,2025
97398611,2,1,2024,2024
97399969,2,1,2024,2024
97411828,2,1,2024,2024
97412689,2,1,2024,2024
97420334,2,2,2025,2026
97424130,2,1,2025,2025
97425404,2,2,2024,2025
97438273,2,2,2024,2025
97446255,2,1,2025,2025
97449892,2,1,2024,2024
97451674,2,1,2025,2025
97458981,2,1,2024,2024
97459990,2,2,2024,2025
97463580,2,2,2024,2025
97463669,2,1,2024,2024
97492851,2,2,2024,2025
97499205,2,1,2025,2025
97513930,2,2,2024,2025
97529707,2,1,2025,2025
97532207,2,2,2024,2025
97534369,2,2,2024,2025
97542781,2,1,2023,2023
97546003,2,2,2024,2025
97546621,2,2,2023,2025
97550661,2,1,2024,2024
97550916,2,2,2023,2025
97558461,2,2,2024,2026
97559350,2,1,2024,2024
97559803,2,2,2021,2022
97564767,2,2,2024,2025
97571079,2,1,2024,2024
97571890,2,1,2024,2024
97578722,2,1,2025,2025
97583373,2,1,2025,2025
97594904,2,1,2025,2025
97612901,2,1,2024,2024
97614102,2,2,2024,2025
97657081,2,2,2024,2025
97669472,2,1,2024,2024
97696956,2,1,2025,2025
97697623,2,1,2024,2024
97701050,2,2,2024,2026
97708281,2,1,2025,2025
97719431,2,1,2023,2023
97724259,2,1,2024,2024
97727980,2,1,2024,2024
97738578,2,1,2025,2025
97754316,2,1,2024,2024
97760874,2,2,2024,2025
97773010,2,1,2024,2024
97784678,2,2,2025,2026
97800159,2,1,2025,2025
97821197,2,1,2024,2024
97825813,2,1,2024,2024
97860579,2,1,2024,2024
97861139,2,1,2025,2025
97863678,2,2,2024,2026
97875328,2,1,2024,2024
97881240,2,1,2024,2024
97909998,2,1,2025,2025
97917740,2,2,2025,2026
97924808,2,2,2024,2025
97935695,2,2,2024,2025
97947094,2,1,2025,2025
97981193,2,2,2023,2024
98007648,2,1,2024,2024
98034785,2,2,2024,2025
98123317,2,1,2024,2024
98136903,2,1,2025,2025
98140805,2,2,2024,2026
98166540,2,1,2024,2024
98166888,2,2,2023,2024
98197104,2,2,2025,2026
98213291,2,1,2026,2026
98216426,2,1,2024,2024
98245920,2,1,2024,2024
98281870,2,1,2026,2026
98306600,2,1,2024,2024
98311909,2,1,2024,2024
98315385,2,1,2026,2026
98348783,2,1,2024,2024
98379675,2,1,2024,2024
98387068,2,2,2024,2025
98391360,2,2,2024,2025
98393383,2,2,2024,2025
98410340,2,1,2025,2025
98411931,2,1,2025,2025
98417804,2,2,2024,2025
98422116,2,1,2025,2025
98429511,2,1,2024,2024
98436850,2,1,2025,2025
98444234,2,1,2025,2025
98466889,2,1,2024,2024
98480700,2,1,2024,2024
98487703,2,2,2023,2024
98518521,2,2,2024,2025
98523476,2,1,2025,2025
98524151,2,2,2024,2025
98553473,2,2,2022,2024
98556231,2,1,2025,2025
98561181,2,2,2024,2025
98629631,2,1,2025,2025
98644135,2,2,2025,2026
98661159,2,1,2024,2024
98664013,2,1,2024,2024
98666274,2,2,2024,2026
98667511,2,1,2024,2024
98669683,2,1,2024,2024
98672018,2,1,2024,2024
98687574,2,2,2024,2025
98688657,2,2,2024,2025
98688778,2,2,2025,2026
98690778,2,2,2022,2023
98691763,2,1,2024,2024
98734725,2,2,2025,2026
98759574,2,2,2024,2025
98764421,2,2,2024,2025
98769828,2,2,2024,2025
98772852,2,1,2025,2025
98808417,2,2,2024,2025
98837813,2,2,2024,2025
98880868,2,1,2025,2025
98923455,2,1,2024,2024
98944504,2,1,2025,2025
98954176,2,1,2024,2024
99041804,2,2,2024,2025
99046995,2,1,2024,2024
99055235,2,1,2025,2025
99121033,2,1,2025,2025
99123018,2,1,2025,2025
99154425,2,2,2025,2026
99161929,2,1,2024,2024
99163193,2,2,2023,2025
99237010,2,2,2024,2025
99242112,2,1,2026,2026
99255152,2,1,2025,2025
99297629,2,1,2025,2025
99311556,2,1,2025,2025
99328280,2,1,2025,2025
99344245,2,2,2024,2025
99358258,2,2,2024,2025
99371790,2,1,2025,2025
99373321,2,1,2025,2025
99376212,2,1,2025,2025
99399003,2,1,2024,2024
99407403,2,2,2025,2026
99415212,2,1,2023,2023
99434506,2,1,2024,2024
99436661,2,1,2025,2025
99437480,2,1,2025,2025
99457836,2,2,2024,2025
99471941,2,1,2025,2025
99495818,2,2,2024,2025
99550622,2,1,2025,2025
99551699,2,1,2025,2025
99554901,2,2,2023,2024
99587205,2,1,2024,2024
99593562,2,1,2024,2024
99594370,2,2,2023,2024
99596661,2,1,2024,2024
99598126,2,1,2025,2025
99600954,2,2,2024,2025
99601427,2,1,2023,2023
99615932,2,1,2025,2025
99616676,2,2,2023,2024
99618136,2,1,2025,2025
99619806,2,1,2024,2024
99623699,2,1,2025,2025
99630833,2,1,2025,2025
99641165,2,1,2025,2025
99642143,2,1,2025,2025
99737247,2,2,2025,2026
99805598,2,1,2024,2024
99825156,2,1,2024,2024
99831874,2,2,2024,2025
99851095,2,1,2025,2025
99864970,2,2,2022,2023
99878408,2,2,2024,2025
99880447,2,1,2025,2025
99884554,2,1,2025,2025
99948604,2,1,2025,2025
99950044,2,1,2023,2023
99959424,2,1,2025,2025
99968954,2,1,2025,2025
99979634,2,1,2024,2024
99980761,2,1,2025,2025
99980774,2,1,2025,2025
99980838,2,1,2025,2025
99981049,2,1,2025,2025
99985168,2,1,2025,2025
99994842,2,1,2025,2025
99999344,2,1,2025,2025
100045849,2,1,2025,2025
100060767,2,1,2025,2025
100148667,2,2,2024,2025
100149013,2,1,2023,2023
100161566,2,1,2024,2024
100183751,2,2,2024,2025
100203502,2,1,2025,2025
100209145,2,2,2022,2025
100212161,2,1,2024,2024
100217273,2,1,2023,2023
100226143,2,1,2023,2023
100235762,2,1,2025,2025
100236841,2,2,2024,2025
100244283,2,1,2024,2024
100266913,2,2,2024,2025
100301822,2,1,2023,2023
100307888,2,1,2024,2024
100313918,2,1,2023,2023
100318472,2,1,2025,2025
100325740,2,1,2024,2024
100349354,2,2,2023,2024
100352117,2,2,2024,2025
100363855,2,2,2023,2024
100374645,2,1,2023,2023
100392337,2,1,2026,2026
100399848,2,1,2025,2025
100400000,2,1,2023,2023
100407746,2,2,2024,2025
100414159,2,1,2025,2025
100417545,2,1,2025,2025
100439167,2,1,2025,2025
100463068,2,1,2021,2021
100466175,2,1,2021,2021
100497493,2,1,2024,2024
100530611,2,1,2025,2025
100540185,2,1,2025,2025
100544058,2,1,2025,2025
100573067,2,2,2023,2024
100574246,2,1,2025,2025
100576752,2,1,2025,2025
100578206,2,2,2025,2026
100586154,2,2,2024,2025
100586755,2,1,2022,2022
100594411,2,2,2024,2025
100643331,2,1,2026,2026
100651352,2,1,2025,2025
100676499,2,1,2025,2025
100698058,2,1,2025,2025
100726266,2,1,2025,2025
100727116,2,1,2024,2024
100732388,2,1,2026,2026
100793999,2,1,2025,2025
100825704,2,1,2025,2025
100836431,2,1,2025,2025
100851037,2,1,2025,2025
100851326,2,2,2024,2025
100852517,2,1,2025,2025
100866886,2,2,2025,2026
100893199,2,2,2024,2025
100909454,2,2,2024,2025
100928765,2,1,2025,2025
100938817,2,1,2025,2025
100942284,2,1,2025,2025
100971871,2,1,2025,2025
100975180,2,1,2024,2024
100993950,2,1,2025,2025
100996335,2,2,2025,2026
101000491,2,2,2023,2024
101007762,2,2,2024,2025
101018614,2,1,2025,2025
101025272,2,1,2025,2025
101041933,2,1,2025,2025
101083361,2,1,2025,2025
101083805,2,1,2025,2025
101093272,2,1,2025,2025
101099681,2,1,2024,2024
101100552,2,1,2025,2025
101102251,2,1,2025,2025
101103475,2,1,2025,2025
101112805,2,1,2025,2025
101149667,2,1,2024,2024
101211748,2,1,2025,2025
101212412,2,1,2025,2025
101270432,2,1,2025,2025
101277212,2,1,2025,2025
101339583,2,1,2025,2025
101343710,2,2,2025,2026
101370551,2,1,2023,2023
101390806,2,1,2025,2025
101403325,2,1,2025,2025
101443158,2,1,2025,2025
101445754,2,1,2025,2025
101486990,2,1,2025,2025
101492274,2,2,2024,2025
101508263,2,1,2025,2025
101512536,2,1,2024,2024
101571797,2,1,2025,2025
101619686,2,2,2024,2025
101672731,2,2,2025,2026
101673366,2,2,2025,2026
101710060,2,1,2025,2025
101720786,2,1,2024,2024
101751406,2,2,2025,2026
101761674,2,1,2025,2025
101795066,2,1,2025,2025
101847989,2,1,2025,2025
101864635,2,1,2025,2025
101864742,2,2,2023,2024
101866801,2,1,2025,2025
101868617,2,1,2025,2025
101870600,2,1,2025,2025
101913460,2,1,2025,2025
101963775,2,1,2025,2025
101971022,2,1,2025,2025
102086935,2,2,2025,2026
102087153,2,1,2024,2024
102091970,2,1,2025,2025
102115242,2,2,2023,2024
102131787,2,2,2025,2026
102134647,2,1,2025,2025
102141150,2,1,2025,2025
102142118,2,2,2022,2023
102154610,2,2,2022,2024
102159153,2,1,2025,2025
102215799,2,1,2025,2025
102258961,2,1,2025,2025
102259641,2,1,2025,2025
102259949,2,1,2024,2024
102265871,2,1,2025,2025
102299082,2,1,2025,2025
102396315,2,1,2025,2025
102409658,2,2,2025,2026
102417857,2,1,2025,2025
102490966,2,1,2026,2026
102882230,2,1,2018,2018
363,1,1,2022,2022
419,1,1,2022,2022
767,1,1,2022,2022
1866,1,1,2024,2024
2265,1,1,2025,2025
2970,1,1,2025,2025
3190,1,1,2024,2024
3911,1,1,2025,2025
4005,1,1,2023,2023
4430,1,1,2025,2025
5264,1,1,2024,2024
7436,1,1,2024,2024
7493,1,1,2024,2024
7793,1,1,2024,2024
8306,1,1,2025,2025
8590,1,1,2023,2023
9126,1,1,2023,2023
9849,1,1,2023,2023
10736,1,1,2023,2023
12583,1,1,2025,2025
13305,1,1,2023,2023
13413,1,1,2023,2023
13526,1,1,2025,2025
13998,1,1,2024,2024
14201,1,1,2022,2022
14323,1,1,2023,2023
14737,1,1,2026,2026
15851,1,1,2025,2025
15901,1,1,2021,2021
16381,1,1,2025,2025
16749,1,1,2024,2024
17217,1,1,2024,2024
17392,1,1,2022,2022
17412,1,1,2024,2024
17861,1,1,2021,2021
18109,1,1,2023,2023
18595,1,1,2022,2022
18957,1,1,2024,2024
19394,1,1,2021,2021
21128,1,1,2022,2022
21169,1,1,2022,2022
21845,1,1,2022,2022
22568,1,1,2023,2023
22747,1,1,2023,2023
23158,1,1,2025,2025
23257,1,1,2023,2023
24565,1,1,2022,2022
24624,1,1,2022,2022
24758,1,1,2025,2025
25348,1,1,2023,2023
25473,1,1,2024,2024
25514,1,1,2022,2022
26091,1,1,2023,2023
26396,1,1,2023,2023
26402,1,1,2021,2021
27073,1,1,2025,2025
27183,1,1,2021,2021
27308,1,1,2024,2024
28600,1,1,2025,2025
28709,1,1,2022,2022
29462,1,1,2022,2022
29794,1,1,2021,2021
29897,1,1,2022,2022
30588,1,1,2023,2023
31464,1,1,2021,2021
32113,1,1,2025,2025
32684,1,1,2023,2023
33128,1,1,2023,2023
33133,1,1,2025,2025
33322,1,1,2020,2020
33598,1,1,2024,2024
34383,1,1,2025,2025
34774,1,1,2025,2025
36408,1,1,2024,2024
36535,1,1,2025,2025
37565,1,1,2021,2021
38189,1,1,2026,2026
38355,1,1,2021,2021
38467,1,1,2024,2024
38940,1,1,2024,2024
39743,1,1,2025,2025
39963,1,1,2025,2025
40204,1,1,2024,2024
40470,1,1,2021,2021
41155,1,1,2025,2025
41230,1,1,2022,2022
41727,1,1,2025,2025
41837,1,1,2022,2022
41872,1,1,2023,2023
42172,1,1,2025,2025
42182,1,1,2021,2021
42396,1,1,2023,2023
42583,1,1,2024,2024
42645,1,1,2023,2023
43090,1,1,2026,2026
44137,1,1,2024,2024
45579,1,1,2025,2025
45708,1,1,2021,2021
45715,1,1,2022,2022
46034,1,1,2025,2025
46460,1,1,2023,2023
46473,1,1,2025,2025
47061,1,1,2023,2023
47872,1,1,2024,2024
49641,1,1,2023,2023
49799,1,1,2022,2022
49827,1,1,2024,2024
50470,1,1,2020,2020
51543,1,1,2024,2024
52607,1,1,2021,2021
53038,1,1,2024,2024
53210,1,1,2025,2025
53277,1,1,2021,2021
53598,1,1,2022,2022
53730,1,1,2024,2024
54900,1,1,2023,2023
55461,1,1,2024,2024
55573,1,1,2022,2022
55980,1,1,2022,2022
56015,1,1,2025,2025
56394,1,1,2026,2026
57024,1,1,2022,2022
57338,1,1,2024,2024
57386,1,1,2023,2023
58035,1,1,2024,2024
58618,1,1,2025,2025
59638,1,1,2025,2025
59642,1,1,2025,2025
59834,1,1,2025,2025
61417,1,1,2025,2025
61529,1,1,2021,2021
62016,1,1,2025,2025
62437,1,1,2025,2025
62550,1,1,2024,2024
62646,1,1,2025,2025
65123,1,1,2024,2024
66082,1,1,2022,2022
66343,1,1,2025,2025
67114,1,1,2024,2024
67372,1,1,2025,2025
67907,1,1,2022,2022
69402,1,1,2025,2025
70194,1,1,2025,2025
70216,1,1,2022,2022
70833,1,1,2021,2021
71492,1,1,2025,2025
73172,1,1,2024,2024
73305,1,1,2025,2025
73447,1,1,2026,2026
73719,1,1,2024,2024
74758,1,1,2026,2026
75222,1,1,2023,2023
75726,1,1,2023,2023
75987,1,1,2025,2025
76196,1,1,2024,2024
76222,1,1,2023,2023
77657,1,1,2026,2026
78560,1,1,2023,2023
78736,1,1,2024,2024
80159,1,1,2021,2021
80760,1,1,2025,2025
82877,1,1,2024,2024
82953,1,1,2023,2023
83200,1,1,2026,2026
83458,1,1,2025,2025
83467,1,1,2023,2023
84278,1,1,2022,2022
85026,1,1,2021,2021
85296,1,1,2025,2025
86016,1,1,2026,2026
86069,1,1,2023,2023
86741,1,1,2024,2024
86953,1,1,2025,2025
87465,1,1,2021,2021
88683,1,1,2025,2025
88882,1,1,2022,2022
89353,1,1,2023,2023
89677,1,1,2021,2021
89723,1,1,2025,2025
90575,1,1,2024,2024
90700,1,1,2021,2021
90773,1,1,2021,2021
90960,1,1,2023,2023
92520,1,1,2023,2023
93759,1,1,2026,2026
95369,1,1,2025,2025
97394,1,1,2023,2023
97904,1,1,2023,2023
97906,1,1,2022,2022
99535,1,1,2025,2025
100012,1,1,2025,2025
100370,1,1,2021,2021
101944,1,1,2025,2025
102234,1,1,2023,2023
102394,1,1,2023,2023
102943,1,1,2024,2024
103941,1,1,2022,2022
104797,1,1,2023,2023
104885,1,1,2025,2025
105524,1,1,2022,2022
105900,1,1,2022,2022
106303,1,1,2024,2024
106796,1,1,2024,2024
106963,1,1,2022,2022
107362,1,1,2020,2020
107658,1,1,2021,2021
108721,1,1,2024,2024
108875,1,1,2025,2025
108979,1,1,2022,2022
109319,1,1,2022,2022
110208,1,1,2025,2025
110341,1,1,2022,2022
110920,1,1,2026,2026
111233,1,1,2023,2023
111368,1,1,2025,2025
111611,1,1,2023,2023
112884,1,1,2024,2024
113647,1,1,2025,2025
113773,1,1,2021,2021
115472,1,1,2025,2025
116567,1,1,2025,2025
118009,1,1,2022,2022
118055,1,1,2025,2025
119752,1,1,2023,2023
121106,1,1,2025,2025
122502,1,1,2024,2024
122896,1,1,2023,2023
123007,1,1,2025,2025
123960,1,1,2023,2023
124192,1,1,2022,2022
125902,1,1,2024,2024
127145,1,1,2026,2026
127330,1,1,2024,2024
128327,1,1,2025,2025
128960,1,1,2024,2024
129131,1,1,2024,2024
129860,1,1,2024,2024
130182,1,1,2024,2024
131678,1,1,2021,2021
132157,1,1,2023,2023
132534,1,1,2024,2024
134459,1,1,2025,2025
134534,1,1,2022,2022
134758,1,1,2023,2023
135209,1,1,2022,2022
135607,1,1,2025,2025
136087,1,1,2023,2023
136387,1,1,2023,2023
136820,1,1,2023,2023
137704,1,1,2025,2025
138367,1,1,2024,2024
139352,1,1,2023,2023
140019,1,1,2021,2021
140225,1,1,2025,2025
140327,1,1,2026,2026
140919,1,1,2021,2021
141812,1,1,2022,2022
141899,1,1,2022,2022
142978,1,1,2022,2022
143035,1,1,2024,2024
144131,1,1,2021,2021
144537,1,1,2026,2026
144640,1,1,2022,2022
149419,1,1,2024,2024
149500,1,1,2024,2024
150130,1,1,2023,2023
150173,1,1,2026,2026
150317,1,1,2025,2025
150899,1,1,2023,2023
151099,1,1,2024,2024
152169,1,1,2024,2024
152727,1,1,2024,2024
153838,1,1,2021,2021
155050,1,1,2025,2025
155403,1,1,2024,2024
155496,1,1,2025,2025
156395,1,1,2025,2025
158039,1,1,2021,2021
158230,1,1,2022,2022
158323,1,1,2023,2023
159620,1,1,2025,2025
159904,1,1,2024,2024
160421,1,1,2025,2025
161187,1,1,2024,2024
161928,1,1,2025,2025
162878,1,1,2021,2021
163885,1,1,2022,2022
164018,1,1,2024,2024
164234,1,1,2023,2023
165744,1,1,2025,2025
165922,1,1,2022,2022
167065,1,1,2025,2025
168157,1,1,2021,2021
169000,1,1,2025,2025
169355,1,1,2022,2022
169434,1,1,2022,2022
169957,1,1,2021,2021
169978,1,1,2021,2021
170120,1,1,2023,2023
171146,1,1,2025,2025
171153,1,1,2023,2023
171504,1,1,2025,2025
171783,1,1,2023,2023
172247,1,1,2022,2022
173307,1,1,2024,2024
173976,1,1,2024,2024
174587,1,1,2025,2025
176730,1,1,2025,2025
176949,1,1,2024,2024
179654,1,1,2025,2025
179954,1,1,2024,2024
180527,1,1,2025,2025
180957,1,1,2023,2023
181149,1,1,2025,2025
182182,1,1,2022,2022
182755,1,1,2025,2025
183382,1,1,2020,2020
184380,1,1,2022,2022
184483,1,1,2024,2024
184691,1,1,2022,2022
184803,1,1,2025,2025
184941,1,1,2021,2021
185325,1,1,2022,2022
186486,1,1,2024,2024
186557,1,1,2022,2022
187143,1,1,2023,2023
187177,1,1,2026,2026
187339,1,1,2022,2022
189266,1,1,2025,2025
189691,1,1,2024,2024
189990,1,1,2025,2025
190509,1,1,2025,2025
190561,1,1,2022,2022
191093,1,1,2021,2021
191187,1,1,2024,2024
191585,1,1,2025,2025
193139,1,1,2022,2022
193785,1,1,2024,2024
194001,1,1,2024,2024
194608,1,1,2022,2022
194733,1,1,2021,2021
194734,1,1,2022,2022
194911,1,1,2024,2024
195222,1,1,2021,2021
195363,1,1,2022,2022
196856,1,1,2023,2023
196939,1,1,2024,2024
197045,1,1,2021,2021
197596,1,1,2023,2023
199320,1,1,2024,2024
200861,1,1,2026,2026
202067,1,1,2026,2026
202847,1,1,2024,2024
202973,1,1,2023,2023
203813,1,1,2023,2023
203966,1,1,2022,2022
204224,1,1,2024,2024
205929,1,1,2024,2024
207053,1,1,2021,2021
207607,1,1,2022,2022
207897,1,1,2022,2022
208167,1,1,2022,2022
208351,1,1,2022,2022
208653,1,1,2021,2021
208755,1,1,2023,2023
208835,1,1,2025,2025
209028,1,1,2020,2020
209516,1,1,2023,2023
209543,1,1,2022,2022
209884,1,1,2025,2025
210125,1,1,2024,2024
210289,1,1,2024,2024
210330,1,1,2025,2025
210430,1,1,2022,2022
210761,1,1,2023,2023
210773,1,1,2024,2024
211020,1,1,2025,2025
211321,1,1,2022,2022
211599,1,1,2026,2026
211934,1,1,2026,2026
211992,1,1,2022,2022
212055,1,1,2021,2021
213992,1,1,2024,2024
214049,1,1,2023,2023
215067,1,1,2025,2025
215523,1,1,2021,2021
216982,1,1,2025,2025
217562,1,1,2024,2024
217802,1,1,2022,2022
220258,1,1,2024,2024
220528,1,1,2025,2025
220821,1,1,2024,2024
222254,1,1,2024,2024
223834,1,1,2025,2025
224103,1,1,2021,2021
224462,1,1,2026,2026
226332,1,1,2022,2022
227012,1,1,2025,2025
228141,1,1,2022,2022
228249,1,1,2025,2025
229016,1,1,2021,2021
229040,1,1,2020,2020
229920,1,1,2022,2022
231509,1,1,2025,2025
231789,1,1,2024,2024
231858,1,1,2021,2021
232117,1,1,2024,2024
232521,1,1,2022,2022
232841,1,1,2024,2024
233715,1,1,2026,2026
233841,1,1,2025,2025
234157,1,1,2022,2022
236636,1,1,2023,2023
236790,1,1,2025,2025
237322,1,1,2025,2025
237790,1,1,2023,2023
238790,1,1,2026,2026
239402,1,1,2024,2024
239827,1,1,2022,2022
239833,1,1,2023,2023
240982,1,1,2021,2021
240990,1,1,2022,2022
243515,1,1,2024,2024
244295,1,1,2022,2022
244946,1,1,2024,2024
245177,1,1,2023,2023
245979,1,1,2025,2025
246181,1,1,2025,2025
246331,1,1,2024,2024
247744,1,1,2025,2025
248227,1,1,2023,2023
248405,1,1,2023,2023
248567,1,1,2024,2024
249024,1,1,2025,2025
249586,1,1,2024,2024
250632,1,1,2026,2026
250745,1,1,2024,2024
251014,1,1,2023,2023
251904,1,1,2024,2024
252950,1,1,2023,2023
253300,1,1,2023,2023
253323,1,1,2025,2025
254434,1,1,2024,2024
254818,1,1,2023,2023
255081,1,1,2024,2024
255767,1,1,2026,2026
256535,1,1,2021,2021
258003,1,1,2022,2022
258462,1,1,2022,2022
259144,1,1,2025,2025
259473,1,1,2021,2021
259851,1,1,2024,2024
261354,1,1,2024,2024
262115,1,1,2022,2022
262964,1,1,2024,2024
263488,1,1,2024,2024
263854,1,1,2023,2023
265328,1,1,2025,2025
265785,1,1,2021,2021
266051,1,1,2025,2025
266201,1,1,2024,2024
266872,1,1,2024,2024
267239,1,1,2024,2024
267512,1,1,2024,2024
268085,1,1,2020,2020
268291,1,1,2021,2021
268583,1,1,2026,2026
268598,1,1,2022,2022
268750,1,1,2023,2023
268767,1,1,2024,2024
269425,1,1,2023,2023
269808,1,1,2022,2022
271814,1,1,2021,2021
272776,1,1,2025,2025
274075,1,1,2021,2021
274509,1,1,2021,2021
275129,1,1,2022,2022
275357,1,1,2025,2025
275390,1,1,2022,2022
275516,1,1,2025,2025
275588,1,1,2022,2022
275712,1,1,2025,2025
277089,1,1,2023,2023
277152,1,1,2024,2024
278708,1,1,2022,2022
279534,1,1,2025,2025
279840,1,1,2025,2025
279861,1,1,2024,2024
280397,1,1,2024,2024
281124,1,1,2023,2023
281295,1,1,2024,2024
281422,1,1,2024,2024
282180,1,1,2024,2024
282316,1,1,2021,2021
283001,1,1,2026,2026
283568,1,1,2023,2023
284032,1,1,2025,2025
284033,1,1,2025,2025
284047,1,1,2023,2023
284762,1,1,2021,2021
285775,1,1,2025,2025
285817,1,1,2022,2022
285990,1,1,2023,2023
287884,1,1,2024,2024
287976,1,1,2021,2021
288025,1,1,2022,2022
288622,1,1,2021,2021
289350,1,1,2024,2024
290092,1,1,2023,2023
290420,1,1,2022,2022
290772,1,1,2024,2024
291487,1,1,2024,2024
292751,1,1,2021,2021
293444,1,1,2024,2024
294997,1,1,2023,2023
295357,1,1,2023,2023
295732,1,1,2024,2024
296915,1,1,2025,2025
297453,1,1,2025,2025
297772,1,1,2024,2024
297900,1,1,2025,2025
298362,1,1,2021,2021
298496,1,1,2025,2025
298959,1,1,2025,2025
299388,1,1,2025,2025
299644,1,1,2025,2025
299921,1,1,2022,2022
300821,1,1,2021,2021
301308,1,1,2022,2022
302890,1,1,2022,2022
302909,1,1,2022,2022
303240,1,1,2024,2024
303917,1,1,2021,2021
304050,1,1,2023,2023
304594,1,1,2023,2023
305695,1,1,2022,2022
306699,1,1,2023,2023
307313,1,1,2024,2024
307693,1,1,2025,2025
307741,1,1,2025,2025
307892,1,1,2024,2024
307946,1,1,2025,2025
308444,1,1,2021,2021
308461,1,1,2021,2021
309564,1,1,2023,2023
309607,1,1,2024,2024
310525,1,1,2021,2021
310614,1,1,2020,2020
310942,1,1,2022,2022
311965,1,1,2024,2024
313495,1,1,2023,2023
313537,1,1,2024,2024
316609,1,1,2022,2022
316692,1,1,2024,2024
317350,1,1,2022,2022
318101,1,1,2025,2025
318368,1,1,2024,2024
319753,1,1,2026,2026
320034,1,1,2025,2025
320235,1,1,2025,2025
320463,1,1,2023,2023
320605,1,1,2023,2023
322547,1,1,2022,2022
322575,1,1,2021,2021
322804,1,1,2025,2025
324129,1,1,2024,2024
324949,1,1,2021,2021
325174,1,1,2025,2025
325995,1,1,2024,2024
326702,1,1,2023,2023
327000,1,1,2023,2023
327773,1,1,2023,2023
328354,1,1,2022,2022
329243,1,1,2025,2025
329436,1,1,2022,2022
329464,1,1,2021,2021
330434,1,1,2021,2021
330943,1,1,2022,2022
332961,1,1,2021,2021
334115,1,1,2023,2023
335653,1,1,2025,2025
336045,1,1,2022,2022
337919,1,1,2026,2026
338182,1,1,2023,2023
338708,1,1,2023,2023
339787,1,1,2023,2023
339876,1,1,2025,2025
340207,1,1,2024,2024
340607,1,1,2020,2020
341070,1,1,2022,2022
341809,1,1,2025,2025
342151,1,1,2026,2026
342154,1,1,2021,2021
342627,1,1,2025,2025
342635,1,1,2025,2025
342655,1,1,2022,2022
342793,1,1,2022,2022
343644,1,1,2022,2022
344091,1,1,2025,2025
344142,1,1,2024,2024
344200,1,1,2024,2024
344272,1,1,2021,2021
344298,1,1,2022,2022
345578,1,1,2023,2023
346005,1,1,2024,2024
346385,1,1,2024,2024
347025,1,1,2022,2022
347510,1,1,2025,2025
348469,1,1,2021,2021
348993,1,1,2025,2025
349184,1,1,2024,2024
349648,1,1,2024,2024
349734,1,1,2022,2022
349748,1,1,2025,2025
351321,1,1,2022,2022
351604,1,1,2022,2022
351746,1,1,2021,2021
351935,1,1,2023,2023
352332,1,1,2026,2026
352467,1,1,2021,2021
352633,1,1,2025,2025
353491,1,1,2022,2022
353688,1,1,2022,2022
355273,1,1,2023,2023
356123,1,1,2024,2024
356596,1,1,2024,2024
358107,1,1,2025,2025
359919,1,1,2021,2021
360366,1,1,2025,2025
362139,1,1,2024,2024
362585,1,1,2023,2023
364264,1,1,2025,2025
365448,1,1,2025,2025
367896,1,1,2025,2025
368774,1,1,2021,2021
369446,1,1,2021,2021
369647,1,1,2023,2023
369971,1,1,2022,2022
370290,1,1,2023,2023
370404,1,1,2026,2026
371409,1,1,2021,2021
373258,1,1,2023,2023
373756,1,1,2024,2024
374308,1,1,2024,2024
375160,1,1,2022,2022
375800,1,1,2022,2022
376236,1,1,2022,2022
377578,1,1,2025,2025
378973,1,1,2023,2023
380650,1,1,2021,2021
380937,1,1,2023,2023
381014,1,1,2022,2022
381136,1,1,2025,2025
382248,1,1,2025,2025
382768,1,1,2024,2024
383534,1,1,2024,2024
384721,1,1,2025,2025
385593,1,1,2023,2023
386558,1,1,2023,2023
387046,1,1,2023,2023
387048,1,1,2025,2025
388163,1,1,2023,2023
388417,1,1,2021,2021
388703,1,1,2025,2025
388968,1,1,2022,2022
389653,1,1,2025,2025
389690,1,1,2026,2026
390201,1,1,2025,2025
390501,1,1,2022,2022
391893,1,1,2022,2022
391916,1,1,2022,2022
392025,1,1,2020,2020
392250,1,1,2023,2023
392647,1,1,2025,2025
393139,1,1,2025,2025
393231,1,1,2021,2021
394503,1,1,2025,2025
395243,1,1,2022,2022
395746,1,1,2022,2022
395894,1,1,2025,2025
396215,1,1,2023,2023
397025,1,1,2024,2024
397315,1,1,2025,2025
397328,1,1,2022,2022
397728,1,1,2023,2023
398360,1,1,2023,2023
398479,1,1,2024,2024
398768,1,1,2025,2025
399276,1,1,2023,2023
399722,1,1,2020,2020
400731,1,1,2026,2026
401052,1,1,2024,2024
401231,1,1,2021,2021
401252,1,1,2021,2021
401587,1,1,2023,2023
402678,1,1,2024,2024
402732,1,1,2023,2023
403021,1,1,2024,2024
403316,1,1,2024,2024
403694,1,1,2024,2024
404154,1,1,2021,2021
404614,1,1,2022,2022
405348,1,1,2025,2025
405587,1,1,2024,2024
406140,1,1,2020,2020
406672,1,1,2019,2019
406779,1,1,2020,2020
407293,1,1,2025,2025
409401,1,1,2025,2025
409765,1,1,2023,2023
409966,1,1,2025,2025
410294,1,1,2025,2025
411719,1,1,2021,2021
413041,1,1,2022,2022
413081,1,1,2021,2021
413293,1,1,2023,2023
413720,1,1,2025,2025
414403,1,1,2022,2022
415273,1,1,2025,2025
416231,1,1,2026,2026
416486,1,1,2024,2024
417048,1,1,2025,2025
418924,1,1,2022,2022
422380,1,1,2023,2023
426164,1,1,2023,2023
426843,1,1,2025,2025
426865,1,1,2023,2023
427485,1,1,2023,2023
427665,1,1,2023,2023
428081,1,1,2021,2021
428909,1,1,2025,2025
429440,1,1,2020,2020
429566,1,1,2025,2025
429713,1,1,2022,2022
430178,1,1,2023,2023
431310,1,1,2021,2021
431432,1,1,2024,2024
432021,1,1,2023,2023
432074,1,1,2023,2023
432781,1,1,2026,2026
434106,1,1,2022,2022
435037,1,1,2025,2025
435517,1,1,2025,2025
435996,1,1,2022,2022
436656,1,1,2025,2025
436749,1,1,2022,2022
437214,1,1,2021,2021
437395,1,1,2024,2024
437925,1,1,2025,2025
439222,1,1,2022,2022
439310,1,1,2024,2024
439950,1,1,2025,2025
440067,1,1,2024,2024
440105,1,1,2024,2024
441491,1,1,2021,2021
441612,1,1,2021,2021
443193,1,1,2021,2021
443390,1,1,2022,2022
443915,1,1,2025,2025
444452,1,1,2025,2025
445083,1,1,2024,2024
446527,1,1,2022,2022
446874,1,1,2024,2024
447816,1,1,2025,2025
448112,1,1,2024,2024
448554,1,1,2022,2022
448667,1,1,2022,2022
449232,1,1,2025,2025
449762,1,1,2024,2024
451078,1,1,2022,2022
451141,1,1,2023,2023
451451,1,1,2022,2022
451884,1,1,2022,2022
452422,1,1,2024,2024
452766,1,1,2022,2022
453748,1,1,2022,2022
454143,1,1,2022,2022
456424,1,1,2024,2024
456525,1,1,2026,2026
456862,1,1,2026,2026
457314,1,1,2024,2024
457911,1,1,2022,2022
458208,1,1,2022,2022
459778,1,1,2025,2025
460774,1,1,2024,2024
461680,1,1,2023,2023
462269,1,1,2025,2025
462796,1,1,2023,2023
462876,1,1,2025,2025
462946,1,1,2022,2022
462991,1,1,2025,2025
463897,1,1,2023,2023
464665,1,1,2025,2025
465592,1,1,2025,2025
467562,1,1,2021,2021
467689,1,1,2021,2021
468305,1,1,2025,2025
468698,1,1,2024,2024
469063,1,1,2024,2024
469505,1,1,2023,2023
470631,1,1,2021,2021
470801,1,1,2025,2025
471077,1,1,2023,2023
472537,1,1,2025,2025
472759,1,1,2025,2025
473305,1,1,2024,2024
473519,1,1,2022,2022
474090,1,1,2022,2022
474178,1,1,2025,2025
474656,1,1,2021,2021
474833,1,1,2024,2024
475697,1,1,2025,2025
477228,1,1,2024,2024
477984,1,1,2026,2026
478624,1,1,2025,2025
479062,1,1,2022,2022
479862,1,1,2024,2024
479983,1,1,2021,2021
480061,1,1,2023,2023
480330,1,1,2021,2021
480497,1,1,2025,2025
480565,1,1,2025,2025
480923,1,1,2025,2025
481532,1,1,2022,2022
481997,1,1,2026,2026
482152,1,1,2025,2025
482304,1,1,2025,2025
483184,1,1,2022,2022
483905,1,1,2024,2024
484268,1,1,2022,2022
485199,1,1,2022,2022
486261,1,1,2024,2024
486513,1,1,2024,2024
486835,1,1,2024,2024
487805,1,1,2022,2022
488217,1,1,2023,2023
489108,1,1,2022,2022
491458,1,1,2025,2025
492192,1,1,2025,2025
492209,1,1,2026,2026
492296,1,1,2020,2020
493282,1,1,2024,2024
494073,1,1,2020,2020
494472,1,1,2022,2022
494506,1,1,2022,2022
494863,1,1,2021,2021
495177,1,1,2026,2026
495996,1,1,2025,2025
496660,1,1,2024,2024
497191,1,1,2022,2022
498084,1,1,2025,2025
499486,1,1,2024,2024
500935,1,1,2021,2021
501191,1,1,2025,2025
501224,1,1,2021,2021
501565,1,1,2022,2022
501595,1,1,2021,2021
502193,1,1,2025,2025
502241,1,1,2022,2022
502474,1,1,2025,2025
502889,1,1,2022,2022
503353,1,1,2023,2023
503490,1,1,2024,2024
503620,1,1,2022,2022
504238,1,1,2025,2025
504504,1,1,2023,2023
507579,1,1,2024,2024
508323,1,1,2026,2026
508368,1,1,2023,2023
509085,1,1,2022,2022
509386,1,1,2023,2023
510209,1,1,2021,2021
511464,1,1,2021,2021
511702,1,1,2023,2023
512129,1,1,2024,2024
512297,1,1,2021,2021
512315,1,1,2025,2025
512932,1,1,2025,2025
513589,1,1,2023,2023
513796,1,1,2022,2022
514161,1,1,2022,2022
514209,1,1,2022,2022
514597,1,1,2021,2021
515040,1,1,2021,2021
515188,1,1,2022,2022
515646,1,1,2022,2022
516750,1,1,2022,2022
518638,1,1,2022,2022
519278,1,1,2020,2020
519414,1,1,2026,2026
520260,1,1,2023,2023
520710,1,1,2021,2021
520989,1,1,2024,2024
520992,1,1,2022,2022
521681,1,1,2025,2025
521736,1,1,2025,2025
522067,1,1,2021,2021
524750,1,1,2023,2023
524839,1,1,2025,2025
524968,1,1,2022,2022
525234,1,1,2021,2021
525287,1,1,2023,2023
527561,1,1,2021,2021
528491,1,1,2025,2025
528747,1,1,2024,2024
528876,1,1,2025,2025
530359,1,1,2022,2022
530914,1,1,2025,2025
530916,1,1,2024,2024
531317,1,1,2025,2025
531416,1,1,2022,2022
532880,1,1,2025,2025
533018,1,1,2025,2025
533166,1,1,2021,2021
533219,1,1,2024,2024
533629,1,1,2024,2024
534016,1,1,2026,2026
534278,1,1,2024,2024
534559,1,1,2022,2022
535581,1,1,2021,2021
535800,1,1,2020,2020
536307,1,1,2021,2021
536650,1,1,2023,2023
536906,1,1,2022,2022
537151,1,1,2025,2025
537330,1,1,2022,2022
537481,1,1,2023,2023
537908,1,1,2026,2026
538867,1,1,2022,2022
540952,1,1,2021,2021
541968,1,1,2025,2025
542099,1,1,2024,2024
542337,1,1,2021,2021
543584,1,1,2024,2024
544049,1,1,2024,2024
544330,1,1,2022,2022
544974,1,1,2025,2025
544980,1,1,2026,2026
545838,1,1,2021,2021
546224,1,1,2022,2022
547049,1,1,2023,2023
547130,1,1,2022,2022
547197,1,1,2022,2022
547871,1,1,2026,2026
548271,1,1,2024,2024
548818,1,1,2021,2021
548906,1,1,2025,2025
548913,1,1,2021,2021
549225,1,1,2022,2022
549963,1,1,2025,2025
553524,1,1,2021,2021
554388,1,1,2022,2022
555398,1,1,2022,2022
555520,1,1,2021,2021
555527,1,1,2025,2025
555547,1,1,2022,2022
556225,1,1,2024,2024
556438,1,1,2022,2022
557031,1,1,2022,2022
557627,1,1,2022,2022
558722,1,1,2025,2025
559093,1,1,2024,2024
560983,1,1,2024,2024
561516,1,1,2025,2025
561548,1,1,2026,2026
562869,1,1,2025,2025
563112,1,1,2021,2021
564597,1,1,2021,2021
564952,1,1,2023,2023
565236,1,1,2024,2024
565992,1,1,2022,2022
566086,1,1,2023,2023
566859,1,1,2022,2022
566881,1,1,2025,2025
567469,1,1,2021,2021
567596,1,1,2021,2021
567882,1,1,2023,2023
568488,1,1,2024,2024
569215,1,1,2025,2025
569413,1,1,2023,2023
570190,1,1,2025,2025
571176,1,1,2024,2024
572970,1,1,2022,2022
573517,1,1,2025,2025
573625,1,1,2024,2024
574714,1,1,2021,2021
575276,1,1,2025,2025
575518,1,1,2021,2021
577067,1,1,2022,2022
577332,1,1,2022,2022
577591,1,1,2024,2024
577598,1,1,2022,2022
577692,1,1,2024,2024
577872,1,1,2024,2024
579020,1,1,2025,2025
579284,1,1,2025,2025
579891,1,1,2024,2024
581050,1,1,2024,2024
581810,1,1,2025,2025
581956,1,1,2023,2023
582989,1,1,2025,2025
583553,1,1,2022,2022
583855,1,1,2022,2022
584877,1,1,2022,2022
585412,1,1,2022,2022
585936,1,1,2021,2021
586103,1,1,2019,2019
586146,1,1,2022,2022
587050,1,1,2023,2023
589932,1,1,2024,2024
589985,1,1,2024,2024
591437,1,1,2020,2020
591808,1,1,2024,2024
591860,1,1,2025,2025
592029,1,1,2024,2024
593001,1,1,2021,2021
593583,1,1,2026,2026
593781,1,1,2025,2025
594913,1,1,2021,2021
595487,1,1,2025,2025
596205,1,1,2025,2025
597212,1,1,2023,2023
599169,1,1,2023,2023
599597,1,1,2024,2024
599712,1,1,2025,2025
601602,1,1,2021,2021
602378,1,1,2025,2025
602399,1,1,2024,2024
602714,1,1,2025,2025
604312,1,1,2025,2025
604696,1,1,2026,2026
605170,1,1,2025,2025
605685,1,1,2026,2026
605775,1,1,2022,2022
607052,1,1,2025,2025
607532,1,1,2022,2022
609498,1,1,2025,2025
609712,1,1,2024,2024
609839,1,1,2025,2025
610241,1,1,2021,2021
610254,1,1,2026,2026
610841,1,1,2021,2021
611095,1,1,2019,2019
611880,1,1,2021,2021
612413,1,1,2024,2024
612517,1,1,2023,2023
614302,1,1,2026,2026
614413,1,1,2025,2025
614601,1,1,2023,2023
614659,1,1,2026,2026
615133,1,1,2023,2023
615165,1,1,2024,2024
615580,1,1,2022,2022
615674,1,1,2022,2022
616171,1,1,2024,2024
616287,1,1,2021,2021
616527,1,1,2024,2024
616682,1,1,2021,2021
617088,1,1,2020,2020
617187,1,1,2021,2021
617352,1,1,2025,2025
617449,1,1,2023,2023
618968,1,1,2022,2022
619363,1,1,2024,2024
619685,1,1,2025,2025
619943,1,1,2020,2020
620772,1,1,2021,2021
621061,1,1,2022,2022
621364,1,1,2024,2024
622109,1,1,2021,2021
622600,1,1,2022,2022
622971,1,1,2022,2022
623082,1,1,2023,2023
625118,1,1,2025,2025
625804,1,1,2023,2023
626006,1,1,2023,2023
626906,1,1,2024,2024
627618,1,1,2022,2022
628351,1,1,2023,2023
628360,1,1,2025,2025
628510,1,1,2025,2025
630593,1,1,2026,2026
631429,1,1,2025,2025
632084,1,1,2024,2024
633176,1,1,2021,2021
633183,1,1,2025,2025
633844,1,1,2022,2022
633881,1,1,2023,2023
635116,1,1,2021,2021
635155,1,1,2022,2022
636604,1,1,2023,2023
637673,1,1,2026,2026
638054,1,1,2024,2024
638109,1,1,2022,2022
639328,1,1,2022,2022
639377,1,1,2024,2024
639914,1,1,2025,2025
641659,1,1,2023,2023
641688,1,1,2021,2021
643499,1,1,2025,2025
644717,1,1,2025,2025
644754,1,1,2022,2022
644920,1,1,2025,2025
645554,1,1,2022,2022
645763,1,1,2024,2024
646638,1,1,2021,2021
646840,1,1,2021,2021
647522,1,1,2024,2024
647564,1,1,2021,2021
647717,1,1,2022,2022
648003,1,1,2024,2024
648515,1,1,2022,2022
649386,1,1,2024,2024
649773,1,1,2022,2022
649781,1,1,2023,2023
650305,1,1,2023,2023
651205,1,1,2021,2021
653156,1,1,2024,2024
653278,1,1,2023,2023
653636,1,1,2023,2023
653818,1,1,2025,2025
654742,1,1,2025,2025
655176,1,1,2022,2022
655292,1,1,2024,2024
657641,1,1,2026,2026
659189,1,1,2021,2021
660548,1,1,2020,2020
661199,1,1,2022,2022
661379,1,1,2021,2021
661415,1,1,2022,2022
661710,1,1,2022,2022
661878,1,1,2021,2021
662775,1,1,2023,2023
662922,1,1,2022,2022
664282,1,1,2022,2022
664829,1,1,2022,2022
665654,1,1,2024,2024
666535,1,1,2025,2025
666901,1,1,2025,2025
667175,1,1,2021,2021
668141,1,1,2026,2026
668612,1,1,2022,2022
670010,1,1,2022,2022
670092,1,1,2025,2025
670131,1,1,2023,2023
670511,1,1,2022,2022
671734,1,1,2025,2025
671946,1,1,2021,2021
672075,1,1,2023,2023
672864,1,1,2025,2025
673081,1,1,2022,2022
673728,1,1,2023,2023
673975,1,1,2025,2025
674834,1,1,2025,2025
674988,1,1,2024,2024
675385,1,1,2026,2026
675946,1,1,2022,2022
676021,1,1,2024,2024
676032,1,1,2022,2022
676176,1,1,2025,2025
676293,1,1,2024,2024
676398,1,1,2024,2024
677129,1,1,2022,2022
677280,1,1,2021,2021
677650,1,1,2022,2022
678742,1,1,2024,2024
679603,1,1,2025,2025
680142,1,1,2025,2025
680164,1,1,2023,2023
683981,1,1,2025,2025
684911,1,1,2024,2024
685024,1,1,2025,2025
685241,1,1,2023,2023
685276,1,1,2022,2022
686435,1,1,2022,2022
686946,1,1,2024,2024
687548,1,1,2025,2025
688304,1,1,2025,2025
688798,1,1,2026,2026
689145,1,1,2024,2024
689358,1,1,2022,2022
689424,1,1,2022,2022
689477,1,1,2025,2025
689705,1,1,2024,2024
690245,1,1,2025,2025
690600,1,1,2022,2022
691065,1,1,2025,2025
692979,1,1,2025,2025
693854,1,1,2021,2021
694089,1,1,2024,2024
697123,1,1,2021,2021
698081,1,1,2023,2023
700443,1,1,2026,2026
701107,1,1,2025,2025
701736,1,1,2021,2021
702402,1,1,2026,2026
702565,1,1,2021,2021
702850,1,1,2026,2026
703319,1,1,2022,2022
703390,1,1,2022,2022
703511,1,1,2024,2024
703774,1,1,2025,2025
704253,1,1,2024,2024
704604,1,1,2024,2024
705192,1,1,2025,2025
705262,1,1,2022,2022
705425,1,1,2026,2026
708868,1,1,2025,2025
710616,1,1,2023,2023
712702,1,1,2024,2024
712706,1,1,2023,2023
713579,1,1,2024,2024
714283,1,1,2021,2021
716441,1,1,2025,2025
717201,1,1,2024,2024
718314,1,1,2021,2021
719272,1,1,2023,2023
719378,1,1,2022,2022
719863,1,1,2021,2021
720180,1,1,2024,2024
720373,1,1,2023,2023
720718,1,1,2022,2022
720998,1,1,2025,2025
722123,1,1,2025,2025
722277,1,1,2023,2023
723081,1,1,2023,2023
723411,1,1,2022,2022
723539,1,1,2022,2022
724846,1,1,2026,2026
724971,1,1,2023,2023
725434,1,1,2022,2022
725762,1,1,2022,2022
726199,1,1,2026,2026
727048,1,1,2026,2026
727527,1,1,2021,2021
727942,1,1,2025,2025
729523,1,1,2023,2023
729578,1,1,2021,2021
730010,1,1,2024,2024
730805,1,1,2021,2021
731883,1,1,2022,2022
732098,1,1,2026,2026
732652,1,1,2025,2025
732672,1,1,2025,2025
733025,1,1,2024,2024
733886,1,1,2021,2021
734800,1,1,2021,2021
735946,1,1,2022,2022
736086,1,1,2023,2023
736220,1,1,2024,2024
736891,1,1,2021,2021
737420,1,1,2023,2023
737900,1,1,2021,2021
738017,1,1,2024,2024
739106,1,1,2025,2025
739117,1,1,2024,2024
739557,1,1,2025,2025
739733,1,1,2023,2023
740208,1,1,2023,2023
742621,1,1,2025,2025
743054,1,1,2022,2022
744077,1,1,2021,2021
744367,1,1,2024,2024
744395,1,1,2023,2023
745658,1,1,2024,2024
745748,1,1,2023,2023
746850,1,1,2023,2023
747512,1,1,2025,2025
747537,1,1,2025,2025
747593,1,1,2022,2022
748670,1,1,2025,2025
749128,1,1,2025,2025
749880,1,1,2020,2020
750157,1,1,2026,2026
750507,1,1,2021,2021
750620,1,1,2025,2025
750662,1,1,2022,2022
750953,1,1,2023,2023
751679,1,1,2023,2023
751761,1,1,2022,2022
752382,1,1,2023,2023
752533,1,1,2026,2026
752593,1,1,2025,2025
752905,1,1,2025,2025
754828,1,1,2025,2025
757053,1,1,2025,2025
757707,1,1,2026,2026
761152,1,1,2025,2025
761357,1,1,2022,2022
762524,1,1,2022,2022
763665,1,1,2025,2025
764021,1,1,2022,2022
765698,1,1,2025,2025
766600,1,1,2023,2023
766669,1,1,2024,2024
767892,1,1,2025,2025
770565,1,1,2024,2024
772109,1,1,2021,2021
772570,1,1,2024,2024
773221,1,1,2025,2025
773301,1,1,2021,2021
773910,1,1,2023,2023
774131,1,1,2020,2020
774234,1,1,2022,2022
775163,1,1,2024,2024
776076,1,1,2023,2023
776847,1,1,2023,2023
777108,1,1,2021,2021
777930,1,1,2021,2021
778315,1,1,2024,2024
779180,1,1,2021,2021
780971,1,1,2022,2022
781116,1,1,2025,2025
781506,1,1,2026,2026
781560,1,1,2025,2025
782147,1,1,2023,2023
782624,1,1,2024,2024
783315,1,1,2024,2024
783595,1,1,2021,2021
785372,1,1,2021,2021
787169,1,1,2023,2023
787321,1,1,2025,2025
789272,1,1,2022,2022
789768,1,1,2021,2021
789802,1,1,2025,2025
790478,1,1,2022,2022
790768,1,1,2025,2025
791163,1,1,2022,2022
791355,1,1,2023,2023
792222,1,1,2023,2023
792305,1,1,2024,2024
792519,1,1,2025,2025
792711,1,1,2021,2021
793176,1,1,2021,2021
793435,1,1,2025,2025
793483,1,1,2020,2020
794365,1,1,2021,2021
795124,1,1,2025,2025
795134,1,1,2025,2025
795999,1,1,2022,2022
798311,1,1,2021,2021
798653,1,1,2025,2025
798703,1,1,2024,2024
799262,1,1,2024,2024
800896,1,1,2021,2021
802342,1,1,2023,2023
804503,1,1,2023,2023
805072,1,1,2025,2025
805909,1,1,2025,2025
806853,1,1,2026,2026
807613,1,1,2021,2021
808217,1,1,2023,2023
808783,1,1,2025,2025
809203,1,1,2022,2022
809235,1,1,2024,2024
809682,1,1,2021,2021
809796,1,1,2024,2024
810712,1,1,2025,2025
810933,1,1,2026,2026
812137,1,1,2024,2024
812462,1,1,2021,2021
813079,1,1,2022,2022
813345,1,1,2025,2025
813412,1,1,2022,2022
813417,1,1,2024,2024
813729,1,1,2025,2025
814702,1,1,2024,2024
814729,1,1,2024,2024
815681,1,1,2024,2024
816318,1,1,2021,2021
816385,1,1,2022,2022
816458,1,1,2022,2022
818324,1,1,2024,2024
821374,1,1,2026,2026
822570,1,1,2024,2024
822721,1,1,2025,2025
824132,1,1,2021,2021
826045,1,1,2025,2025
826811,1,1,2020,2020
827202,1,1,2023,2023
827230,1,1,2026,2026
827249,1,1,2022,2022
827301,1,1,2024,2024
829131,1,1,2021,2021
829799,1,1,2021,2021
830445,1,1,2022,2022
831033,1,1,2023,2023
832681,1,1,2025,2025
833980,1,1,2025,2025
834540,1,1,2025,2025
835385,1,1,2026,2026
835782,1,1,2024,2024
836657,1,1,2024,2024
836677,1,1,2024,2024
836848,1,1,2024,2024
837118,1,1,2026,2026
837177,1,1,2025,2025
837221,1,1,2023,2023
839059,1,1,2025,2025
839117,1,1,2022,2022
839585,1,1,2023,2023
840916,1,1,2024,2024
840990,1,1,2025,2025
841324,1,1,2025,2025
842804,1,1,2023,2023
844138,1,1,2024,2024
845694,1,1,2026,2026
846118,1,1,2023,2023
847740,1,1,2020,2020
847922,1,1,2024,2024
848063,1,1,2022,2022
848384,1,1,2024,2024
848492,1,1,2022,2022
849332,1,1,2024,2024
849364,1,1,2024,2024
850192,1,1,2022,2022
851121,1,1,2022,2022
852083,1,1,2023,2023
853103,1,1,2025,2025
853188,1,1,2025,2025
853370,1,1,2020,2020
853810,1,1,2024,2024
854436,1,1,2021,2021
854873,1,1,2022,2022
855556,1,1,2024,2024
856041,1,1,2022,2022
856180,1,1,2025,2025
856988,1,1,2023,2023
857515,1,1,2025,2025
857566,1,1,2025,2025
860167,1,1,2025,2025
860542,1,1,2021,2021
861715,1,1,2024,2024
862018,1,1,2021,2021
863238,1,1,2024,2024
864475,1,1,2022,2022
865138,1,1,2022,2022
866439,1,1,2019,2019
866870,1,1,2024,2024
867621,1,1,2024,2024
867999,1,1,2022,2022
868780,1,1,2025,2025
868874,1,1,2024,2024
869198,1,1,2024,2024
869303,1,1,2022,2022
869596,1,1,2025,2025
869949,1,1,2025,2025
871574,1,1,2024,2024
872166,1,1,2024,2024
872683,1,1,2023,2023
873218,1,1,2025,2025
874001,1,1,2024,2024
874128,1,1,2023,2023
874919,1,1,2022,2022
875448,1,1,2021,2021
875876,1,1,2021,2021
876094,1,1,2021,2021
876688,1,1,2025,2025
876870,1,1,2024,2024
877195,1,1,2021,2021
877245,1,1,2023,2023
877776,1,1,2023,2023
877844,1,1,2025,2025
878869,1,1,2023,2023
878968,1,1,2021,2021
879903,1,1,2021,2021
880537,1,1,2024,2024
880573,1,1,2022,2022
880731,1,1,2025,2025
881228,1,1,2025,2025
881970,1,1,2025,2025
882459,1,1,2023,2023
883107,1,1,2025,2025
883796,1,1,2021,2021
884683,1,1,2021,2021
884764,1,1,2024,2024
885188,1,1,2023,2023
885341,1,1,2023,2023
885537,1,1,2021,2021
885573,1,1,2024,2024
885817,1,1,2022,2022
886393,1,1,2025,2025
886429,1,1,2020,2020
886492,1,1,2025,2025
887861,1,1,2026,2026
888186,1,1,2023,2023
889706,1,1,2024,2024
890671,1,1,2025,2025
891127,1,1,2023,2023
891438,1,1,2020,2020
891454,1,1,2024,2024
892191,1,1,2022,2022
892846,1,1,2021,2021
893307,1,1,2022,2022
894700,1,1,2024,2024
895251,1,1,2022,2022
895633,1,1,2022,2022
896632,1,1,2025,2025
897266,1,1,2023,2023
897429,1,1,2024,2024
898226,1,1,2024,2024
898662,1,1,2021,2021
898961,1,1,2026,2026
899085,1,1,2024,2024
899242,1,1,2022,2022
899257,1,1,2025,2025
899813,1,1,2025,2025
899887,1,1,2021,2021
900282,1,1,2022,2022
900936,1,1,2021,2021
901075,1,1,2022,2022
901199,1,1,2022,2022
902016,1,1,2024,2024
902593,1,1,2021,2021
902805,1,1,2025,2025
902868,1,1,2025,2025
903123,1,1,2023,2023
903165,1,1,2022,2022
904034,1,1,2024,2024
904468,1,1,2026,2026
905853,1,1,2022,2022
905856,1,1,2023,2023
905966,1,1,2023,2023
906774,1,1,2024,2024
907782,1,1,2022,2022
908393,1,1,2025,2025
908572,1,1,2025,2025
908764,1,1,2025,2025
908812,1,1,2021,2021
908911,1,1,2025,2025
909037,1,1,2024,2024
909395,1,1,2022,2022
909590,1,1,2024,2024
909680,1,1,2023,2023
910076,1,1,2025,2025
910497,1,1,2024,2024
912387,1,1,2025,2025
912990,1,1,2025,2025
913480,1,1,2022,2022
913501,1,1,2022,2022
913775,1,1,2024,2024
913847,1,1,2022,2022
913854,1,1,2021,2021
914035,1,1,2022,2022
914901,1,1,2023,2023
915224,1,1,2021,2021
915339,1,1,2025,2025
915764,1,1,2026,2026
915821,1,1,2025,2025
915846,1,1,2025,2025
916997,1,1,2023,2023
920324,1,1,2022,2022
921046,1,1,2024,2024
921671,1,1,2021,2021
922168,1,1,2024,2024
922186,1,1,2025,2025
922692,1,1,2022,2022
922859,1,1,2024,2024
923105,1,1,2021,2021
923471,1,1,2025,2025
924102,1,1,2021,2021
924274,1,1,2025,2025
924530,1,1,2022,2022
924742,1,1,2025,2025
926101,1,1,2024,2024
926247,1,1,2021,2021
927576,1,1,2021,2021
927899,1,1,2021,2021
928324,1,1,2022,2022
929051,1,1,2023,2023
929262,1,1,2025,2025
930035,1,1,2023,2023
930149,1,1,2024,2024
931056,1,1,2024,2024
931191,1,1,2025,2025
931233,1,1,2025,2025
932660,1,1,2025,2025
933569,1,1,2025,2025
933871,1,1,2021,2021
933887,1,1,2023,2023
935578,1,1,2024,2024
937119,1,1,2022,2022
937304,1,1,2024,2024
937414,1,1,2025,2025
937978,1,1,2024,2024
938474,1,1,2026,2026
938788,1,1,2021,2021
938845,1,1,2023,2023
939888,1,1,2025,2025
940720,1,1,2026,2026
941409,1,1,2022,2022
942525,1,1,2024,2024
943497,1,1,2025,2025
943676,1,1,2025,2025
943754,1,1,2025,2025
944243,1,1,2024,2024
945534,1,1,2026,2026
945570,1,1,2025,2025
945681,1,1,2022,2022
946666,1,1,2021,2021
949741,1,1,2025,2025
949765,1,1,2025,2025
950990,1,1,2025,2025
951878,1,1,2022,2022
952270,1,1,2024,2024
953444,1,1,2025,2025
953507,1,1,2024,2024
953620,1,1,2023,2023
953700,1,1,2021,2021
955054,1,1,2022,2022
955528,1,1,2024,2024
955530,1,1,2023,2023
956256,1,1,2022,2022
956549,1,1,2021,2021
956741,1,1,2022,2022
957413,1,1,2022,2022
957958,1,1,2022,2022
958259,1,1,2022,2022
958299,1,1,2022,2022
959215,1,1,2025,2025
961308,1,1,2024,2024
961524,1,1,2025,2025
962497,1,1,2024,2024
962574,1,1,2023,2023
963306,1,1,2021,2021
964057,1,1,2022,2022
964544,1,1,2025,2025
964981,1,1,2021,2021
965059,1,1,2022,2022
965563,1,1,2021,2021
965874,1,1,2025,2025
966541,1,1,2025,2025
967190,1,1,2020,2020
968510,1,1,2021,2021
969355,1,1,2023,2023
969631,1,1,2026,2026
971297,1,1,2022,2022
972088,1,1,2022,2022
972393,1,1,2024,2024
973447,1,1,2019,2019
973630,1,1,2022,2022
974688,1,1,2025,2025
974863,1,1,2025,2025
975839,1,1,2022,2022
975944,1,1,2022,2022
976209,1,1,2025,2025
977799,1,1,2023,2023
978383,1,1,2025,2025
979314,1,1,2026,2026
979802,1,1,2024,2024
979958,1,1,2024,2024
980434,1,1,2025,2025
980769,1,1,2025,2025
981200,1,1,2022,2022
981393,1,1,2021,2021
981436,1,1,2025,2025
982117,1,1,2024,2024
983672,1,1,2026,2026
986036,1,1,2023,2023
987410,1,1,2023,2023
987579,1,1,2025,2025
988046,1,1,2023,2023
989396,1,1,2025,2025
989707,1,1,2023,2023
990198,1,1,2025,2025
992150,1,1,2024,2024
992864,1,1,2025,2025
993234,1,1,2026,2026
994589,1,1,2022,2022
995132,1,1,2023,2023
995493,1,1,2022,2022
995790,1,1,2025,2025
995929,1,1,2023,2023
996401,1,1,2025,2025
996589,1,1,2021,2021
996620,1,1,2022,2022
996751,1,1,2023,2023
998665,1,1,2022,2022
998709,1,1,2021,2021
998854,1,1,2023,2023
999561,1,1,2025,2025
999571,1,1,2025,2025
1000250,1,1,2023,2023
1000332,1,1,2021,2021
1000948,1,1,2024,2024
1001263,1,1,2022,2022
1001861,1,1,2024,2024
1002045,1,1,2022,2022
1002978,1,1,2025,2025
1003706,1,1,2025,2025
1003740,1,1,2021,2021
1006733,1,1,2022,2022
1007370,1,1,2023,2023
1007464,1,1,2024,2024
1007999,1,1,2022,2022
1008133,1,1,2025,2025
1008699,1,1,2021,2021
1010644,1,1,2025,2025
1010848,1,1,2024,2024
1011659,1,1,2021,2021
1012363,1,1,2026,2026
1012386,1,1,2024,2024
1012590,1,1,2021,2021
1013753,1,1,2022,2022
1014130,1,1,2025,2025
1016226,1,1,2026,2026
1017918,1,1,2026,2026
1018370,1,1,2026,2026
1018521,1,1,2026,2026
1018715,1,1,2022,2022
1018936,1,1,2025,2025
1018984,1,1,2023,2023
1019383,1,1,2023,2023
1022530,1,1,2025,2025
1022984,1,1,2023,2023
1023043,1,1,2024,2024
1023786,1,1,2025,2025
1023893,1,1,2022,2022
1024095,1,1,2022,2022
1025394,1,1,2024,2024
1026588,1,1,2021,2021
1026689,1,1,2021,2021
1026836,1,1,2023,2023
1026909,1,1,2023,2023
1027197,1,1,2024,2024
1028638,1,1,2023,2023
1029300,1,1,2024,2024
1029450,1,1,2025,2025
1029629,1,1,2024,2024
1029757,1,1,2024,2024
1030184,1,1,2026,2026
1030913,1,1,2021,2021
1031233,1,1,2025,2025
1031252,1,1,2024,2024
1031457,1,1,2025,2025
1032663,1,1,2025,2025
1032695,1,1,2022,2022
1033019,1,1,2025,2025
1033596,1,1,2025,2025
1033653,1,1,2022,2022
1033960,1,1,2023,2023
1034027,1,1,2023,2023
1034424,1,1,2026,2026
1034708,1,1,2025,2025
1034840,1,1,2025,2025
1035037,1,1,2022,2022
1036196,1,1,2025,2025
1036272,1,1,2021,2021
1036391,1,1,2024,2024
1036526,1,1,2023,2023
1037234,1,1,2025,2025
1040786,1,1,2024,2024
1041419,1,1,2022,2022
1042137,1,1,2025,2025
1042215,1,1,2024,2024
1042707,1,1,2026,2026
1046273,1,1,2023,2023
1046959,1,1,2023,2023
1047478,1,1,2023,2023
1047844,1,1,2025,2025
1048298,1,1,2025,2025
1049229,1,1,2022,2022
1049710,1,1,2024,2024
1052542,1,1,2024,2024
1052585,1,1,2023,2023
1052932,1,1,2024,2024
1053000,1,1,2021,2021
1054100,1,1,2024,2024
1054569,1,1,2022,2022
1056465,1,1,2025,2025
1056485,1,1,2022,2022
1056646,1,1,2023,2023
1056836,1,1,2024,2024
1057337,1,1,2022,2022
1057533,1,1,2024,2024
1058203,1,1,2022,2022
1058786,1,1,2023,2023
1059067,1,1,2025,2025
1059796,1,1,2025,2025
1059848,1,1,2022,2022
1060027,1,1,2023,2023
1061064,1,1,2022,2022
1061269,1,1,2025,2025
1061317,1,1,2022,2022
1061396,1,1,2022,2022
1062172,1,1,2026,2026
1062817,1,1,2025,2025
1062940,1,1,2024,2024
1063087,1,1,2024,2024
1063700,1,1,2024,2024
1063724,1,1,2025,2025
1063889,1,1,2021,2021
1065416,1,1,2025,2025
1066861,1,1,2025,2025
1066903,1,1,2022,2022
1066961,1,1,2024,2024
1067301,1,1,2025,2025
1068037,1,1,2024,2024
1068325,1,1,2026,2026
1068499,1,1,2023,2023
1068808,1,1,2021,2021
1069241,1,1,2022,2022
1072983,1,1,2022,2022
1073848,1,1,2023,2023
1073949,1,1,2024,2024
1074016,1,1,2024,2024
1074268,1,1,2022,2022
1074474,1,1,2025,2025
1075469,1,1,2024,2024
1075480,1,1,2024,2024
1076577,1,1,2021,2021
1076864,1,1,2024,2024
1077020,1,1,2025,2025
1077213,1,1,2021,2021
1078447,1,1,2025,2025
1080366,1,1,2021,2021
1080854,1,1,2024,2024
1081181,1,1,2025,2025
1082185,1,1,2026,2026
1082442,1,1,2021,2021
1083154,1,1,2022,2022
1085370,1,1,2024,2024
1086446,1,1,2024,2024
1087544,1,1,2022,2022
1087550,1,1,2021,2021
1087571,1,1,2025,2025
1087992,1,1,2025,2025
1088083,1,1,2022,2022
1090506,1,1,2023,2023
1090558,1,1,2024,2024
1091016,1,1,2022,2022
1092057,1,1,2025,2025
1092398,1,1,2024,2024
1092760,1,1,2023,2023
1093403,1,1,2023,2023
1094199,1,1,2024,2024
1094272,1,1,2024,2024
1095558,1,1,2021,2021
1095641,1,1,2025,2025
1095729,1,1,2023,2023
1098521,1,1,2021,2021
1098951,1,1,2025,2025
1102022,1,1,2023,2023
1102286,1,1,2023,2023
1102447,1,1,2022,2022
1102566,1,1,2021,2021
1102621,1,1,2023,2023
1103190,1,1,2021,2021
1104080,1,1,2025,2025
1104641,1,1,2023,2023
1105368,1,1,2023,2023
1105386,1,1,2024,2024
1105758,1,1,2025,2025
1105820,1,1,2021,2021
1106637,1,1,2025,2025
1108138,1,1,2024,2024
1109064,1,1,2023,2023
1111226,1,1,2025,2025
1112027,1,1,2023,2023
1113437,1,1,2025,2025
1113681,1,1,2022,2022
1113974,1,1,2023,2023
1114343,1,1,2021,2021
1115654,1,1,2022,2022
1116002,1,1,2023,2023
1117144,1,1,2020,2020
1117182,1,1,2025,2025
1117786,1,1,2025,2025
1117929,1,1,2023,2023
1118172,1,1,2025,2025
1118688,1,1,2025,2025
1119453,1,1,2022,2022
1119640,1,1,2024,2024
1121633,1,1,2023,2023
1121776,1,1,2021,2021
1121874,1,1,2021,2021
1122036,1,1,2024,2024
1123159,1,1,2024,2024
1123790,1,1,2021,2021
1124664,1,1,2023,2023
1124739,1,1,2025,2025
1125091,1,1,2024,2024
1125213,1,1,2022,2022
1125315,1,1,2020,2020
1126333,1,1,2023,2023
1126380,1,1,2022,2022
1127235,1,1,2023,2023
1127348,1,1,2023,2023
1127415,1,1,2022,2022
1127490,1,1,2022,2022
1128207,1,1,2018,2018
1128352,1,1,2024,2024
1128585,1,1,2025,2025
1129817,1,1,2026,2026
1129893,1,1,2025,2025
1130887,1,1,2025,2025
1131399,1,1,2024,2024
1131492,1,1,2021,2021
1132141,1,1,2020,2020
1132355,1,1,2022,2022
1132727,1,1,2023,2023
1133685,1,1,2022,2022
1134428,1,1,2025,2025
1134972,1,1,2024,2024
1136739,1,1,2022,2022
1136972,1,1,2025,2025
1137068,1,1,2020,2020
1137110,1,1,2026,2026
1137513,1,1,2024,2024
1137538,1,1,2022,2022
1138170,1,1,2022,2022
1138676,1,1,2024,2024
1138898,1,1,2023,2023
1139065,1,1,2021,2021
1139446,1,1,2024,2024
1140526,1,1,2022,2022
1140811,1,1,2025,2025
1141657,1,1,2024,2024
1142360,1,1,2025,2025
1142720,1,1,2025,2025
1143097,1,1,2025,2025
1143198,1,1,2025,2025
1144197,1,1,2025,2025
1144363,1,1,2025,2025
1144595,1,1,2025,2025
1144740,1,1,2025,2025
1144816,1,1,2024,2024
1145980,1,1,2021,2021
1147251,1,1,2022,2022
1147368,1,1,2022,2022
1147579,1,1,2020,2020
1148123,1,1,2023,2023
1148547,1,1,2025,2025
1149382,1,1,2024,2024
1150893,1,1,2024,2024
1150914,1,1,2026,2026
1151517,1,1,2021,2021
1152569,1,1,2021,2021
1153720,1,1,2024,2024
1154249,1,1,2022,2022
1154464,1,1,2025,2025
1154988,1,1,2025,2025
1155581,1,1,2025,2025
1155830,1,1,2022,2022
1156750,1,1,2021,2021
1156970,1,1,2021,2021
1157791,1,1,2026,2026
1157892,1,1,2025,2025
1158315,1,1,2023,2023
1158566,1,1,2021,2021
1159281,1,1,2025,2025
1159606,1,1,2024,2024
1159802,1,1,2022,2022
1160144,1,1,2024,2024
1161569,1,1,2023,2023
1163394,1,1,2026,2026
1163497,1,1,2024,2024
1164310,1,1,2024,2024
1165514,1,1,2024,2024
1165815,1,1,2024,2024
1165979,1,1,2021,2021
1168074,1,1,2023,2023
1168381,1,1,2025,2025
1168671,1,1,2022,2022
1169066,1,1,2024,2024
1169473,1,1,2024,2024
1170607,1,1,2020,2020
1170990,1,1,2023,2023
1172695,1,1,2022,2022
1172896,1,1,2024,2024
1173826,1,1,2023,2023
1174117,1,1,2025,2025
1174419,1,1,2023,2023
1175185,1,1,2024,2024
1175337,1,1,2021,2021
1175559,1,1,2024,2024
1175700,1,1,2024,2024
1175771,1,1,2021,2021
1176559,1,1,2022,2022
1177387,1,1,2023,2023
1177816,1,1,2021,2021
1177886,1,1,2025,2025
1178904,1,1,2025,2025
1179098,1,1,2024,2024
1179681,1,1,2023,2023
1179750,1,1,2024,2024
1179896,1,1,2021,2021
1182420,1,1,2025,2025
1182568,1,1,2023,2023
1183658,1,1,2025,2025
1184755,1,1,2024,2024
1184827,1,1,2024,2024
1185006,1,1,2021,2021
1185473,1,1,2023,2023
1186136,1,1,2021,2021
1186397,1,1,2024,2024
1188002,1,1,2021,2021
1188962,1,1,2021,2021
1189555,1,1,2024,2024
1190871,1,1,2026,2026
1191182,1,1,2025,2025
1191256,1,1,2021,2021
1191432,1,1,2023,2023
1191500,1,1,2025,2025
1191759,1,1,2025,2025
1192110,1,1,2022,2022
1192762,1,1,2024,2024
1194131,1,1,2024,2024
1194334,1,1,2022,2022
1195421,1,1,2022,2022
1195545,1,1,2023,2023
1195979,1,1,2026,2026
1196282,1,1,2024,2024
1196351,1,1,2024,2024
1196441,1,1,2025,2025
1196466,1,1,2023,2023
1196634,1,1,2023,2023
1197356,1,1,2026,2026
1197561,1,1,2021,2021
1197614,1,1,2022,2022
1199156,1,1,2022,2022
1199772,1,1,2022,2022
1200923,1,1,2024,2024
1203638,1,1,2023,2023
1204300,1,1,2021,2021
1204459,1,1,2023,2023
1205255,1,1,2022,2022
1205859,1,1,2024,2024
1205944,1,1,2022,2022
1206003,1,1,2021,2021
1206879,1,1,2023,2023
1207138,1,1,2022,2022
1207408,1,1,2026,2026
1208113,1,1,2021,2021
1208463,1,1,2025,2025
1209479,1,1,2023,2023
1212054,1,1,2024,2024
1212107,1,1,2022,2022
1212594,1,1,2024,2024
1212817,1,1,2021,2021
1212991,1,1,2024,2024
1213321,1,1,2023,2023
1214084,1,1,2024,2024
1214635,1,1,2025,2025
1215063,1,1,2022,2022
1215286,1,1,2022,2022
1215854,1,1,2022,2022
1216111,1,1,2025,2025
1216250,1,1,2022,2022
1217011,1,1,2025,2025
1217094,1,1,2023,2023
1217480,1,1,2024,2024
1218291,1,1,2025,2025
1218424,1,1,2025,2025
1218816,1,1,2024,2024
1218968,1,1,2024,2024
1220949,1,1,2024,2024
1221730,1,1,2023,2023
1221774,1,1,2025,2025
1222637,1,1,2021,2021
1224201,1,1,2022,2022
1224699,1,1,2022,2022
1224726,1,1,2022,2022
1224803,1,1,2025,2025
1224927,1,1,2023,2023
1226645,1,1,2022,2022
1227180,1,1,2024,2024
1228141,1,1,2025,2025
1228275,1,1,2023,2023
1229964,1,1,2025,2025
1230543,1,1,2025,2025
1230760,1,1,2024,2024
1231001,1,1,2024,2024
1231687,1,1,2021,2021
1231984,1,1,2024,2024
1234998,1,1,2021,2021
1236300,1,1,2023,2023
1237838,1,1,2025,2025
1238132,1,1,2025,2025
1238301,1,1,2021,2021
1238479,1,1,2024,2024
1239745,1,1,2021,2021
1240340,1,1,2021,2021
1240781,1,1,2025,2025
1240999,1,1,2021,2021
1241465,1,1,2024,2024
1242609,1,1,2022,2022
1243335,1,1,2021,2021
1243664,1,1,2022,2022
1244088,1,1,2024,2024
1244650,1,1,2024,2024
1245158,1,1,2026,2026
1246316,1,1,2024,2024
1247318,1,1,2024,2024
1247368,1,1,2020,2020
1248120,1,1,2025,2025
1248595,1,1,2025,2025
1248714,1,1,2023,2023
1249154,1,1,2025,2025
1249330,1,1,2025,2025
1250002,1,1,2024,2024
1250218,1,1,2021,2021
1250610,1,1,2021,2021
1251787,1,1,2024,2024
1253342,1,1,2022,2022
1253772,1,1,2026,2026
1254047,1,1,2022,2022
1254139,1,1,2021,2021
1254459,1,1,2023,2023
1254650,1,1,2023,2023
1254787,1,1,2021,2021
1255480,1,1,2025,2025
1256217,1,1,2023,2023
1256625,1,1,2022,2022
1257140,1,1,2023,2023
1257155,1,1,2022,2022
1259575,1,1,2024,2024
1260543,1,1,2025,2025
1262053,1,1,2022,2022
1262581,1,1,2022,2022
1264154,1,1,2021,2021
1264174,1,1,2023,2023
1264218,1,1,2025,2025
1265304,1,1,2024,2024
1265759,1,1,2021,2021
1266418,1,1,2024,2024
1266616,1,1,2023,2023
1267066,1,1,2023,2023
1267340,1,1,2024,2024
1268161,1,1,2021,2021
1268465,1,1,2021,2021
1268934,1,1,2021,2021
1269132,1,1,2024,2024
1270184,1,1,2022,2022
1270923,1,1,2024,2024
1272151,1,1,2026,2026
1275908,1,1,2021,2021
1276656,1,1,2024,2024
1277008,1,1,2025,2025
1277145,1,1,2021,2021
1278286,1,1,2026,2026
1278481,1,1,2024,2024
1278612,1,1,2024,2024
1279104,1,1,2025,2025
1279358,1,1,2024,2024
1279963,1,1,2025,2025
1280216,1,1,2021,2021
1280678,1,1,2023,2023
1280999,1,1,2021,2021
1282286,1,1,2026,2026
1282616,1,1,2022,2022
1282896,1,1,2021,2021
1283002,1,1,2022,2022
1283050,1,1,2021,2021
1283162,1,1,2025,2025
1283729,1,1,2026,2026
1283956,1,1,2025,2025
1284148,1,1,2026,2026
1284237,1,1,2023,2023
1285299,1,1,2020,2020
1285732,1,1,2025,2025
1285897,1,1,2025,2025
1286862,1,1,2022,2022
1287349,1,1,2022,2022
1287353,1,1,2025,2025
1287489,1,1,2022,2022
1288126,1,1,2023,2023
1288353,1,1,2023,2023
1288396,1,1,2021,2021
1288504,1,1,2022,2022
1290333,1,1,2025,2025
1291918,1,1,2025,2025
1292281,1,1,2022,2022
1293168,1,1,2023,2023
1294460,1,1,2026,2026
1294896,1,1,2024,2024
1295658,1,1,2025,2025
1296125,1,1,2021,2021
1296875,1,1,2023,2023
1300269,1,1,2026,2026
1301988,1,1,2023,2023
1302581,1,1,2021,2021
1302650,1,1,2023,2023
1303302,1,1,2022,2022
1304204,1,1,2025,2025
1304207,1,1,2022,2022
1304991,1,1,2024,2024
1305756,1,1,2021,2021
1305970,1,1,2024,2024
1310758,1,1,2021,2021
1311205,1,1,2025,2025
1311350,1,1,2026,2026
1311515,1,1,2025,2025
1312068,1,1,2022,2022
1312247,1,1,2024,2024
1313048,1,1,2024,2024
1313278,1,1,2025,2025
1314278,1,1,2023,2023
1314692,1,1,2023,2023
1316995,1,1,2022,2022
1319865,1,1,2021,2021
1319908,1,1,2021,2021
1321216,1,1,2025,2025
1321896,1,1,2023,2023
1325283,1,1,2025,2025
1325480,1,1,2022,2022
1326083,1,1,2025,2025
1326300,1,1,2025,2025
1326534,1,1,2024,2024
1327291,1,1,2023,2023
1327838,1,1,2022,2022
1328328,1,1,2025,2025
1328826,1,1,2026,2026
1329411,1,1,2024,2024
1329861,1,1,2026,2026
1330439,1,1,2021,2021
1330675,1,1,2024,2024
1330828,1,1,2024,2024
1330888,1,1,2022,2022
1330983,1,1,2025,2025
1331526,1,1,2025,2025
1332071,1,1,2025,2025
1332254,1,1,2020,2020
1333424,1,1,2022,2022
1333849,1,1,2024,2024
1333984,1,1,2024,2024
1335914,1,1,2023,2023
1336037,1,1,2022,2022
1338244,1,1,2025,2025
1338652,1,1,2021,2021
1339474,1,1,2026,2026
1341107,1,1,2022,2022
1341403,1,1,2026,2026
1341444,1,1,2023,2023
1341766,1,1,2022,2022
1342072,1,1,2023,2023
1342367,1,1,2026,2026
1343046,1,1,2024,2024
1343282,1,1,2022,2022
1343910,1,1,2025,2025
1344157,1,1,2023,2023
1344174,1,1,2024,2024
1344246,1,1,2024,2024
1345894,1,1,2021,2021
1346472,1,1,2026,2026
1347422,1,1,2025,2025
1348682,1,1,2022,2022
1350999,1,1,2021,2021
1351636,1,1,2021,2021
1354446,1,1,2026,2026
1356670,1,1,2022,2022
1356990,1,1,2022,2022
1357737,1,1,2021,2021
1357951,1,1,2023,2023
1358551,1,1,2024,2024
1359295,1,1,2023,2023
1359649,1,1,2025,2025
1359687,1,1,2023,2023
1359972,1,1,2022,2022
1363812,1,1,2024,2024
1364204,1,1,2023,2023
1364718,1,1,2021,2021
1365810,1,1,2022,2022
1366203,1,1,2021,2021
1366996,1,1,2022,2022
1367725,1,1,2024,2024
1367749,1,1,2024,2024
1369756,1,1,2024,2024
1370440,1,1,2024,2024
1370543,1,1,2025,2025
1371904,1,1,2022,2022
1373849,1,1,2024,2024
1374381,1,1,2024,2024
1374849,1,1,2024,2024
1375888,1,1,2023,2023
1378895,1,1,2022,2022
1380335,1,1,2023,2023
1381006,1,1,2024,2024
1381859,1,1,2021,2021
1382563,1,1,2024,2024
1386132,1,1,2024,2024
1386352,1,1,2025,2025
1387048,1,1,2021,2021
1387250,1,1,2024,2024
1388937,1,1,2023,2023
1389349,1,1,2024,2024
1389573,1,1,2024,2024
1390169,1,1,2026,2026
1392164,1,1,2025,2025
1392227,1,1,2024,2024
1393554,1,1,2025,2025
1393651,1,1,2022,2022
1396878,1,1,2025,2025
1396960,1,1,2022,2022
1397161,1,1,2025,2025
1398478,1,1,2021,2021
1398609,1,1,2021,2021
1398620,1,1,2024,2024
1399181,1,1,2022,2022
1399406,1,1,2024,2024
1400416,1,1,2021,2021
1402625,1,1,2023,2023
1402937,1,1,2022,2022
1404576,1,1,2021,2021
1405025,1,1,2020,2020
1406968,1,1,2026,2026
1407328,1,1,2023,2023
1411248,1,1,2024,2024
1411771,1,1,2026,2026
1412263,1,1,2025,2025
1412402,1,1,2025,2025
1412599,1,1,2026,2026
1413354,1,1,2025,2025
1413935,1,1,2025,2025
1416227,1,1,2024,2024
1420849,1,1,2025,2025
1421338,1,1,2024,2024
1421355,1,1,2024,2024
1422494,1,1,2022,2022
1424005,1,1,2025,2025
1424079,1,1,2024,2024
1424671,1,1,2023,2023
1425943,1,1,2021,2021
1427323,1,1,2021,2021
1427366,1,1,2024,2024
1429627,1,1,2024,2024
1430275,1,1,2024,2024
1430622,1,1,2023,2023
1431247,1,1,2021,2021
1432549,1,1,2026,2026
1435072,1,1,2020,2020
1435217,1,1,2023,2023
1436987,1,1,2021,2021
1437426,1,1,2023,2023
1437934,1,1,2026,2026
1438648,1,1,2024,2024
1439595,1,1,2024,2024
1439835,1,1,2024,2024
1440535,1,1,2025,2025
1440896,1,1,2022,2022
1441292,1,1,2022,2022
1442914,1,1,2025,2025
1442971,1,1,2022,2022
1444192,1,1,2024,2024
1445126,1,1,2022,2022
1445129,1,1,2022,2022
1446413,1,1,2022,2022
1446436,1,1,2022,2022
1446788,1,1,2025,2025
1447590,1,1,2024,2024
1448708,1,1,2023,2023
1453291,1,1,2023,2023
1455091,1,1,2021,2021
1457258,1,1,2025,2025
1457545,1,1,2022,2022
1458792,1,1,2022,2022
1461088,1,1,2021,2021
1463971,1,1,2020,2020
1464239,1,1,2022,2022
1465331,1,1,2021,2021
1465714,1,1,2025,2025
1470739,1,1,2024,2024
1470797,1,1,2025,2025
1471343,1,1,2023,2023
1474024,1,1,2022,2022
1474081,1,1,2025,2025
1474223,1,1,2025,2025
1474629,1,1,2021,2021
1484160,1,1,2022,2022
1488270,1,1,2022,2022
1489168,1,1,2021,2021
1494081,1,1,2025,2025
1494801,1,1,2023,2023
1496446,1,1,2024,2024
1502527,1,1,2022,2022
1510616,1,1,2022,2022
1512544,1,1,2024,2024
1517140,1,1,2024,2024
1521229,1,1,2021,2021
1538302,1,1,2023,2023
1545280,1,1,2024,2024
1569763,1,1,2025,2025
1619540,1,1,2022,2022
1626623,1,1,2025,2025
1631273,1,1,2024,2024
1631665,1,1,2024,2024
1633885,1,1,2025,2025
1635996,1,1,2024,2024
1642281,1,1,2023,2023
1642883,1,1,2025,2025
1643691,1,1,2023,2023
1644039,1,1,2021,2021
1644222,1,1,2024,2024
1644829,1,1,2022,2022
1645598,1,1,2021,2021
1647085,1,1,2021,2021
1648976,1,1,2023,2023
1652061,1,1,2025,2025
1652456,1,1,2020,2020
1653580,1,1,2021,2021
1653944,1,1,2025,2025
1655334,1,1,2025,2025
1656403,1,1,2026,2026
1657189,1,1,2024,2024
1657613,1,1,2022,2022
1662080,1,1,2025,2025
1669144,1,1,2024,2024
1669885,1,1,2022,2022
1669952,1,1,2025,2025
1671957,1,1,2021,2021
1673092,1,1,2022,2022
1673281,1,1,2023,2023
1673820,1,1,2022,2022
1678557,1,1,2021,2021
1678744,1,1,2021,2021
1680075,1,1,2024,2024
1680786,1,1,2021,2021
1684599,1,1,2022,2022
1690879,1,1,2025,2025
1694781,1,1,2022,2022
1697847,1,1,2020,2020
1697875,1,1,2024,2024
1703966,1,1,2023,2023
1706704,1,1,2021,2021
1707038,1,1,2021,2021
1708770,1,1,2023,2023
1718641,1,1,2022,2022
1718842,1,1,2022,2022
1719129,1,1,2022,2022
1719881,1,1,2021,2021
1720168,1,1,2021,2021
1720222,1,1,2023,2023
1725666,1,1,2026,2026
1725952,1,1,2025,2025
1726756,1,1,2024,2024
1728156,1,1,2024,2024
1729828,1,1,2021,2021
1732347,1,1,2020,2020
1740750,1,1,2023,2023
1745552,1,1,2021,2021
1752520,1,1,2024,2024
1758081,1,1,2022,2022
1765344,1,1,2024,2024
1771726,1,1,2021,2021
1774153,1,1,2021,2021
1775069,1,1,2022,2022
1782134,1,1,2022,2022
1783234,1,1,2021,2021
1785339,1,1,2022,2022
1790877,1,1,2025,2025
1791551,1,1,2024,2024
1792992,1,1,2022,2022
1793081,1,1,2024,2024
1799549,1,1,2022,2022
1800748,1,1,2025,2025
1800985,1,1,2024,2024
1800991,1,1,2023,2023
1805738,1,1,2024,2024
1814073,1,1,2025,2025
1816162,1,1,2021,2021
1819135,1,1,2023,2023
1823520,1,1,2024,2024
1824680,1,1,2023,2023
1825691,1,1,2024,2024
1825861,1,1,2021,2021
1827699,1,1,2022,2022
1827879,1,1,2021,2021
1829212,1,1,2025,2025
1840679,1,1,2022,2022
1843032,1,1,2025,2025
1844106,1,1,2022,2022
1844119,1,1,2024,2024
1844134,1,1,2025,2025
1845322,1,1,2025,2025
1845463,1,1,2023,2023
1847127,1,1,2024,2024
1852943,1,1,2021,2021
1855565,1,1,2023,2023
1860235,1,1,2025,2025
1860892,1,1,2025,2025
1863370,1,1,2021,2021
1865383,1,1,2024,2024
1865728,1,1,2023,2023
1867242,1,1,2023,2023
1871908,1,1,2024,2024
1872708,1,1,2021,2021
1876174,1,1,2024,2024
1876332,1,1,2020,2020
1876337,1,1,2024,2024
1876791,1,1,2025,2025
1877288,1,1,2022,2022
1878201,1,1,2024,2024
1881010,1,1,2023,2023
1881320,1,1,2025,2025
1882039,1,1,2023,2023
1882250,1,1,2025,2025
1883735,1,1,2022,2022
1883808,1,1,2022,2022
1884857,1,1,2022,2022
1885106,1,1,2024,2024
1885137,1,1,2025,2025
1886407,1,1,2023,2023
1886956,1,1,2023,2023
1890193,1,1,2023,2023
1892997,1,1,2025,2025
1893136,1,1,2024,2024
1893341,1,1,2024,2024
1893903,1,1,2023,2023
1898404,1,1,2023,2023
1903373,1,1,2024,2024
1915094,1,1,2022,2022
1923065,1,1,2024,2024
1924943,1,1,2021,2021
1925465,1,1,2024,2024
1925873,1,1,2022,2022
1928971,1,1,2022,2022
1929428,1,1,2025,2025
1930854,1,1,2023,2023
1931451,1,1,2024,2024
1934069,1,1,2022,2022
1937684,1,1,2023,2023
1938250,1,1,2025,2025
1942051,1,1,2026,2026
1942331,1,1,2021,2021
1945378,1,1,2021,2021
1949896,1,1,2022,2022
1950279,1,1,2024,2024
1953107,1,1,2025,2025
1954148,1,1,2022,2022
1955702,1,1,2022,2022
1955962,1,1,2024,2024
1956318,1,1,2021,2021
1957088,1,1,2022,2022
1957618,1,1,2021,2021
1957679,1,1,2022,2022
1958723,1,1,2024,2024
1966193,1,1,2025,2025
1968664,1,1,2024,2024
1973709,1,1,2024,2024
1977391,1,1,2026,2026
1977614,1,1,2025,2025
1980381,1,1,2025,2025
1982786,1,1,2024,2024
1985532,1,1,2025,2025
1986930,1,1,2025,2025
1998239,1,1,2025,2025
2001790,1,1,2023,2023
2003863,1,1,2022,2022
2003870,1,1,2022,2022
2004835,1,1,2023,2023
2006692,1,1,2026,2026
2007449,1,1,2024,2024
2007835,1,1,2025,2025
2012725,1,1,2022,2022
2014557,1,1,2023,2023
2014678,1,1,2022,2022
2015394,1,1,2022,2022
2016726,1,1,2025,2025
2016782,1,1,2026,2026
2016843,1,1,2021,2021
2018975,1,1,2025,2025
2021023,1,1,2025,2025
2022987,1,1,2024,2024
2034178,1,1,2026,2026
2036577,1,1,2021,2021
2036860,1,1,2022,2022
2036868,1,1,2022,2022
2040295,1,1,2021,2021
2040756,1,1,2022,2022
2041998,1,1,2024,2024
2045448,1,1,2024,2024
2048793,1,1,2022,2022
2051008,1,1,2026,2026
2055045,1,1,2025,2025
2055188,1,1,2022,2022
2056840,1,1,2021,2021
2057649,1,1,2020,2020
2058199,1,1,2022,2022
2061859,1,1,2022,2022
2065955,1,1,2025,2025
2067477,1,1,2023,2023
2067626,1,1,2022,2022
2069507,1,1,2023,2023
2072698,1,1,2025,2025
2079034,1,1,2024,2024
2079083,1,1,2025,2025
2079275,1,1,2024,2024
2079523,1,1,2020,2020
2079745,1,1,2024,2024
2079856,1,1,2025,2025
2082369,1,1,2024,2024
2085106,1,1,2022,2022
2086992,1,1,2023,2023
2087436,1,1,2023,2023
2087662,1,1,2022,2022
2099931,1,1,2024,2024
2100604,1,1,2022,2022
2101539,1,1,2022,2022
2103000,1,1,2022,2022
2104941,1,1,2022,2022
2108041,1,1,2022,2022
2110126,1,1,2023,2023
2111209,1,1,2021,2021
2128438,1,1,2024,2024
2134661,1,1,2021,2021
2135473,1,1,2021,2021
2139201,1,1,2023,2023
2142692,1,1,2021,2021
2144981,1,1,2023,2023
2145520,1,1,2023,2023
2145616,1,1,2025,2025
2149148,1,1,2023,2023
2149386,1,1,2020,2020
2149493,1,1,2023,2023
2149562,1,1,2022,2022
2149617,1,1,2023,2023
2151754,1,1,2024,2024
2155035,1,1,2024,2024
2156517,1,1,2024,2024
2156949,1,1,2024,2024
2159120,1,1,2021,2021
2171384,1,1,2022,2022
2184381,1,1,2024,2024
2185513,1,1,2025,2025
2188032,1,1,2025,2025
2189809,1,1,2025,2025
2193540,1,1,2024,2024
2196005,1,1,2021,2021
2199564,1,1,2022,2022
2201523,1,1,2025,2025
2201605,1,1,2021,2021
2214163,1,1,2025,2025
2215049,1,1,2023,2023
2217927,1,1,2024,2024
2219526,1,1,2022,2022
2220544,1,1,2025,2025
2220557,1,1,2024,2024
2224356,1,1,2026,2026
2229359,1,1,2022,2022
2231478,1,1,2024,2024
2237256,1,1,2021,2021
2240494,1,1,2023,2023
2240726,1,1,2024,2024
2241717,1,1,2024,2024
2247892,1,1,2024,2024
2253115,1,1,2022,2022
2262096,1,1,2023,2023
2262553,1,1,2022,2022
2264165,1,1,2022,2022
2282414,1,1,2025,2025
2282994,1,1,2024,2024
2285346,1,1,2021,2021
2285383,1,1,2021,2021
2288396,1,1,2024,2024
2288419,1,1,2024,2024
2288941,1,1,2024,2024
2289079,1,1,2025,2025
2291369,1,1,2024,2024
2293141,1,1,2022,2022
2304544,1,1,2024,2024
2305357,1,1,2022,2022
2305570,1,1,2024,2024
2309918,1,1,2021,2021
2320106,1,1,2021,2021
2322832,1,1,2025,2025
2324216,1,1,2024,2024
2324727,1,1,2025,2025
2328598,1,1,2022,2022
2340597,1,1,2021,2021
2343913,1,1,2024,2024
2351676,1,1,2023,2023
2358381,1,1,2023,2023
2359661,1,1,2024,2024
2374132,1,1,2025,2025
2378953,1,1,2022,2022
2379746,1,1,2022,2022
2384705,1,1,2021,2021
2386640,1,1,2022,2022
2388862,1,1,2022,2022
2394275,1,1,2025,2025
2397793,1,1,2025,2025
2398789,1,1,2023,2023
2400317,1,1,2025,2025
2400780,1,1,2021,2021
2407440,1,1,2024,2024
2411726,1,1,2021,2021
2413550,1,1,2021,2021
2417173,1,1,2021,2021
2418249,1,1,2024,2024
2421778,1,1,2024,2024
2424682,1,1,2025,2025
2428943,1,1,2024,2024
2429939,1,1,2022,2022
2430032,1,1,2021,2021
2432979,1,1,2025,2025
2439556,1,1,2025,2025
2443631,1,1,2021,2021
2446195,1,1,2023,2023
2446555,1,1,2022,2022
2446880,1,1,2024,2024
2447824,1,1,2021,2021
2448831,1,1,2024,2024
2456029,1,1,2026,2026
2456827,1,1,2025,2025
2457445,1,1,2024,2024
2462223,1,1,2025,2025
2466236,1,1,2024,2024
2466800,1,1,2024,2024
2468097,1,1,2024,2024
2469823,1,1,2024,2024
2470015,1,1,2025,2025
2477258,1,1,2023,2023
2481614,1,1,2023,2023
2486062,1,1,2024,2024
2489614,1,1,2023,2023
2490077,1,1,2020,2020
2490114,1,1,2024,2024
2494662,1,1,2023,2023
2504073,1,1,2021,2021
2506255,1,1,2025,2025
2511009,1,1,2023,2023
2514013,1,1,2023,2023
2525905,1,1,2024,2024
2526829,1,1,2025,2025
2528518,1,1,2024,2024
2534035,1,1,2023,2023
2535475,1,1,2021,2021
2537524,1,1,2022,2022
2538101,1,1,2021,2021
2538594,1,1,2022,2022
2538900,1,1,2024,2024
2538975,1,1,2025,2025
2539180,1,1,2025,2025
2555293,1,1,2021,2021
2555332,1,1,2025,2025
2571518,1,1,2023,2023
2574480,1,1,2024,2024
2575509,1,1,2025,2025
2578798,1,1,2024,2024
2580599,1,1,2023,2023
2584133,1,1,2026,2026
2585333,1,1,2022,2022
2586836,1,1,2025,2025
2588016,1,1,2022,2022
2591531,1,1,2024,2024
2594915,1,1,2026,2026
2596239,1,1,2022,2022
2596589,1,1,2021,2021
2603883,1,1,2022,2022
2613097,1,1,2024,2024
2617928,1,1,2023,2023
2631877,1,1,2025,2025
2637342,1,1,2023,2023
2638487,1,1,2021,2021
2638602,1,1,2023,2023
2643072,1,1,2025,2025
2645072,1,1,2021,2021
2648325,1,1,2023,2023
2651957,1,1,2025,2025
2652453,1,1,2021,2021
2658764,1,1,2023,2023
2671165,1,1,2021,2021
2672803,1,1,2022,2022
2674397,1,1,2025,2025
2675400,1,1,2021,2021
2679120,1,1,2024,2024
2679975,1,1,2021,2021
2680372,1,1,2023,2023
2684545,1,1,2025,2025
2702224,1,1,2024,2024
2702628,1,1,2024,2024
2707772,1,1,2022,2022
2714888,1,1,2022,2022
2717156,1,1,2024,2024
2726356,1,1,2023,2023
2726541,1,1,2023,2023
2729765,1,1,2025,2025
2733506,1,1,2025,2025
2736636,1,1,2021,2021
2741907,1,1,2022,2022
2743262,1,1,2025,2025
2747993,1,1,2023,2023
2755718,1,1,2023,2023
2767627,1,1,2023,2023
2771625,1,1,2023,2023
2771676,1,1,2024,2024
2774658,1,1,2026,2026
2780226,1,1,2025,2025
2781979,1,1,2021,2021
2783250,1,1,2023,2023
2784783,1,1,2024,2024
2789238,1,1,2020,2020
2792670,1,1,2024,2024
2804393,1,1,2021,2021
2806095,1,1,2024,2024
2808266,1,1,2022,2022
2811706,1,1,2022,2022
2812055,1,1,2022,2022
2812240,1,1,2024,2024
2813226,1,1,2024,2024
2815224,1,1,2021,2021
2816437,1,1,2021,2021
2817791,1,1,2023,2023
2823313,1,1,2025,2025
2833624,1,1,2022,2022
2841362,1,1,2024,2024
2842709,1,1,2023,2023
2843248,1,1,2025,2025
2846872,1,1,2025,2025
2850067,1,1,2023,2023
2857260,1,1,2023,2023
2857576,1,1,2024,2024
2863108,1,1,2024,2024
2869473,1,1,2025,2025
2870083,1,1,2025,2025
2870821,1,1,2021,2021
2872224,1,1,2021,2021
2877753,1,1,2025,2025
2879559,1,1,2025,2025
2880437,1,1,2024,2024
2882178,1,1,2023,2023
2882359,1,1,2021,2021
2887031,1,1,2025,2025
2894523,1,1,2025,2025
2895008,1,1,2026,2026
2900004,1,1,2024,2024
2908983,1,1,2023,2023
2914450,1,1,2025,2025
2915185,1,1,2026,2026
2915745,1,1,2025,2025
2919079,1,1,2022,2022
2922431,1,1,2024,2024
2925403,1,1,2024,2024
2927689,1,1,2022,2022
2929148,1,1,2020,2020
2932026,1,1,2022,2022
2932075,1,1,2024,2024
2932366,1,1,2025,2025
2932565,1,1,2021,2021
2933188,1,1,2024,2024
2933302,1,1,2023,2023
2934396,1,1,2020,2020
2934467,1,1,2023,2023
2936192,1,1,2022,2022
2945372,1,1,2020,2020
2953260,1,1,2022,2022
2957006,1,1,2025,2025
2966502,1,1,2023,2023
2966554,1,1,2024,2024
2966772,1,1,2025,2025
2967802,1,1,2024,2024
2968281,1,1,2022,2022
2969061,1,1,2024,2024
2974593,1,1,2021,2021
2974651,1,1,2021,2021
2976257,1,1,2022,2022
2978460,1,1,2021,2021
2979567,1,1,2025,2025
2979706,1,1,2025,2025
2991240,1,1,2022,2022
2993356,1,1,2023,2023
2994095,1,1,2022,2022
2996803,1,1,2024,2024
3000083,1,1,2023,2023
3002276,1,1,2021,2021
3004022,1,1,2023,2023
3004780,1,1,2022,2022
3008328,1,1,2023,2023
3008956,1,1,2022,2022
3008963,1,1,2025,2025
3017105,1,1,2022,2022
3018804,1,1,2023,2023
3019459,1,1,2020,2020
3022240,1,1,2024,2024
3022514,1,1,2023,2023
3029204,1,1,2021,2021
3031446,1,1,2021,2021
3037628,1,1,2021,2021
3039453,1,1,2021,2021
3042345,1,1,2022,2022
3045307,1,1,2023,2023
3059728,1,1,2025,2025
3068134,1,1,2025,2025
3069671,1,1,2025,2025
3069802,1,1,2024,2024
3071004,1,1,2022,2022
3075180,1,1,2025,2025
3079126,1,1,2024,2024
3079936,1,1,2025,2025
3080497,1,1,2025,2025
3081688,1,1,2023,2023
3082651,1,1,2025,2025
3086577,1,1,2022,2022
3090858,1,1,2025,2025
3094049,1,1,2025,2025
3094715,1,1,2021,2021
3096031,1,1,2021,2021
3097102,1,1,2025,2025
3099196,1,1,2022,2022
3101982,1,1,2024,2024
3102623,1,1,2024,2024
3103410,1,1,2025,2025
3103578,1,1,2023,2023
3108634,1,1,2024,2024
3111022,1,1,2020,2020
3114269,1,1,2025,2025
3115353,1,1,2025,2025
3120919,1,1,2022,2022
3123262,1,1,2024,2024
3124186,1,1,2025,2025
3124586,1,1,2025,2025
3124770,1,1,2023,2023
3132091,1,1,2022,2022
3133106,1,1,2024,2024
3134885,1,1,2024,2024
3135154,1,1,2022,2022
3137483,1,1,2021,2021
3138954,1,1,2022,2022
3139563,1,1,2024,2024
3139898,1,1,2025,2025
3140911,1,1,2023,2023
3142780,1,1,2021,2021
3144000,1,1,2023,2023
3147832,1,1,2022,2022
3150711,1,1,2022,2022
3151317,1,1,2025,2025
3151476,1,1,2022,2022
3155091,1,1,2024,2024
3163366,1,1,2022,2022
3163400,1,1,2022,2022
3168321,1,1,2022,2022
3168422,1,1,2021,2021
3168557,1,1,2023,2023
3170298,1,1,2021,2021
3170381,1,1,2021,2021
3171655,1,1,2022,2022
3171824,1,1,2021,2021
3172691,1,1,2024,2024
3176534,1,1,2022,2022
3176616,1,1,2024,2024
3177106,1,1,2024,2024
3177116,1,1,2025,2025
3178046,1,1,2022,2022
3178283,1,1,2022,2022
3179764,1,1,2026,2026
3181945,1,1,2025,2025
3182303,1,1,2024,2024
3187802,1,1,2024,2024
3187914,1,1,2021,2021
3188033,1,1,2024,2024
3189160,1,1,2022,2022
3189953,1,1,2023,2023
3192711,1,1,2023,2023
3194175,1,1,2025,2025
3196323,1,1,2026,2026
3199435,1,1,2023,2023
3199937,1,1,2022,2022
3200751,1,1,2021,2021
3203784,1,1,2026,2026
3207177,1,1,2023,2023
3207268,1,1,2023,2023
3214022,1,1,2023,2023
3214201,1,1,2022,2022
3227415,1,1,2023,2023
3227678,1,1,2025,2025
3230652,1,1,2021,2021
3231173,1,1,2024,2024
3232437,1,1,2025,2025
3237413,1,1,2024,2024
3238234,1,1,2020,2020
3239699,1,1,2021,2021
3253298,1,1,2021,2021
3255261,1,1,2022,2022
3256443,1,1,2024,2024
3257061,1,1,2022,2022
3257392,1,1,2023,2023
3258028,1,1,2022,2022
3259565,1,1,2023,2023
3261361,1,1,2024,2024
3263363,1,1,2024,2024
3263781,1,1,2024,2024
3266010,1,1,2025,2025
3267646,1,1,2022,2022
3269628,1,1,2025,2025
3270949,1,1,2025,2025
3271579,1,1,2023,2023
3273764,1,1,2025,2025
3275797,1,1,2022,2022
3276129,1,1,2023,2023
3276648,1,1,2023,2023
3281872,1,1,2021,2021
3282623,1,1,2023,2023
3285959,1,1,2022,2022
3286148,1,1,2025,2025
3286805,1,1,2024,2024
3287054,1,1,2024,2024
3287083,1,1,2021,2021
3292613,1,1,2022,2022
3293201,1,1,2024,2024
3294940,1,1,2021,2021
3295530,1,1,2025,2025
3296428,1,1,2023,2023
3299948,1,1,2021,2021
3300781,1,1,2025,2025
3302234,1,1,2021,2021
3302661,1,1,2020,2020
3303718,1,1,2023,2023
3306561,1,1,2023,2023
3306937,1,1,2024,2024
3307252,1,1,2025,2025
3310233,1,1,2022,2022
3313788,1,1,2024,2024
3315118,1,1,2023,2023
3315430,1,1,2025,2025
3315448,1,1,2025,2025
3315996,1,1,2023,2023
3316602,1,1,2020,2020
3318398,1,1,2025,2025
3319446,1,1,2023,2023
3319815,1,1,2025,2025
3320586,1,1,2024,2024
3322268,1,1,2022,2022
3322431,1,1,2022,2022
3322466,1,1,2023,2023
3325135,1,1,2026,2026
3328217,1,1,2024,2024
3328551,1,1,2024,2024
3330292,1,1,2023,2023
3330844,1,1,2024,2024
3330904,1,1,2021,2021
3332792,1,1,2023,2023
3333677,1,1,2022,2022
3335112,1,1,2025,2025
3340752,1,1,2021,2021
3345375,1,1,2024,2024
3347004,1,1,2021,2021
3348142,1,1,2023,2023
3348903,1,1,2023,2023
3351640,1,1,2022,2022
3351708,1,1,2021,2021
3352101,1,1,2020,2020
3353775,1,1,2024,2024
3360653,1,1,2022,2022
3361420,1,1,2023,2023
3362670,1,1,2023,2023
3363608,1,1,2025,2025
3364299,1,1,2024,2024
3365986,1,1,2022,2022
3367270,1,1,2024,2024
3368761,1,1,2023,2023
3368905,1,1,2024,2024
3369007,1,1,2022,2022
3369100,1,1,2024,2024
3370027,1,1,2024,2024
3371982,1,1,2023,2023
3375058,1,1,2023,2023
3375617,1,1,2021,2021
3380339,1,1,2024,2024
3383541,1,1,2025,2025
3384037,1,1,2023,2023
3384597,1,1,2021,2021
3386284,1,1,2024,2024
3387914,1,1,2022,2022
3391111,1,1,2024,2024
3392940,1,1,2024,2024
3397051,1,1,2025,2025
3409350,1,1,2022,2022
3409912,1,1,2023,2023
3411684,1,1,2022,2022
3415149,1,1,2022,2022
3417413,1,1,2021,2021
3423573,1,1,2024,2024
3425480,1,1,2022,2022
3426876,1,1,2024,2024
3429754,1,1,2024,2024
3431171,1,1,2023,2023
3431897,1,1,2024,2024
3431967,1,1,2023,2023
3432338,1,1,2026,2026
3435844,1,1,2024,2024
3436554,1,1,2022,2022
3436557,1,1,2024,2024
3436596,1,1,2021,2021
3437384,1,1,2023,2023
3437847,1,1,2024,2024
3438257,1,1,2024,2024
3438541,1,1,2023,2023
3438573,1,1,2020,2020
3438626,1,1,2022,2022
3439239,1,1,2021,2021
3439358,1,1,2023,2023
3439855,1,1,2022,2022
3439907,1,1,2023,2023
3440991,1,1,2025,2025
3441525,1,1,2022,2022
3441565,1,1,2024,2024
3443901,1,1,2024,2024
3446211,1,1,2024,2024
3455503,1,1,2021,2021
3455504,1,1,2021,2021
3461874,1,1,2023,2023
3466691,1,1,2023,2023
3469568,1,1,2025,2025
3471667,1,1,2022,2022
3473623,1,1,2026,2026
3476137,1,1,2024,2024
3477554,1,1,2024,2024
3478824,1,1,2022,2022
3486243,1,1,2024,2024
3487752,1,1,2024,2024
3489001,1,1,2024,2024
3493603,1,1,2024,2024
3495058,1,1,2025,2025
3496085,1,1,2021,2021
3497557,1,1,2021,2021
3498264,1,1,2021,2021
3498851,1,1,2022,2022
3500401,1,1,2023,2023
3500482,1,1,2021,2021
3501065,1,1,2025,2025
3506783,1,1,2022,2022
3511744,1,1,2021,2021
3512029,1,1,2023,2023
3512200,1,1,2021,2021
3512527,1,1,2025,2025
3512779,1,1,2025,2025
3513015,1,1,2021,2021
3513650,1,1,2021,2021
3515903,1,1,2021,2021
3519631,1,1,2024,2024
3521915,1,1,2024,2024
3525422,1,1,2023,2023
3530373,1,1,2023,2023
3532928,1,1,2024,2024
3533887,1,1,2024,2024
3534236,1,1,2025,2025
3537574,1,1,2025,2025
3543016,1,1,2021,2021
3545783,1,1,2024,2024
3545819,1,1,2023,2023
3547172,1,1,2021,2021
3549928,1,1,2024,2024
3554139,1,1,2022,2022
3554753,1,1,2020,2020
3567188,1,1,2024,2024
3569505,1,1,2026,2026
3570242,1,1,2024,2024
3574856,1,1,2023,2023
3577492,1,1,2024,2024
3581284,1,1,2024,2024
3588569,1,1,2021,2021
3593141,1,1,2021,2021
3593790,1,1,2023,2023
3595618,1,1,2023,2023
3596446,1,1,2025,2025
3605445,1,1,2022,2022
3606903,1,1,2023,2023
3609432,1,1,2026,2026
3610857,1,1,2022,2022
3610905,1,1,2024,2024
3611163,1,1,2023,2023
3613270,1,1,2022,2022
3614112,1,1,2021,2021
3617214,1,1,2024,2024
3620122,1,1,2025,2025
3625425,1,1,2022,2022
3625645,1,1,2025,2025
3627417,1,1,2021,2021
3631387,1,1,2024,2024
3636554,1,1,2026,2026
3637709,1,1,2024,2024
3638958,1,1,2025,2025
3647004,1,1,2023,2023
3647458,1,1,2021,2021
3648352,1,1,2022,2022
3649053,1,1,2023,2023
3649702,1,1,2022,2022
3651794,1,1,2025,2025
3653522,1,1,2024,2024
3655851,1,1,2023,2023
3655854,1,1,2023,2023
3655927,1,1,2022,2022
3658843,1,1,2024,2024
3667516,1,1,2021,2021
3677821,1,1,2025,2025
3677896,1,1,2025,2025
3679827,1,1,2024,2024
3680098,1,1,2021,2021
3688440,1,1,2024,2024
3692520,1,1,2023,2023
3694299,1,1,2024,2024
3701315,1,1,2025,2025
3704702,1,1,2022,2022
3713214,1,1,2025,2025
3715738,1,1,2025,2025
3719282,1,1,2022,2022
3720036,1,1,2024,2024
3722108,1,1,2021,2021
3728945,1,1,2020,2020
3728948,1,1,2021,2021
3728999,1,1,2022,2022
3729675,1,1,2025,2025
3729765,1,1,2020,2020
3730845,1,1,2021,2021
3732034,1,1,2021,2021
3734015,1,1,2025,2025
3735766,1,1,2024,2024
3736260,1,1,2026,2026
3738677,1,1,2023,2023
3739233,1,1,2022,2022
3739741,1,1,2024,2024
3740310,1,1,2024,2024
3742349,1,1,2024,2024
3742451,1,1,2024,2024
3745576,1,1,2022,2022
3749510,1,1,2023,2023
3755788,1,1,2020,2020
3756038,1,1,2022,2022
3757126,1,1,2024,2024
3757582,1,1,2024,2024
3758358,1,1,2024,2024
3760267,1,1,2024,2024
3763955,1,1,2022,2022
3766165,1,1,2024,2024
3767874,1,1,2022,2022
3768515,1,1,2022,2022
3768842,1,1,2024,2024
3770536,1,1,2023,2023
3772564,1,1,2025,2025
3775461,1,1,2026,2026
3779836,1,1,2022,2022
3782333,1,1,2025,2025
3782962,1,1,2021,2021
3783840,1,1,2025,2025
3783886,1,1,2025,2025
3785389,1,1,2021,2021
3785487,1,1,2023,2023
3785552,1,1,2024,2024
3786788,1,1,2024,2024
3788154,1,1,2024,2024
3788812,1,1,2024,2024
3791463,1,1,2023,2023
3793093,1,1,2021,2021
3793734,1,1,2023,2023
3794188,1,1,2020,2020
3798025,1,1,2021,2021
3802607,1,1,2022,2022
3803177,1,1,2023,2023
3803196,1,1,2026,2026
3803337,1,1,2024,2024
3804139,1,1,2025,2025
3805743,1,1,2022,2022
3805942,1,1,2021,2021
3806373,1,1,2023,2023
3812820,1,1,2020,2020
3814704,1,1,2023,2023
3818125,1,1,2024,2024
3832125,1,1,2022,2022
3832963,1,1,2022,2022
3836840,1,1,2025,2025
3838919,1,1,2026,2026
3842072,1,1,2024,2024
3844646,1,1,2021,2021
3844796,1,1,2020,2020
3844944,1,1,2024,2024
3845004,1,1,2022,2022
3845006,1,1,2021,2021
3845031,1,1,2025,2025
3846612,1,1,2023,2023
3846801,1,1,2023,2023
3849962,1,1,2022,2022
3852283,1,1,2024,2024
3855365,1,1,2026,2026
3856733,1,1,2025,2025
3858369,1,1,2025,2025
3862335,1,1,2024,2024
3864346,1,1,2024,2024
3872907,1,1,2023,2023
3872929,1,1,2021,2021
3873491,1,1,2021,2021
3881193,1,1,2025,2025
3883447,1,1,2023,2023
3883976,1,1,2024,2024
3893308,1,1,2023,2023
3893692,1,1,2023,2023
3894807,1,1,2025,2025
3897260,1,1,2023,2023
3917393,1,1,2022,2022
3920700,1,1,2021,2021
3924003,1,1,2024,2024
3924244,1,1,2024,2024
3924423,1,1,2023,2023
3925713,1,1,2024,2024
3934115,1,1,2021,2021
3934979,1,1,2022,2022
3940647,1,1,2024,2024
3942130,1,1,2022,2022
3949590,1,1,2024,2024
3949988,1,1,2023,2023
3957673,1,1,2022,2022
3959062,1,1,2024,2024
3961449,1,1,2024,2024
3963977,1,1,2021,2021
3968173,1,1,2023,2023
3970429,1,1,2025,2025
3974103,1,1,2021,2021
3979173,1,1,2022,2022
3982025,1,1,2021,2021
3983344,1,1,2022,2022
3984735,1,1,2022,2022
3984741,1,1,2023,2023
3984764,1,1,2024,2024
3984775,1,1,2022,2022
3984875,1,1,2024,2024
3984929,1,1,2022,2022
3984989,1,1,2025,2025
3985011,1,1,2023,2023
3985024,1,1,2023,2023
3985027,1,1,2024,2024
3985042,1,1,2021,2021
3985613,1,1,2025,2025
3993341,1,1,2024,2024
4007269,1,1,2022,2022
4008493,1,1,2023,2023
4011470,1,1,2025,2025
4012521,1,1,2024,2024
4014335,1,1,2025,2025
4023952,1,1,2023,2023
4024101,1,1,2022,2022
4028478,1,1,2024,2024
4036035,1,1,2022,2022
4036906,1,1,2023,2023
4041490,1,1,2021,2021
4044518,1,1,2024,2024
4044908,1,1,2025,2025
4045786,1,1,2026,2026
4046630,1,1,2022,2022
4047089,1,1,2023,2023
4050244,1,1,2025,2025
4050875,1,1,2025,2025
4053412,1,1,2024,2024
4063296,1,1,2026,2026
4065469,1,1,2024,2024
4067079,1,1,2021,2021
4067961,1,1,2026,2026
4068056,1,1,2024,2024
4072892,1,1,2024,2024
4073541,1,1,2022,2022
4075060,1,1,2022,2022
4075397,1,1,2026,2026
4077436,1,1,2023,2023
4080481,1,1,2022,2022
4080504,1,1,2020,2020
4080562,1,1,2023,2023
4086592,1,1,2025,2025
4092267,1,1,2024,2024
4104254,1,1,2025,2025
4111135,1,1,2022,2022
4117317,1,1,2022,2022
4118582,1,1,2024,2024
4118710,1,1,2024,2024
4119745,1,1,2025,2025
4121291,1,1,2024,2024
4121865,1,1,2020,2020
4122840,1,1,2024,2024
4122978,1,1,2024,2024
4127139,1,1,2023,2023
4128066,1,1,2025,2025
4129574,1,1,2022,2022
4135475,1,1,2026,2026
4140194,1,1,2024,2024
4142823,1,1,2025,2025
4146834,1,1,2024,2024
4150695,1,1,2021,2021
4151072,1,1,2024,2024
4152119,1,1,2020,2020
4152740,1,1,2024,2024
4153157,1,1,2020,2020
4154534,1,1,2025,2025
4155142,1,1,2022,2022
4158206,1,1,2025,2025
4159218,1,1,2021,2021
4159855,1,1,2025,2025
4160339,1,1,2025,2025
4163217,1,1,2023,2023
4165932,1,1,2022,2022
4166438,1,1,2023,2023
4166833,1,1,2022,2022
4169070,1,1,2021,2021
4171245,1,1,2024,2024
4179760,1,1,2026,2026
4180742,1,1,2022,2022
4185941,1,1,2021,2021
4186014,1,1,2024,2024
4187130,1,1,2022,2022
4187545,1,1,2023,2023
4188370,1,1,2025,2025
4189897,1,1,2024,2024
4191327,1,1,2023,2023
4200312,1,1,2024,2024
4200315,1,1,2023,2023
4200574,1,1,2021,2021
4206846,1,1,2021,2021
4208307,1,1,2023,2023
4213622,1,1,2022,2022
4213630,1,1,2023,2023
4214427,1,1,2023,2023
4215176,1,1,2023,2023
4215809,1,1,2021,2021
4216724,1,1,2024,2024
4225895,1,1,2023,2023
4226682,1,1,2023,2023
4226868,1,1,2025,2025
4227813,1,1,2025,2025
4228965,1,1,2022,2022
4233318,1,1,2025,2025
4243439,1,1,2022,2022
4243521,1,1,2022,2022
4247121,1,1,2025,2025
4247624,1,1,2025,2025
4257930,1,1,2026,2026
4257935,1,1,2022,2022
4260136,1,1,2026,2026
4265088,1,1,2026,2026
4266252,1,1,2025,2025
4267974,1,1,2025,2025
4269270,1,1,2025,2025
4270221,1,1,2021,2021
4273669,1,1,2023,2023
4274566,1,1,2025,2025
4275295,1,1,2022,2022
4276226,1,1,2025,2025
4279973,1,1,2020,2020
4280378,1,1,2020,2020
4280946,1,1,2024,2024
4282464,1,1,2023,2023
4282767,1,1,2025,2025
4282962,1,1,2024,2024
4284217,1,1,2023,2023
4291900,1,1,2023,2023
4293264,1,1,2023,2023
4297222,1,1,2024,2024
4297593,1,1,2024,2024
4297674,1,1,2020,2020
4298315,1,1,2025,2025
4305110,1,1,2020,2020
4306092,1,1,2023,2023
4307629,1,1,2022,2022
4307724,1,1,2021,2021
4312178,1,1,2025,2025
4312569,1,1,2024,2024
4315449,1,1,2022,2022
4319889,1,1,2022,2022
4322617,1,1,2025,2025
4324051,1,1,2023,2023
4327940,1,1,2025,2025
4329577,1,1,2025,2025
4333358,1,1,2023,2023
4335098,1,1,2022,2022
4336443,1,1,2024,2024
4346299,1,1,2024,2024
4349093,1,1,2025,2025
4351554,1,1,2023,2023
4376082,1,1,2026,2026
4378746,1,1,2023,2023
4379284,1,1,2024,2024
4383580,1,1,2022,2022
4386086,1,1,2025,2025
4388428,1,1,2025,2025
4389201,1,1,2025,2025
4391776,1,1,2023,2023
4392872,1,1,2022,2022
4393178,1,1,2022,2022
4400384,1,1,2025,2025
4401489,1,1,2024,2024
4408804,1,1,2025,2025
4414175,1,1,2024,2024
4423234,1,1,2021,2021
4428867,1,1,2021,2021
4431192,1,1,2020,2020
4433461,1,1,2024,2024
4435161,1,1,2021,2021
4437048,1,1,2023,2023
4446721,1,1,2024,2024
4448050,1,1,2024,2024
4449058,1,1,2025,2025
4450814,1,1,2022,2022
4453992,1,1,2024,2024
4461064,1,1,2023,2023
4462008,1,1,2023,2023
4465505,1,1,2021,2021
4465926,1,1,2021,2021
4466530,1,1,2022,2022
4466791,1,1,2024,2024
4478691,1,1,2024,2024
4483772,1,1,2025,2025
4486136,1,1,2025,2025
4489274,1,1,2025,2025
4498125,1,1,2024,2024
4504305,1,1,2022,2022
4505005,1,1,2025,2025
4509730,1,1,2024,2024
4516109,1,1,2025,2025
4516429,1,1,2024,2024
4518086,1,1,2023,2023
4519768,1,1,2026,2026
4527060,1,1,2021,2021
4527772,1,1,2022,2022
4528590,1,1,2024,2024
4531691,1,1,2022,2022
4532753,1,1,2023,2023
4537625,1,1,2023,2023
4540410,1,1,2023,2023
4540673,1,1,2023,2023
4553904,1,1,2022,2022
4554947,1,1,2023,2023
4557790,1,1,2024,2024
4559198,1,1,2026,2026
4562888,1,1,2024,2024
4574062,1,1,2022,2022
4574081,1,1,2023,2023
4576150,1,1,2025,2025
4581227,1,1,2021,2021
4590677,1,1,2020,2020
4591708,1,1,2024,2024
4593063,1,1,2025,2025
4593383,1,1,2025,2025
4600615,1,1,2023,2023
4601105,1,1,2024,2024
4603221,1,1,2025,2025
4604566,1,1,2024,2024
4605384,1,1,2022,2022
4609578,1,1,2023,2023
4612851,1,1,2021,2021
4614666,1,1,2023,2023
4614750,1,1,2022,2022
4623612,1,1,2025,2025
4625796,1,1,2023,2023
4627647,1,1,2024,2024
4630620,1,1,2023,2023
4633432,1,1,2022,2022
4634017,1,1,2025,2025
4638042,1,1,2023,2023
4638910,1,1,2022,2022
4639124,1,1,2022,2022
4642642,1,1,2025,2025
4643938,1,1,2025,2025
4652129,1,1,2024,2024
4652648,1,1,2023,2023
4655140,1,1,2024,2024
4658197,1,1,2021,2021
4660661,1,1,2025,2025
4661360,1,1,2022,2022
4666974,1,1,2023,2023
4672229,1,1,2023,2023
4672674,1,1,2021,2021
4672733,1,1,2024,2024
4673884,1,1,2025,2025
4680668,1,1,2022,2022
4683551,1,1,2024,2024
4683623,1,1,2025,2025
4691024,1,1,2024,2024
4692234,1,1,2025,2025
4695671,1,1,2023,2023
4702520,1,1,2022,2022
4705439,1,1,2024,2024
4706550,1,1,2023,2023
4707192,1,1,2022,2022
4708773,1,1,2023,2023
4708935,1,1,2021,2021
4710410,1,1,2020,2020
4712869,1,1,2025,2025
4713153,1,1,2023,2023
4715148,1,1,2024,2024
4721220,1,1,2024,2024
4723839,1,1,2023,2023
4724543,1,1,2022,2022
4729098,1,1,2024,2024
4731892,1,1,2022,2022
4734484,1,1,2025,2025
4735944,1,1,2022,2022
4744774,1,1,2022,2022
4748537,1,1,2021,2021
4748601,1,1,2023,2023
4749744,1,1,2024,2024
4755296,1,1,2021,2021
4763701,1,1,2021,2021
4767408,1,1,2024,2024
4767413,1,1,2024,2024
4768808,1,1,2023,2023
4773339,1,1,2026,2026
4783217,1,1,2024,2024
4785098,1,1,2021,2021
4788907,1,1,2021,2021
4791337,1,1,2025,2025
4793827,1,1,2023,2023
4793830,1,1,2023,2023
4794765,1,1,2024,2024
4795399,1,1,2025,2025
4803494,1,1,2025,2025
4812215,1,1,2024,2024
4814706,1,1,2024,2024
4815101,1,1,2025,2025
4816043,1,1,2024,2024
4817003,1,1,2021,2021
4826657,1,1,2023,2023
4829516,1,1,2024,2024
4833341,1,1,2025,2025
4834354,1,1,2025,2025
4837827,1,1,2024,2024
4838227,1,1,2025,2025
4841939,1,1,2022,2022
4842775,1,1,2022,2022
4843278,1,1,2025,2025
4843763,1,1,2021,2021
4844558,1,1,2024,2024
4850336,1,1,2020,2020
4851136,1,1,2021,2021
4851702,1,1,2022,2022
4855867,1,1,2022,2022
4860317,1,1,2025,2025
4861286,1,1,2025,2025
4863971,1,1,2025,2025
4867325,1,1,2022,2022
4869218,1,1,2022,2022
4869511,1,1,2022,2022
4871585,1,1,2023,2023
4875890,1,1,2021,2021
4880065,1,1,2021,2021
4888943,1,1,2024,2024
4890774,1,1,2025,2025
4898349,1,1,2022,2022
4899609,1,1,2024,2024
4900471,1,1,2023,2023
4900663,1,1,2022,2022
4904246,1,1,2022,2022
4904282,1,1,2025,2025
4904460,1,1,2024,2024
4907562,1,1,2021,2021
4908360,1,1,2022,2022
4911062,1,1,2024,2024
4911670,1,1,2022,2022
4912715,1,1,2025,2025
4914044,1,1,2023,2023
4915102,1,1,2025,2025
4916025,1,1,2023,2023
4916196,1,1,2021,2021
4920446,1,1,2024,2024
4921310,1,1,2022,2022
4921706,1,1,2023,2023
4926093,1,1,2025,2025
4926788,1,1,2024,2024
4926999,1,1,2025,2025
4927025,1,1,2024,2024
4928140,1,1,2025,2025
4928572,1,1,2025,2025
4929993,1,1,2023,2023
4933519,1,1,2024,2024
4934603,1,1,2021,2021
4935594,1,1,2022,2022
4938012,1,1,2024,2024
4938302,1,1,2025,2025
4941029,1,1,2025,2025
4941044,1,1,2025,2025
4941213,1,1,2025,2025
4943712,1,1,2024,2024
4946708,1,1,2021,2021
4954044,1,1,2023,2023
4957075,1,1,2024,2024
4965595,1,1,2025,2025
4970003,1,1,2022,2022
4973144,1,1,2024,2024
4973186,1,1,2022,2022
4975069,1,1,2025,2025
4975278,1,1,2023,2023
4976260,1,1,2022,2022
4977719,1,1,2023,2023
4979103,1,1,2024,2024
4992612,1,1,2022,2022
4997797,1,1,2024,2024
5002722,1,1,2025,2025
5003632,1,1,2025,2025
5005586,1,1,2020,2020
5007456,1,1,2021,2021
5011799,1,1,2025,2025
5013539,1,1,2025,2025
5015407,1,1,2022,2022
5018818,1,1,2022,2022
5022447,1,1,2024,2024
5026471,1,1,2025,2025
5031069,1,1,2022,2022
5034931,1,1,2023,2023
5036421,1,1,2023,2023
5042081,1,1,2024,2024
5044808,1,1,2022,2022
5049913,1,1,2023,2023
5051810,1,1,2024,2024
5052478,1,1,2024,2024
5059493,1,1,2025,2025
5061502,1,1,2025,2025
5062979,1,1,2020,2020
5064126,1,1,2022,2022
5065159,1,1,2023,2023
5071317,1,1,2023,2023
5071325,1,1,2022,2022
5072021,1,1,2025,2025
5072100,1,1,2023,2023
5074366,1,1,2026,2026
5075985,1,1,2020,2020
5079784,1,1,2023,2023
5080978,1,1,2025,2025
5081023,1,1,2025,2025
5084326,1,1,2023,2023
5086257,1,1,2023,2023
5088344,1,1,2025,2025
5090491,1,1,2024,2024
5092916,1,1,2024,2024
5095045,1,1,2024,2024
5095357,1,1,2025,2025
5100327,1,1,2021,2021
5100630,1,1,2023,2023
5105320,1,1,2024,2024
5108502,1,1,2022,2022
5111034,1,1,2021,2021
5111679,1,1,2025,2025
5112890,1,1,2024,2024
5119485,1,1,2025,2025
5120368,1,1,2022,2022
5120825,1,1,2022,2022
5121962,1,1,2023,2023
5122449,1,1,2024,2024
5122852,1,1,2023,2023
5122866,1,1,2022,2022
5123846,1,1,2021,2021
5124857,1,1,2022,2022
5126304,1,1,2024,2024
5128354,1,1,2021,2021
5135078,1,1,2021,2021
5137949,1,1,2023,2023
5138657,1,1,2025,2025
5139239,1,1,2021,2021
5140057,1,1,2024,2024
5140126,1,1,2022,2022
5146088,1,1,2025,2025
5147361,1,1,2022,2022
5147756,1,1,2023,2023
5156108,1,1,2024,2024
5157776,1,1,2023,2023
5163033,1,1,2024,2024
5167496,1,1,2020,2020
5169395,1,1,2024,2024
5169461,1,1,2025,2025
5174263,1,1,2024,2024
5175946,1,1,2021,2021
5176784,1,1,2024,2024
5178426,1,1,2021,2021
5181484,1,1,2025,2025
5182239,1,1,2022,2022
5182341,1,1,2023,2023
5183305,1,1,2023,2023
5187087,1,1,2025,2025
5189405,1,1,2024,2024
5189513,1,1,2023,2023
5195088,1,1,2023,2023
5199169,1,1,2022,2022
5204125,1,1,2021,2021
5205518,1,1,2022,2022
5206124,1,1,2025,2025
5208017,1,1,2024,2024
5209131,1,1,2024,2024
5209290,1,1,2023,2023
5209451,1,1,2023,2023
5209476,1,1,2022,2022
5213129,1,1,2021,2021
5214811,1,1,2025,2025
5216545,1,1,2024,2024
5217516,1,1,2024,2024
5218548,1,1,2022,2022
5222305,1,1,2022,2022
5223672,1,1,2024,2024
5225957,1,1,2021,2021
5226138,1,1,2021,2021
5229825,1,1,2025,2025
5231634,1,1,2021,2021
5238190,1,1,2022,2022
5239236,1,1,2024,2024
5241346,1,1,2023,2023
5244695,1,1,2022,2022
5252520,1,1,2022,2022
5252970,1,1,2022,2022
5255969,1,1,2021,2021
5268035,1,1,2023,2023
5268691,1,1,2025,2025
5268982,1,1,2025,2025
5269778,1,1,2023,2023
5272552,1,1,2022,2022
5273479,1,1,2023,2023
5274567,1,1,2021,2021
5275736,1,1,2022,2022
5277234,1,1,2024,2024
5280116,1,1,2021,2021
5284201,1,1,2023,2023
5291584,1,1,2023,2023
5292843,1,1,2025,2025
5293891,1,1,2026,2026
5298488,1,1,2021,2021
5304643,1,1,2025,2025
5306414,1,1,2024,2024
5308178,1,1,2021,2021
5311056,1,1,2023,2023
5314170,1,1,2023,2023
5318169,1,1,2023,2023
5323100,1,1,2022,2022
5326588,1,1,2025,2025
5327793,1,1,2021,2021
5327844,1,1,2025,2025
5331088,1,1,2021,2021
5335010,1,1,2023,2023
5335039,1,1,2026,2026
5335962,1,1,2022,2022
5336834,1,1,2023,2023
5338096,1,1,2025,2025
5342035,1,1,2025,2025
5346721,1,1,2025,2025
5348450,1,1,2023,2023
5348679,1,1,2023,2023
5350551,1,1,2025,2025
5352509,1,1,2022,2022
5352609,1,1,2025,2025
5354623,1,1,2025,2025
5355906,1,1,2022,2022
5357968,1,1,2026,2026
5359886,1,1,2024,2024
5359973,1,1,2021,2021
5362687,1,1,2021,2021
5363400,1,1,2025,2025
5363450,1,1,2021,2021
5363554,1,1,2025,2025
5363925,1,1,2025,2025
5365264,1,1,2024,2024
5368102,1,1,2021,2021
5369324,1,1,2024,2024
5369337,1,1,2024,2024
5376179,1,1,2023,2023
5379041,1,1,2024,2024
5379763,1,1,2025,2025
5385402,1,1,2024,2024
5385956,1,1,2024,2024
5386925,1,1,2023,2023
5388054,1,1,2022,2022
5391799,1,1,2022,2022
5393809,1,1,2025,2025
5395160,1,1,2024,2024
5402645,1,1,2025,2025
5406896,1,1,2022,2022
5407362,1,1,2022,2022
5408093,1,1,2022,2022
5408669,1,1,2023,2023
5409913,1,1,2021,2021
5411617,1,1,2021,2021
5413435,1,1,2025,2025
5413602,1,1,2020,2020
5415818,1,1,2024,2024
5435495,1,1,2022,2022
5436767,1,1,2021,2021
5436890,1,1,2021,2021
5437541,1,1,2023,2023
5438752,1,1,2024,2024
5438803,1,1,2025,2025
5440340,1,1,2023,2023
5440422,1,1,2023,2023
5440701,1,1,2025,2025
5441477,1,1,2020,2020
5441668,1,1,2025,2025
5442151,1,1,2022,2022
5443936,1,1,2024,2024
5444243,1,1,2023,2023
5445581,1,1,2023,2023
5445605,1,1,2024,2024
5447900,1,1,2025,2025
5449692,1,1,2021,2021
5451731,1,1,2025,2025
5452879,1,1,2023,2023
5454496,1,1,2024,2024
5462144,1,1,2023,2023
5464670,1,1,2024,2024
5466698,1,1,2022,2022
5468790,1,1,2021,2021
5470044,1,1,2025,2025
5470844,1,1,2021,2021
5473408,1,1,2021,2021
5476573,1,1,2026,2026
5481017,1,1,2021,2021
5484015,1,1,2025,2025
5486291,1,1,2025,2025
5489390,1,1,2024,2024
5491894,1,1,2021,2021
5495471,1,1,2025,2025
5495740,1,1,2025,2025
5500435,1,1,2025,2025
5502949,1,1,2023,2023
5503972,1,1,2024,2024
5505512,1,1,2026,2026
5507397,1,1,2022,2022
5509488,1,1,2022,2022
5511821,1,1,2025,2025
5513312,1,1,2021,2021
5519368,1,1,2025,2025
5525528,1,1,2024,2024
5527708,1,1,2024,2024
5529172,1,1,2022,2022
5533290,1,1,2024,2024
5534675,1,1,2023,2023
5537492,1,1,2024,2024
5537650,1,1,2025,2025
5539140,1,1,2022,2022
5539462,1,1,2025,2025
5540328,1,1,2024,2024
5541704,1,1,2023,2023
5541950,1,1,2022,2022
5545916,1,1,2024,2024
5548207,1,1,2025,2025
5552039,1,1,2022,2022
5556553,1,1,2025,2025
5558064,1,1,2022,2022
5560401,1,1,2024,2024
5563012,1,1,2023,2023
5563045,1,1,2024,2024
5565499,1,1,2023,2023
5565613,1,1,2024,2024
5567147,1,1,2025,2025
5567188,1,1,2021,2021
5568434,1,1,2022,2022
5569501,1,1,2025,2025
5572237,1,1,2021,2021
5580483,1,1,2023,2023
5585549,1,1,2025,2025
5588064,1,1,2023,2023
5589486,1,1,2024,2024
5592710,1,1,2023,2023
5594573,1,1,2022,2022
5599422,1,1,2022,2022
5600005,1,1,2024,2024
5603049,1,1,2023,2023
5604359,1,1,2021,2021
5607930,1,1,2023,2023
5608464,1,1,2022,2022
5610009,1,1,2024,2024
5613034,1,1,2023,2023
5616649,1,1,2024,2024
5616957,1,1,2022,2022
5621856,1,1,2024,2024
5629269,1,1,2022,2022
5640407,1,1,2023,2023
5640875,1,1,2025,2025
5642921,1,1,2025,2025
5644026,1,1,2019,2019
5645060,1,1,2025,2025
5653659,1,1,2025,2025
5654076,1,1,2023,2023
5656594,1,1,2025,2025
5656659,1,1,2025,2025
5660682,1,1,2021,2021
5660772,1,1,2021,2021
5661680,1,1,2025,2025
5661827,1,1,2021,2021
5662144,1,1,2022,2022
5662160,1,1,2025,2025
5662257,1,1,2025,2025
5662361,1,1,2024,2024
5662600,1,1,2025,2025
5662687,1,1,2025,2025
5663224,1,1,2026,2026
5664739,1,1,2023,2023
5670558,1,1,2023,2023
5670684,1,1,2023,2023
5671236,1,1,2020,2020
5672764,1,1,2022,2022
5674487,1,1,2024,2024
5682118,1,1,2021,2021
5684053,1,1,2025,2025
5695033,1,1,2023,2023
5695514,1,1,2024,2024
5697243,1,1,2023,2023
5698089,1,1,2026,2026
5698416,1,1,2023,2023
5701392,1,1,2021,2021
5711836,1,1,2024,2024
5713074,1,1,2021,2021
5727728,1,1,2023,2023
5729396,1,1,2022,2022
5744602,1,1,2025,2025
5746285,1,1,2025,2025
5747330,1,1,2023,2023
5750270,1,1,2023,2023
5750514,1,1,2022,2022
5761965,1,1,2024,2024
5768448,1,1,2025,2025
5769566,1,1,2021,2021
5772748,1,1,2025,2025
5774419,1,1,2024,2024
5794697,1,1,2022,2022
5797677,1,1,2025,2025
5815010,1,1,2023,2023
5816088,1,1,2024,2024
5818462,1,1,2021,2021
5819340,1,1,2021,2021
5825959,1,1,2025,2025
5828041,1,1,2024,2024
5828197,1,1,2025,2025
5829408,1,1,2025,2025
5833840,1,1,2024,2024
5833886,1,1,2023,2023
5836751,1,1,2024,2024
5837691,1,1,2023,2023
5838297,1,1,2024,2024
5842534,1,1,2024,2024
5844112,1,1,2022,2022
5847147,1,1,2022,2022
5847707,1,1,2021,2021
5848437,1,1,2022,2022
5853184,1,1,2022,2022
5854096,1,1,2025,2025
5854980,1,1,2025,2025
5855376,1,1,2024,2024
5855977,1,1,2026,2026
5856090,1,1,2022,2022
5857781,1,1,2021,2021
5858733,1,1,2021,2021
5859442,1,1,2024,2024
5859896,1,1,2026,2026
5862277,1,1,2025,2025
5867178,1,1,2023,2023
5867363,1,1,2024,2024
5872931,1,1,2022,2022
5873704,1,1,2023,2023
5874208,1,1,2025,2025
5876048,1,1,2020,2020
5877984,1,1,2023,2023
5879961,1,1,2024,2024
5887552,1,1,2025,2025
5888776,1,1,2025,2025
5898741,1,1,2023,2023
5906517,1,1,2024,2024
5907005,1,1,2020,2020
5909421,1,1,2024,2024
5910018,1,1,2023,2023
5910681,1,1,2024,2024
5913043,1,1,2024,2024
5913810,1,1,2025,2025
5923521,1,1,2024,2024
5931039,1,1,2022,2022
5932289,1,1,2023,2023
5936868,1,1,2024,2024
5937960,1,1,2020,2020
5938092,1,1,2023,2023
5938552,1,1,2021,2021
5940574,1,1,2022,2022
5941653,1,1,2025,2025
5946166,1,1,2026,2026
5948298,1,1,2023,2023
5949004,1,1,2023,2023
5961834,1,1,2022,2022
5965169,1,1,2024,2024
5971300,1,1,2021,2021
5971331,1,1,2021,2021
5975368,1,1,2025,2025
5976895,1,1,2021,2021
5977016,1,1,2021,2021
5978206,1,1,2022,2022
5980659,1,1,2024,2024
5985152,1,1,2024,2024
5999823,1,1,2023,2023
6001115,1,1,2022,2022
6003620,1,1,2024,2024
6008237,1,1,2023,2023
6012745,1,1,2025,2025
6019643,1,1,2023,2023
6021150,1,1,2025,2025
6027049,1,1,2022,2022
6039521,1,1,2024,2024
6048740,1,1,2024,2024
6049769,1,1,2023,2023
6053146,1,1,2025,2025
6060118,1,1,2024,2024
6062679,1,1,2024,2024
6065628,1,1,2025,2025
6074078,1,1,2021,2021
6084447,1,1,2024,2024
6089680,1,1,2021,2021
6090038,1,1,2023,2023
6090166,1,1,2025,2025
6091171,1,1,2023,2023
6091516,1,1,2022,2022
6092393,1,1,2024,2024
6093887,1,1,2022,2022
6095053,1,1,2025,2025
6100083,1,1,2022,2022
6108306,1,1,2025,2025
6110023,1,1,2023,2023
6111125,1,1,2022,2022
6113430,1,1,2021,2021
6118440,1,1,2021,2021
6119397,1,1,2026,2026
6122274,1,1,2025,2025
6125453,1,1,2022,2022
6135808,1,1,2023,2023
6139662,1,1,2023,2023
6141649,1,1,2023,2023
6141729,1,1,2024,2024
6146962,1,1,2024,2024
6149348,1,1,2021,2021
6150965,1,1,2020,2020
6152193,1,1,2021,2021
6156955,1,1,2022,2022
6170460,1,1,2024,2024
6171938,1,1,2025,2025
6187790,1,1,2023,2023
6188361,1,1,2023,2023
6190705,1,1,2024,2024
6192928,1,1,2025,2025
6193402,1,1,2024,2024
6197706,1,1,2023,2023
6198417,1,1,2021,2021
6199239,1,1,2025,2025
6202757,1,1,2021,2021
6209579,1,1,2023,2023
6210981,1,1,2024,2024
6218191,1,1,2025,2025
6220540,1,1,2023,2023
6225305,1,1,2023,2023
6225650,1,1,2022,2022
6226718,1,1,2023,2023
6227313,1,1,2021,2021
6232413,1,1,2022,2022
6232884,1,1,2023,2023
6234009,1,1,2021,2021
6240667,1,1,2025,2025
6242979,1,1,2022,2022
6243379,1,1,2020,2020
6245182,1,1,2022,2022
6246113,1,1,2023,2023
6246748,1,1,2025,2025
6247194,1,1,2022,2022
6247998,1,1,2023,2023
6248794,1,1,2022,2022
6253144,1,1,2023,2023
6255920,1,1,2022,2022
6256761,1,1,2025,2025
6261788,1,1,2022,2022
6264213,1,1,2024,2024
6264394,1,1,2023,2023
6264842,1,1,2020,2020
6270275,1,1,2022,2022
6271413,1,1,2021,2021
6274126,1,1,2022,2022
6277163,1,1,2024,2024
6277606,1,1,2025,2025
6281399,1,1,2024,2024
6282847,1,1,2023,2023
6283627,1,1,2023,2023
6289948,1,1,2023,2023
6292388,1,1,2023,2023
6294400,1,1,2024,2024
6295672,1,1,2023,2023
6303652,1,1,2024,2024
6305546,1,1,2026,2026
6305692,1,1,2024,2024
6310226,1,1,2022,2022
6312237,1,1,2022,2022
6319772,1,1,2025,2025
6323427,1,1,2026,2026
6323970,1,1,2025,2025
6326049,1,1,2024,2024
6326620,1,1,2024,2024
6328198,1,1,2024,2024
6329124,1,1,2024,2024
6330476,1,1,2022,2022
6331133,1,1,2023,2023
6331731,1,1,2023,2023
6332290,1,1,2022,2022
6332989,1,1,2023,2023
6336284,1,1,2022,2022
6336761,1,1,2022,2022
6338797,1,1,2024,2024
6340575,1,1,2024,2024
6344490,1,1,2022,2022
6349748,1,1,2025,2025
6351502,1,1,2021,2021
6352531,1,1,2026,2026
6352575,1,1,2022,2022
6354704,1,1,2024,2024
6363739,1,1,2025,2025
6373791,1,1,2025,2025
6374139,1,1,2025,2025
6376474,1,1,2023,2023
6376550,1,1,2020,2020
6378258,1,1,2023,2023
6382371,1,1,2022,2022
6383154,1,1,2024,2024
6388356,1,1,2025,2025
6389888,1,1,2023,2023
6389913,1,1,2025,2025
6397385,1,1,2021,2021
6404598,1,1,2021,2021
6409425,1,1,2024,2024
6410799,1,1,2024,2024
6418626,1,1,2024,2024
6424099,1,1,2021,2021
6425437,1,1,2026,2026
6430228,1,1,2024,2024
6437244,1,1,2023,2023
6437735,1,1,2022,2022
6439911,1,1,2025,2025
6440151,1,1,2025,2025
6441324,1,1,2022,2022
6442470,1,1,2021,2021
6442743,1,1,2023,2023
6450242,1,1,2022,2022
6460057,1,1,2021,2021
6461130,1,1,2025,2025
6473376,1,1,2022,2022
6476322,1,1,2023,2023
6476505,1,1,2023,2023
6477960,1,1,2022,2022
6495471,1,1,2024,2024
6496098,1,1,2022,2022
6496793,1,1,2021,2021
6498098,1,1,2024,2024
6502279,1,1,2022,2022
6505264,1,1,2024,2024
6506060,1,1,2022,2022
6506550,1,1,2021,2021
6507713,1,1,2024,2024
6508669,1,1,2021,2021
6515772,1,1,2024,2024
6516649,1,1,2022,2022
6516799,1,1,2023,2023
6523082,1,1,2025,2025
6524540,1,1,2022,2022
6525899,1,1,2022,2022
6528127,1,1,2024,2024
6528529,1,1,2024,2024
6530992,1,1,2023,2023
6533074,1,1,2022,2022
6535388,1,1,2022,2022
6536670,1,1,2025,2025
6537138,1,1,2023,2023
6539719,1,1,2023,2023
6542942,1,1,2023,2023
6544661,1,1,2021,2021
6548590,1,1,2022,2022
6548769,1,1,2021,2021
6548857,1,1,2021,2021
6549346,1,1,2021,2021
6562787,1,1,2022,2022
6564725,1,1,2023,2023
6565785,1,1,2023,2023
6565920,1,1,2026,2026
6566302,1,1,2025,2025
6566406,1,1,2025,2025
6569964,1,1,2026,2026
6571687,1,1,2025,2025
6573153,1,1,2024,2024
6573496,1,1,2024,2024
6575803,1,1,2025,2025
6577528,1,1,2022,2022
6578901,1,1,2024,2024
6579071,1,1,2023,2023
6579478,1,1,2022,2022
6579727,1,1,2023,2023
6579734,1,1,2025,2025
6581554,1,1,2021,2021
6584280,1,1,2025,2025
6585592,1,1,2025,2025
6586190,1,1,2025,2025
6589939,1,1,2025,2025
6592109,1,1,2021,2021
6592199,1,1,2022,2022
6601829,1,1,2025,2025
6602687,1,1,2024,2024
6605808,1,1,2025,2025
6606112,1,1,2021,2021
6608047,1,1,2024,2024
6617400,1,1,2025,2025
6619220,1,1,2022,2022
6619621,1,1,2024,2024
6628671,1,1,2025,2025
6630138,1,1,2026,2026
6632172,1,1,2025,2025
6638960,1,1,2023,2023
6641304,1,1,2023,2023
6641812,1,1,2023,2023
6644372,1,1,2025,2025
6648712,1,1,2022,2022
6654064,1,1,2022,2022
6655016,1,1,2025,2025
6659128,1,1,2022,2022
6660244,1,1,2024,2024
6661485,1,1,2023,2023
6664804,1,1,2026,2026
6664835,1,1,2022,2022
6679287,1,1,2024,2024
6682560,1,1,2023,2023
6684064,1,1,2023,2023
6688326,1,1,2023,2023
6695102,1,1,2020,2020
6695392,1,1,2021,2021
6700673,1,1,2022,2022
6703614,1,1,2025,2025
6705266,1,1,2023,2023
6706064,1,1,2025,2025
6706802,1,1,2021,2021
6707675,1,1,2023,2023
6708125,1,1,2022,2022
6708539,1,1,2024,2024
6708739,1,1,2024,2024
6709493,1,1,2021,2021
6714822,1,1,2023,2023
6716788,1,1,2025,2025
6718576,1,1,2025,2025
6718796,1,1,2023,2023
6718994,1,1,2023,2023
6719681,1,1,2022,2022
6721160,1,1,2025,2025
6723554,1,1,2024,2024
6723685,1,1,2023,2023
6730349,1,1,2025,2025
6736290,1,1,2023,2023
6737950,1,1,2024,2024
6738220,1,1,2023,2023
6741246,1,1,2021,2021
6743619,1,1,2024,2024
6750988,1,1,2021,2021
6754678,1,1,2024,2024
6760741,1,1,2023,2023
6760742,1,1,2023,2023
6760947,1,1,2021,2021
6762999,1,1,2025,2025
6766963,1,1,2021,2021
6767823,1,1,2023,2023
6768005,1,1,2023,2023
6769686,1,1,2024,2024
6772206,1,1,2025,2025
6778024,1,1,2023,2023
6779277,1,1,2024,2024
6783893,1,1,2024,2024
6785055,1,1,2024,2024
6787666,1,1,2023,2023
6790151,1,1,2025,2025
6792221,1,1,2025,2025
6799510,1,1,2024,2024
6801079,1,1,2023,2023
6801947,1,1,2024,2024
6807327,1,1,2022,2022
6808471,1,1,2021,2021
6810024,1,1,2026,2026
6813989,1,1,2023,2023
6820376,1,1,2021,2021
6824722,1,1,2024,2024
6825257,1,1,2025,2025
6829500,1,1,2022,2022
6832882,1,1,2025,2025
6834211,1,1,2024,2024
6835718,1,1,2024,2024
6837627,1,1,2019,2019
6844263,1,1,2022,2022
6844386,1,1,2021,2021
6845101,1,1,2024,2024
6846058,1,1,2024,2024
6850614,1,1,2024,2024
6853375,1,1,2025,2025
6858274,1,1,2023,2023
6858388,1,1,2025,2025
6858455,1,1,2022,2022
6859272,1,1,2023,2023
6859531,1,1,2020,2020
6861488,1,1,2024,2024
6867030,1,1,2024,2024
6868907,1,1,2025,2025
6870907,1,1,2025,2025
6873011,1,1,2025,2025
6884000,1,1,2021,2021
6887395,1,1,2023,2023
6890274,1,1,2021,2021
6891335,1,1,2021,2021
6894707,1,1,2025,2025
6904698,1,1,2024,2024
6908595,1,1,2024,2024
6909198,1,1,2021,2021
6911283,1,1,2024,2024
6915470,1,1,2025,2025
6919133,1,1,2021,2021
6926288,1,1,2025,2025
6928963,1,1,2025,2025
6934890,1,1,2024,2024
6936908,1,1,2024,2024
6937974,1,1,2025,2025
6938409,1,1,2022,2022
6950044,1,1,2026,2026
6952287,1,1,2023,2023
6956888,1,1,2022,2022
6967410,1,1,2021,2021
6974203,1,1,2023,2023
6974556,1,1,2022,2022
6976225,1,1,2024,2024
6978091,1,1,2025,2025
6980121,1,1,2024,2024
6980278,1,1,2024,2024
6982128,1,1,2022,2022
6985318,1,1,2023,2023
6986597,1,1,2024,2024
6987056,1,1,2022,2022
6988120,1,1,2025,2025
7002078,1,1,2023,2023
7002427,1,1,2023,2023
7002549,1,1,2022,2022
7011382,1,1,2021,2021
7022427,1,1,2023,2023
7026719,1,1,2023,2023
7032746,1,1,2022,2022
7033774,1,1,2024,2024
7036031,1,1,2026,2026
7036572,1,1,2024,2024
7037053,1,1,2025,2025
7041004,1,1,2023,2023
7042695,1,1,2025,2025
7045940,1,1,2026,2026
7048332,1,1,2022,2022
7048706,1,1,2022,2022
7049192,1,1,2021,2021
7049711,1,1,2022,2022
7058988,1,1,2023,2023
7060958,1,1,2025,2025
7061169,1,1,2023,2023
7061920,1,1,2023,2023
7063969,1,1,2024,2024
7068358,1,1,2022,2022
7071994,1,1,2021,2021
7075541,1,1,2025,2025
7076286,1,1,2021,2021
7086728,1,1,2026,2026
7089121,1,1,2022,2022
7097186,1,1,2025,2025
7099774,1,1,2023,2023
7101709,1,1,2022,2022
7104727,1,1,2022,2022
7104895,1,1,2023,2023
7107428,1,1,2020,2020
7107875,1,1,2026,2026
7109636,1,1,2022,2022
7112150,1,1,2024,2024
7113634,1,1,2022,2022
7113820,1,1,2022,2022
7114627,1,1,2024,2024
7115990,1,1,2021,2021
7116286,1,1,2025,2025
7122355,1,1,2025,2025
7124553,1,1,2025,2025
7126311,1,1,2023,2023
7127653,1,1,2026,2026
7139326,1,1,2025,2025
7146757,1,1,2025,2025
7147737,1,1,2023,2023
7150296,1,1,2025,2025
7152663,1,1,2025,2025
7176905,1,1,2021,2021
7178302,1,1,2024,2024
7183205,1,1,2023,2023
7184033,1,1,2024,2024
7185207,1,1,2025,2025
7187098,1,1,2022,2022
7189678,1,1,2023,2023
7190354,1,1,2021,2021
7192479,1,1,2023,2023
7193217,1,1,2024,2024
7199548,1,1,2022,2022
7200251,1,1,2024,2024
7200646,1,1,2023,2023
7215903,1,1,2024,2024
7215953,1,1,2025,2025
7216849,1,1,2022,2022
7216919,1,1,2021,2021
7218533,1,1,2020,2020
7220141,1,1,2022,2022
7225348,1,1,2024,2024
7226776,1,1,2025,2025
7232480,1,1,2023,2023
7243545,1,1,2023,2023
7247246,1,1,2021,2021
7248186,1,1,2025,2025
7249188,1,1,2022,2022
7250359,1,1,2023,2023
7251529,1,1,2025,2025
7253115,1,1,2023,2023
7254871,1,1,2024,2024
7258785,1,1,2024,2024
7258793,1,1,2023,2023
7260703,1,1,2022,2022
7261895,1,1,2023,2023
7262680,1,1,2023,2023
7264167,1,1,2021,2021
7272777,1,1,2025,2025
7274438,1,1,2025,2025
7275522,1,1,2023,2023
7275935,1,1,2021,2021
7279071,1,1,2025,2025
7282647,1,1,2024,2024
7283236,1,1,2025,2025
7289676,1,1,2025,2025
7289711,1,1,2021,2021
7289722,1,1,2022,2022
7289734,1,1,2025,2025
7290297,1,1,2025,2025
7292709,1,1,2022,2022
7304925,1,1,2024,2024
7308441,1,1,2023,2023
7320017,1,1,2024,2024
7367531,1,1,2020,2020
7381259,1,1,2026,2026
7381278,1,1,2026,2026
7381665,1,1,2024,2024
7382244,1,1,2024,2024
7382427,1,1,2022,2022
7382719,1,1,2023,2023
7384507,1,1,2021,2021
7385128,1,1,2024,2024
7385939,1,1,2025,2025
7387125,1,1,2026,2026
7389156,1,1,2022,2022
7390226,1,1,2022,2022
7390295,1,1,2022,2022
7390448,1,1,2022,2022
7394269,1,1,2025,2025
7394579,1,1,2024,2024
7395666,1,1,2022,2022
7425870,1,1,2025,2025
7427713,1,1,2025,2025
7429072,1,1,2023,2023
7435615,1,1,2022,2022
7436875,1,1,2025,2025
7438564,1,1,2023,2023
7463129,1,1,2025,2025
7464960,1,1,2022,2022
7475918,1,1,2025,2025
7493102,1,1,2021,2021
7496263,1,1,2023,2023
7503426,1,1,2021,2021
7517861,1,1,2023,2023
7520360,1,1,2023,2023
7520993,1,1,2023,2023
7521276,1,1,2022,2022
7521301,1,1,2025,2025
7521311,1,1,2024,2024
7521756,1,1,2025,2025
7522520,1,1,2021,2021
7542696,1,1,2022,2022
7546730,1,1,2024,2024
7546975,1,1,2026,2026
7562760,1,1,2024,2024
7613325,1,1,2025,2025
7646219,1,1,2022,2022
7646618,1,1,2026,2026
7646907,1,1,2022,2022
7647240,1,1,2021,2021
7647509,1,1,2022,2022
7649210,1,1,2022,2022
7650486,1,1,2024,2024
7651841,1,1,2024,2024
7652156,1,1,2026,2026
7652501,1,1,2026,2026
7653554,1,1,2024,2024
7653746,1,1,2021,2021
7654956,1,1,2022,2022
7657872,1,1,2021,2021
7658959,1,1,2025,2025
7660028,1,1,2024,2024
7663117,1,1,2023,2023
7663534,1,1,2024,2024
7663642,1,1,2023,2023
7663725,1,1,2023,2023
7665452,1,1,2022,2022
7665593,1,1,2025,2025
7665937,1,1,2022,2022
7666360,1,1,2023,2023
7666431,1,1,2023,2023
7667139,1,1,2023,2023
7669384,1,1,2025,2025
7671697,1,1,2021,2021
7672166,1,1,2023,2023
7672372,1,1,2025,2025
7672461,1,1,2021,2021
7672758,1,1,2025,2025
7673715,1,1,2022,2022
7674144,1,1,2023,2023
7674546,1,1,2023,2023
7676649,1,1,2023,2023
7679456,1,1,2022,2022
7679462,1,1,2024,2024
7680893,1,1,2023,2023
7681944,1,1,2025,2025
7682252,1,1,2025,2025
7683128,1,1,2024,2024
7683915,1,1,2022,2022
7688470,1,1,2022,2022
7688872,1,1,2023,2023
7689018,1,1,2023,2023
7689780,1,1,2024,2024
7691349,1,1,2026,2026
7696017,1,1,2026,2026
7696471,1,1,2026,2026
7698141,1,1,2025,2025
7702520,1,1,2024,2024
7703901,1,1,2023,2023
7704012,1,1,2024,2024
7704237,1,1,2024,2024
7704492,1,1,2026,2026
7705499,1,1,2023,2023
7708432,1,1,2022,2022
7708597,1,1,2024,2024
7709272,1,1,2025,2025
7710855,1,1,2023,2023
7711948,1,1,2021,2021
7712680,1,1,2024,2024
7712818,1,1,2024,2024
7713432,1,1,2024,2024
7713736,1,1,2024,2024
7714853,1,1,2025,2025
7715016,1,1,2024,2024
7715120,1,1,2023,2023
7716317,1,1,2025,2025
7717113,1,1,2024,2024
7719738,1,1,2024,2024
7721368,1,1,2023,2023
7722979,1,1,2023,2023
7723696,1,1,2021,2021
7725039,1,1,2022,2022
7726564,1,1,2023,2023
7726701,1,1,2022,2022
7727134,1,1,2021,2021
7727380,1,1,2025,2025
7729636,1,1,2024,2024
7730082,1,1,2022,2022
7730890,1,1,2021,2021
7731073,1,1,2022,2022
7731219,1,1,2022,2022
7731995,1,1,2025,2025
7737555,1,1,2023,2023
7737563,1,1,2023,2023
7740653,1,1,2024,2024
7743088,1,1,2024,2024
7743499,1,1,2025,2025
7743762,1,1,2021,2021
7744302,1,1,2025,2025
7745497,1,1,2021,2021
7748753,1,1,2026,2026
7750906,1,1,2023,2023
7752186,1,1,2026,2026
7755218,1,1,2023,2023
7757534,1,1,2022,2022
7763314,1,1,2024,2024
7763918,1,1,2023,2023
7766239,1,1,2025,2025
7766894,1,1,2022,2022
7769839,1,1,2023,2023
7770606,1,1,2024,2024
7772263,1,1,2025,2025
7773917,1,1,2025,2025
7776362,1,1,2024,2024
7778873,1,1,2023,2023
7786448,1,1,2021,2021
7787632,1,1,2022,2022
7790852,1,1,2022,2022
7792801,1,1,2021,2021
7795131,1,1,2025,2025
7798437,1,1,2022,2022
7798777,1,1,2026,2026
7800696,1,1,2022,2022
7801241,1,1,2025,2025
7803916,1,1,2021,2021
7804082,1,1,2021,2021
7808261,1,1,2025,2025
7808684,1,1,2025,2025
7809223,1,1,2023,2023
7809544,1,1,2023,2023
7811078,1,1,2022,2022
7811536,1,1,2025,2025
7812695,1,1,2024,2024
7814205,1,1,2024,2024
7814335,1,1,2022,2022
7814983,1,1,2024,2024
7817941,1,1,2022,2022
7817955,1,1,2025,2025
7822356,1,1,2023,2023
7824647,1,1,2025,2025
7825116,1,1,2025,2025
7825246,1,1,2023,2023
7825373,1,1,2022,2022
7827396,1,1,2024,2024
7828108,1,1,2025,2025
7830934,1,1,2023,2023
7831940,1,1,2023,2023
7832057,1,1,2022,2022
7836784,1,1,2024,2024
7836838,1,1,2024,2024
7837583,1,1,2024,2024
7838648,1,1,2021,2021
7839069,1,1,2023,2023
7839611,1,1,2023,2023
7840052,1,1,2021,2021
7840375,1,1,2022,2022
7843612,1,1,2026,2026
7845185,1,1,2022,2022
7848878,1,1,2025,2025
7849147,1,1,2022,2022
7850854,1,1,2021,2021
7851140,1,1,2024,2024
7854287,1,1,2025,2025
7857785,1,1,2026,2026
7858268,1,1,2024,2024
7861507,1,1,2022,2022
7862750,1,1,2022,2022
7864337,1,1,2024,2024
7866016,1,1,2023,2023
7867711,1,1,2025,2025
7868008,1,1,2022,2022
7870044,1,1,2023,2023
7871098,1,1,2024,2024
7871717,1,1,2022,2022
7872208,1,1,2022,2022
7873744,1,1,2021,2021
7873879,1,1,2026,2026
7876169,1,1,2024,2024
7876444,1,1,2021,2021
7877406,1,1,2024,2024
7878283,1,1,2021,2021
7878715,1,1,2023,2023
7883218,1,1,2022,2022
7883394,1,1,2022,2022
7883452,1,1,2026,2026
7885805,1,1,2025,2025
7886360,1,1,2022,2022
7889691,1,1,2025,2025
7889704,1,1,2022,2022
7890296,1,1,2025,2025
7890378,1,1,2025,2025
7890380,1,1,2024,2024
7892066,1,1,2021,2021
7893764,1,1,2021,2021
7894195,1,1,2022,2022
7894889,1,1,2024,2024
7895643,1,1,2023,2023
7900184,1,1,2026,2026
7900624,1,1,2025,2025
7901389,1,1,2023,2023
7903855,1,1,2022,2022
7905794,1,1,2022,2022
7906277,1,1,2024,2024
7907260,1,1,2022,2022
7907699,1,1,2022,2022
7908727,1,1,2025,2025
7911287,1,1,2024,2024
7915433,1,1,2023,2023
7915972,1,1,2025,2025
7917128,1,1,2023,2023
7917434,1,1,2024,2024
7917485,1,1,2024,2024
7917497,1,1,2023,2023
7917938,1,1,2020,2020
7918625,1,1,2025,2025
7918744,1,1,2024,2024
7918754,1,1,2024,2024
7922158,1,1,2025,2025
7923762,1,1,2025,2025
7925860,1,1,2023,2023
7927078,1,1,2022,2022
7928591,1,1,2023,2023
7929401,1,1,2024,2024
7930637,1,1,2026,2026
7932250,1,1,2022,2022
7932462,1,1,2022,2022
7933903,1,1,2025,2025
7934729,1,1,2022,2022
7935359,1,1,2025,2025
7935747,1,1,2022,2022
7936044,1,1,2022,2022
7936610,1,1,2023,2023
7937159,1,1,2022,2022
7938548,1,1,2022,2022
7939317,1,1,2025,2025
7940308,1,1,2025,2025
7940494,1,1,2023,2023
7941923,1,1,2024,2024
7942235,1,1,2022,2022
7943378,1,1,2022,2022
7944014,1,1,2022,2022
7944258,1,1,2023,2023
7944375,1,1,2020,2020
7947042,1,1,2024,2024
7947095,1,1,2021,2021
7947212,1,1,2023,2023
7947476,1,1,2022,2022
7948078,1,1,2025,2025
7949727,1,1,2025,2025
7949764,1,1,2023,2023
7952258,1,1,2024,2024
7953219,1,1,2021,2021
7954796,1,1,2022,2022
7955401,1,1,2023,2023
7956752,1,1,2025,2025
7956916,1,1,2026,2026
7957381,1,1,2023,2023
7961246,1,1,2024,2024
7964291,1,1,2025,2025
7969203,1,1,2025,2025
7978403,1,1,2026,2026
7991876,1,1,2025,2025
8005130,1,1,2025,2025
8032009,1,1,2024,2024
8053793,1,1,2024,2024
8064539,1,1,2023,2023
8072041,1,1,2023,2023
8074917,1,1,2024,2024
8083388,1,1,2021,2021
8089580,1,1,2021,2021
8090217,1,1,2026,2026
8092639,1,1,2022,2022
8093558,1,1,2022,2022
8095222,1,1,2022,2022
8097552,1,1,2026,2026
8098317,1,1,2024,2024
8100935,1,1,2024,2024
8102128,1,1,2022,2022
8102284,1,1,2021,2021
8104246,1,1,2024,2024
8109042,1,1,2024,2024
8110795,1,1,2023,2023
8111283,1,1,2021,2021
8112552,1,1,2023,2023
8113399,1,1,2021,2021
8113885,1,1,2022,2022
8115942,1,1,2023,2023
8118675,1,1,2021,2021
8119068,1,1,2023,2023
8128290,1,1,2025,2025
8131906,1,1,2024,2024
8133571,1,1,2022,2022
8134397,1,1,2025,2025
8134487,1,1,2025,2025
8136998,1,1,2023,2023
8173808,1,1,2022,2022
8174372,1,1,2023,2023
8175662,1,1,2024,2024
8187306,1,1,2025,2025
8190910,1,1,2022,2022
8202195,1,1,2021,2021
8204848,1,1,2024,2024
8218848,1,1,2023,2023
8220362,1,1,2021,2021
8220413,1,1,2024,2024
8223898,1,1,2020,2020
8224223,1,1,2022,2022
8245979,1,1,2022,2022
8254066,1,1,2024,2024
8262202,1,1,2023,2023
8265374,1,1,2024,2024
8269002,1,1,2025,2025
8269827,1,1,2022,2022
8271414,1,1,2025,2025
8283068,1,1,2024,2024
8288204,1,1,2021,2021
8309738,1,1,2024,2024
8311618,1,1,2021,2021
8314009,1,1,2024,2024
8319324,1,1,2023,2023
8321585,1,1,2022,2022
8342542,1,1,2020,2020
8350190,1,1,2022,2022
8350596,1,1,2024,2024
8351442,1,1,2020,2020
8352798,1,1,2023,2023
8361346,1,1,2021,2021
8367670,1,1,2023,2023
8368294,1,1,2021,2021
8368834,1,1,2020,2020
8378386,1,1,2022,2022
8387380,1,1,2022,2022
8388071,1,1,2025,2025
8388417,1,1,2023,2023
8390094,1,1,2025,2025
8392197,1,1,2023,2023
8395710,1,1,2024,2024
8398458,1,1,2025,2025
8399433,1,1,2024,2024
8446750,1,1,2023,2023
8454730,1,1,2023,2023
8454741,1,1,2024,2024
8456076,1,1,2021,2021
8462344,1,1,2024,2024
8474822,1,1,2023,2023
8484040,1,1,2023,2023
8490625,1,1,2023,2023
8499052,1,1,2024,2024
8505823,1,1,2023,2023
8522045,1,1,2024,2024
8524746,1,1,2022,2022
8532675,1,1,2022,2022
8536476,1,1,2024,2024
8539755,1,1,2025,2025
8540582,1,1,2021,2021
8544380,1,1,2021,2021
8546747,1,1,2021,2021
8547462,1,1,2025,2025
8550356,1,1,2023,2023
8552173,1,1,2021,2021
8552743,1,1,2024,2024
8552844,1,1,2026,2026
8555093,1,1,2023,2023
8555675,1,1,2025,2025
8572472,1,1,2024,2024
8575034,1,1,2023,2023
8575980,1,1,2024,2024
8578100,1,1,2024,2024
8578243,1,1,2024,2024
8589964,1,1,2025,2025
8605255,1,1,2021,2021
8607523,1,1,2020,2020
8609217,1,1,2022,2022
8611741,1,1,2024,2024
8613540,1,1,2023,2023
8616398,1,1,2025,2025
8621094,1,1,2024,2024
8623731,1,1,2024,2024
8623964,1,1,2024,2024
8624169,1,1,2025,2025
8626453,1,1,2022,2022
8626508,1,1,2023,2023
8626515,1,1,2021,2021
8630300,1,1,2024,2024
8639154,1,1,2022,2022
8643599,1,1,2022,2022
8644207,1,1,2024,2024
8645051,1,1,2022,2022
8673123,1,1,2018,2018
8677665,1,1,2023,2023
8681526,1,1,2022,2022
8685803,1,1,2024,2024
8687069,1,1,2025,2025
8687330,1,1,2021,2021
8693502,1,1,2024,2024
8693586,1,1,2022,2022
8711454,1,1,2023,2023
8711871,1,1,2023,2023
8712842,1,1,2024,2024
8714599,1,1,2025,2025
8718809,1,1,2024,2024
8721436,1,1,2022,2022
8736040,1,1,2025,2025
8742405,1,1,2025,2025
8747089,1,1,2022,2022
8769366,1,1,2022,2022
8772101,1,1,2025,2025
8772376,1,1,2021,2021
8783912,1,1,2025,2025
8793394,1,1,2024,2024
8800104,1,1,2021,2021
8800142,1,1,2021,2021
8800152,1,1,2023,2023
8801354,1,1,2024,2024
8802739,1,1,2024,2024
8810940,1,1,2024,2024
8820879,1,1,2022,2022
8821048,1,1,2023,2023
8821831,1,1,2026,2026
8823776,1,1,2025,2025
8826845,1,1,2023,2023
8829276,1,1,2024,2024
8833249,1,1,2025,2025
8837180,1,1,2023,2023
8839871,1,1,2024,2024
8840802,1,1,2024,2024
8841786,1,1,2025,2025
8848406,1,1,2025,2025
8854236,1,1,2024,2024
8855946,1,1,2023,2023
8860553,1,1,2024,2024
8860789,1,1,2025,2025
8866426,1,1,2021,2021
8867721,1,1,2024,2024
8867759,1,1,2024,2024
8871612,1,1,2023,2023
8876848,1,1,2024,2024
8881178,1,1,2021,2021
8882253,1,1,2025,2025
8882650,1,1,2025,2025
8889677,1,1,2022,2022
8890623,1,1,2023,2023
8890630,1,1,2023,2023
8907198,1,1,2022,2022
8909064,1,1,2021,2021
8912747,1,1,2020,2020
8928586,1,1,2023,2023
8931503,1,1,2023,2023
8940157,1,1,2025,2025
8965409,1,1,2022,2022
8965668,1,1,2021,2021
8965942,1,1,2025,2025
8991597,1,1,2021,2021
9001707,1,1,2025,2025
9002357,1,1,2022,2022
9007695,1,1,2025,2025
9007868,1,1,2025,2025
9016562,1,1,2025,2025
9020207,1,1,2023,2023
9020605,1,1,2021,2021
9028595,1,1,2025,2025
9058626,1,1,2024,2024
9063807,1,1,2020,2020
9078092,1,1,2023,2023
9104894,1,1,2023,2023
9106007,1,1,2022,2022
9117792,1,1,2025,2025
9128901,1,1,2024,2024
9129212,1,1,2025,2025
9129246,1,1,2023,2023
9129316,1,1,2024,2024
9129347,1,1,2024,2024
9129497,1,1,2022,2022
9130704,1,1,2022,2022
9132606,1,1,2022,2022
9137695,1,1,2024,2024
9146556,1,1,2021,2021
9148679,1,1,2022,2022
9148758,1,1,2022,2022
9152628,1,1,2021,2021
9162949,1,1,2024,2024
9170837,1,1,2024,2024
9177993,1,1,2023,2023
9187810,1,1,2023,2023
9196641,1,1,2022,2022
9216870,1,1,2025,2025
9222419,1,1,2025,2025
9223382,1,1,2022,2022
9225871,1,1,2023,2023
9233682,1,1,2025,2025
9235105,1,1,2022,2022
9236419,1,1,2025,2025
9237600,1,1,2023,2023
9245077,1,1,2025,2025
9253240,1,1,2025,2025
9255296,1,1,2021,2021
9259963,1,1,2025,2025
9263664,1,1,2024,2024
9275115,1,1,2022,2022
9276582,1,1,2025,2025
9291954,1,1,2024,2024
9303607,1,1,2024,2024
9330636,1,1,2024,2024
9338356,1,1,2023,2023
9347241,1,1,2021,2021
9356180,1,1,2024,2024
9361560,1,1,2024,2024
9364152,1,1,2022,2022
9372287,1,1,2021,2021
9384352,1,1,2025,2025
9392897,1,1,2022,2022
9401370,1,1,2023,2023
9406455,1,1,2021,2021
9407343,1,1,2024,2024
9407657,1,1,2024,2024
9413125,1,1,2021,2021
9418305,1,1,2021,2021
9427825,1,1,2023,2023
9441557,1,1,2023,2023
9441700,1,1,2025,2025
9443362,1,1,2025,2025
9443904,1,1,2024,2024
9450233,1,1,2024,2024
9457859,1,1,2021,2021
9458356,1,1,2021,2021
9463810,1,1,2021,2021
9486369,1,1,2025,2025
9501612,1,1,2025,2025
9520335,1,1,2021,2021
9521638,1,1,2023,2023
9524943,1,1,2023,2023
9544280,1,1,2022,2022
9569035,1,1,2020,2020
9581859,1,1,2025,2025
9589870,1,1,2020,2020
9589871,1,1,2025,2025
9592197,1,1,2022,2022
9598242,1,1,2021,2021
9600132,1,1,2023,2023
9602825,1,1,2024,2024
9608458,1,1,2023,2023
9609746,1,1,2025,2025
9620163,1,1,2024,2024
9634605,1,1,2023,2023
9634937,1,1,2020,2020
9643073,1,1,2022,2022
9651200,1,1,2024,2024
9656485,1,1,2024,2024
9661269,1,1,2024,2024
9663303,1,1,2024,2024
9663363,1,1,2025,2025
9680495,1,1,2024,2024
9684163,1,1,2025,2025
9684809,1,1,2023,2023
9688040,1,1,2023,2023
9690312,1,1,2021,2021
9699184,1,1,2024,2024
9701851,1,1,2022,2022
9704696,1,1,2026,2026
9713279,1,1,2022,2022
9714005,1,1,2022,2022
9714009,1,1,2021,2021
9721362,1,1,2019,2019
9732054,1,1,2023,2023
9733146,1,1,2025,2025
9752546,1,1,2025,2025
9756914,1,1,2023,2023
9758747,1,1,2022,2022
9760539,1,1,2021,2021
9780421,1,1,2024,2024
9780730,1,1,2025,2025
9789793,1,1,2025,2025
9792086,1,1,2024,2024
9796169,1,1,2024,2024
9798475,1,1,2025,2025
9813821,1,1,2024,2024
9818543,1,1,2021,2021
9866615,1,1,2021,2021
9876896,1,1,2023,2023
9887491,1,1,2022,2022
9894732,1,1,2022,2022
9896731,1,1,2023,2023
9902119,1,1,2021,2021
9925480,1,1,2022,2022
9936386,1,1,2022,2022
9942635,1,1,2022,2022
9968983,1,1,2024,2024
9970771,1,1,2020,2020
9971577,1,1,2022,2022
9984834,1,1,2025,2025
9989095,1,1,2026,2026
9989873,1,1,2023,2023
9993426,1,1,2025,2025
9994069,1,1,2025,2025
10004499,1,1,2025,2025
10006338,1,1,2025,2025
10009147,1,1,2025,2025
10017829,1,1,2024,2024
10052709,1,1,2024,2024
10053748,1,1,2021,2021
10062235,1,1,2024,2024
10062390,1,1,2023,2023
10065596,1,1,2023,2023
10097667,1,1,2021,2021
10099661,1,1,2024,2024
10113055,1,1,2024,2024
10114813,1,1,2024,2024
10127453,1,1,2025,2025
10133143,1,1,2024,2024
10138770,1,1,2024,2024
10142187,1,1,2026,2026
10146415,1,1,2026,2026
10146950,1,1,2026,2026
10153379,1,1,2022,2022
10169825,1,1,2024,2024
10175561,1,1,2021,2021
10185775,1,1,2024,2024
10191326,1,1,2022,2022
10192336,1,1,2024,2024
10196804,1,1,2025,2025
10196949,1,1,2021,2021
10206760,1,1,2022,2022
10208916,1,1,2023,2023
10239685,1,1,2024,2024
10252908,1,1,2021,2021
10278236,1,1,2022,2022
10336419,1,1,2020,2020
10344440,1,1,2025,2025
10352129,1,1,2025,2025
10353866,1,1,2024,2024
10367509,1,1,2022,2022
10367510,1,1,2021,2021
10369385,1,1,2023,2023
10383696,1,1,2022,2022
10394946,1,1,2023,2023
10396012,1,1,2022,2022
10415484,1,1,2026,2026
10421662,1,1,2024,2024
10425893,1,1,2025,2025
10427060,1,1,2023,2023
10435417,1,1,2024,2024
10444677,1,1,2022,2022
10454374,1,1,2024,2024
10454805,1,1,2024,2024
10457643,1,1,2025,2025
10470158,1,1,2021,2021
10477501,1,1,2025,2025
10492000,1,1,2025,2025
10511683,1,1,2022,2022
10521410,1,1,2023,2023
10523778,1,1,2021,2021
10524327,1,1,2021,2021
10524507,1,1,2024,2024
10525945,1,1,2024,2024
10527856,1,1,2024,2024
10537404,1,1,2025,2025
10550058,1,1,2020,2020
10576218,1,1,2025,2025
10580251,1,1,2022,2022
10590223,1,1,2021,2021
10592178,1,1,2025,2025
10604131,1,1,2023,2023
10607910,1,1,2022,2022
10608204,1,1,2022,2022
10646651,1,1,2025,2025
10654614,1,1,2023,2023
10681348,1,1,2021,2021
10708363,1,1,2021,2021
10710553,1,1,2023,2023
10718396,1,1,2020,2020
10721825,1,1,2022,2022
10738014,1,1,2021,2021
10754046,1,1,2023,2023
10754338,1,1,2025,2025
10768717,1,1,2023,2023
10768962,1,1,2024,2024
10773978,1,1,2022,2022
10776824,1,1,2021,2021
10785728,1,1,2023,2023
10793728,1,1,2024,2024
10798957,1,1,2024,2024
10801330,1,1,2022,2022
10810225,1,1,2024,2024
10817341,1,1,2024,2024
10818081,1,1,2024,2024
10818087,1,1,2022,2022
10818098,1,1,2022,2022
10822905,1,1,2026,2026
10824507,1,1,2024,2024
10839130,1,1,2026,2026
10839985,1,1,2025,2025
10840897,1,1,2023,2023
10840995,1,1,2021,2021
10842036,1,1,2024,2024
10842041,1,1,2024,2024
10845957,1,1,2022,2022
10865212,1,1,2024,2024
10872760,1,1,2024,2024
10875544,1,1,2025,2025
10879457,1,1,2026,2026
10884919,1,1,2024,2024
10885192,1,1,2023,2023
10916839,1,1,2025,2025
10917710,1,1,2022,2022
10918400,1,1,2023,2023
10918410,1,1,2022,2022
10922025,1,1,2024,2024
10924324,1,1,2024,2024
10943229,1,1,2025,2025
10947094,1,1,2022,2022
10950767,1,1,2023,2023
10954935,1,1,2024,2024
10958643,1,1,2024,2024
10962881,1,1,2021,2021
10965210,1,1,2024,2024
10965226,1,1,2025,2025
10967780,1,1,2022,2022
10971445,1,1,2024,2024
10972783,1,1,2024,2024
10973377,1,1,2024,2024
10976123,1,1,2025,2025
10976728,1,1,2023,2023
10976926,1,1,2025,2025
10996749,1,1,2021,2021
10999159,1,1,2023,2023
10999759,1,1,2025,2025
11011921,1,1,2024,2024
11028584,1,1,2025,2025
11030973,1,1,2021,2021
11031435,1,1,2021,2021
11032997,1,1,2023,2023
11033086,1,1,2023,2023
11055133,1,1,2023,2023
11067050,1,1,2025,2025
11078506,1,1,2021,2021
11078833,1,1,2025,2025
11088700,1,1,2025,2025
11097558,1,1,2025,2025
11099123,1,1,2021,2021
11120544,1,1,2025,2025
11128206,1,1,2024,2024
11129392,1,1,2025,2025
11157050,1,1,2023,2023
11165908,1,1,2023,2023
11171286,1,1,2025,2025
11174063,1,1,2024,2024
11189023,1,1,2023,2023
11192821,1,1,2023,2023
11194564,1,1,2022,2022
11197754,1,1,2025,2025
11197826,1,1,2025,2025
11213999,1,1,2025,2025
11230897,1,1,2022,2022
11240129,1,1,2024,2024
11248612,1,1,2024,2024
11251896,1,1,2024,2024
11256790,1,1,2025,2025
11269639,1,1,2023,2023
11274996,1,1,2022,2022
11279650,1,1,2021,2021
11279651,1,1,2022,2022
11284176,1,1,2025,2025
11284667,1,1,2025,2025
11285806,1,1,2021,2021
11286729,1,1,2023,2023
11291971,1,1,2021,2021
11296625,1,1,2024,2024
11305854,1,1,2024,2024
11308058,1,1,2020,2020
11314095,1,1,2026,2026
11315556,1,1,2023,2023
11317346,1,1,2024,2024
11328542,1,1,2021,2021
11331008,1,1,2021,2021
11332339,1,1,2022,2022
11333611,1,1,2021,2021
11336973,1,1,2024,2024
11338350,1,1,2024,2024
11338861,1,1,2025,2025
11343113,1,1,2023,2023
11357403,1,1,2024,2024
11363154,1,1,2024,2024
11363275,1,1,2023,2023
11363322,1,1,2023,2023
11370653,1,1,2023,2023
11372407,1,1,2021,2021
11374918,1,1,2021,2021
11375847,1,1,2022,2022
11376921,1,1,2024,2024
11387529,1,1,2022,2022
11393385,1,1,2024,2024
11398780,1,1,2025,2025
11422455,1,1,2023,2023
11423351,1,1,2025,2025
11433806,1,1,2021,2021
11442502,1,1,2023,2023
11443399,1,1,2022,2022
11448866,1,1,2020,2020
11448892,1,1,2022,2022
11449502,1,1,2022,2022
11457073,1,1,2023,2023
11457886,1,1,2024,2024
11464368,1,1,2023,2023
11466211,1,1,2026,2026
11486819,1,1,2023,2023
11487568,1,1,2022,2022
11494317,1,1,2025,2025
11516854,1,1,2024,2024
11517038,1,1,2025,2025
11517589,1,1,2021,2021
11517910,1,1,2022,2022
11527981,1,1,2024,2024
11537809,1,1,2021,2021
11554831,1,1,2021,2021
11558377,1,1,2020,2020
11560037,1,1,2025,2025
11568607,1,1,2022,2022
11570197,1,1,2024,2024
11571725,1,1,2022,2022
11573268,1,1,2023,2023
11575059,1,1,2022,2022
11604810,1,1,2026,2026
11610034,1,1,2022,2022
11612327,1,1,2023,2023
11613886,1,1,2024,2024
11616184,1,1,2022,2022
11618606,1,1,2026,2026
11625762,1,1,2023,2023
11632173,1,1,2023,2023
11634788,1,1,2024,2024
11639421,1,1,2024,2024
11639757,1,1,2020,2020
11646945,1,1,2022,2022
11650293,1,1,2023,2023
11651207,1,1,2021,2021
11651211,1,1,2025,2025
11653996,1,1,2024,2024
11657764,1,1,2024,2024
11680394,1,1,2023,2023
11687187,1,1,2022,2022
11693323,1,1,2022,2022
11694635,1,1,2023,2023
11697440,1,1,2021,2021
11704571,1,1,2024,2024
11723048,1,1,2024,2024
11730385,1,1,2023,2023
11731204,1,1,2023,2023
11732698,1,1,2024,2024
11739977,1,1,2024,2024
11744749,1,1,2025,2025
11747247,1,1,2023,2023
11747259,1,1,2024,2024
11754882,1,1,2024,2024
11754919,1,1,2022,2022
11763513,1,1,2022,2022
11767029,1,1,2022,2022
11767071,1,1,2021,2021
11769409,1,1,2023,2023
11784947,1,1,2024,2024
11788949,1,1,2020,2020
11791497,1,1,2021,2021
11800216,1,1,2025,2025
11803298,1,1,2022,2022
11804302,1,1,2023,2023
11807153,1,1,2024,2024
11810497,1,1,2021,2021
11816977,1,1,2023,2023
11817919,1,1,2022,2022
11819621,1,1,2025,2025
11823907,1,1,2021,2021
11832307,1,1,2020,2020
11835049,1,1,2024,2024
11836356,1,1,2024,2024
11840483,1,1,2024,2024
11840580,1,1,2024,2024
11840671,1,1,2020,2020
11849398,1,1,2023,2023
11850901,1,1,2025,2025
11852146,1,1,2023,2023
11871111,1,1,2021,2021
11873520,1,1,2025,2025
11876225,1,1,2023,2023
11876247,1,1,2023,2023
11885731,1,1,2025,2025
11893247,1,1,2024,2024
11894292,1,1,2021,2021
11896199,1,1,2022,2022
11897846,1,1,2023,2023
11897934,1,1,2025,2025
11898594,1,1,2024,2024
11899650,1,1,2025,2025
11901450,1,1,2022,2022
11903114,1,1,2024,2024
11915595,1,1,2024,2024
11916198,1,1,2024,2024
11916383,1,1,2021,2021
11916777,1,1,2025,2025
11922742,1,1,2023,2023
11924161,1,1,2022,2022
11928526,1,1,2022,2022
11941449,1,1,2025,2025
11944418,1,1,2023,2023
11944930,1,1,2021,2021
11954171,1,1,2023,2023
11956696,1,1,2020,2020
11967358,1,1,2023,2023
11980004,1,1,2022,2022
11980100,1,1,2025,2025
11980864,1,1,2024,2024
11985955,1,1,2024,2024
11990747,1,1,2025,2025
11993257,1,1,2024,2024
12003277,1,1,2025,2025
12005904,1,1,2022,2022
12008168,1,1,2025,2025
12010556,1,1,2025,2025
12010862,1,1,2023,2023
12012341,1,1,2025,2025
12013002,1,1,2024,2024
12014955,1,1,2025,2025
12015627,1,1,2025,2025
12015942,1,1,2024,2024
12015948,1,1,2021,2021
12022035,1,1,2021,2021
12022238,1,1,2023,2023
12027699,1,1,2023,2023
12028826,1,1,2022,2022
12038182,1,1,2023,2023
12044512,1,1,2024,2024
12045207,1,1,2022,2022
12057813,1,1,2024,2024
12058864,1,1,2024,2024
12058873,1,1,2021,2021
12062909,1,1,2024,2024
12066778,1,1,2023,2023
12068073,1,1,2021,2021
12089178,1,1,2023,2023
12096640,1,1,2025,2025
12120889,1,1,2024,2024
12130909,1,1,2021,2021
12130939,1,1,2023,2023
12142165,1,1,2020,2020
12142698,1,1,2021,2021
12154369,1,1,2022,2022
12159150,1,1,2022,2022
12169291,1,1,2022,2022
12170113,1,1,2024,2024
12170212,1,1,2025,2025
12170659,1,1,2025,2025
12175492,1,1,2023,2023
12177089,1,1,2026,2026
12182758,1,1,2025,2025
12196046,1,1,2025,2025
12202247,1,1,2024,2024
12218148,1,1,2023,2023
12220992,1,1,2021,2021
12230928,1,1,2024,2024
12236036,1,1,2021,2021
12240557,1,1,2021,2021
12241341,1,1,2021,2021
12250234,1,1,2021,2021
12252204,1,1,2023,2023
12254775,1,1,2022,2022
12257592,1,1,2024,2024
12262221,1,1,2026,2026
12262288,1,1,2021,2021
12282502,1,1,2024,2024
12285515,1,1,2023,2023
12289863,1,1,2022,2022
12290749,1,1,2025,2025
12299081,1,1,2023,2023
12300317,1,1,2022,2022
12303934,1,1,2021,2021
12309732,1,1,2023,2023
12310634,1,1,2025,2025
12315624,1,1,2024,2024
12321857,1,1,2024,2024
12324590,1,1,2026,2026
12329964,1,1,2023,2023
12334498,1,1,2024,2024
12341192,1,1,2025,2025
12346148,1,1,2025,2025
12353694,1,1,2021,2021
12358900,1,1,2023,2023
12362217,1,1,2025,2025
12366794,1,1,2023,2023
12374643,1,1,2025,2025
12376229,1,1,2021,2021
12376268,1,1,2022,2022
12378689,1,1,2023,2023
12384617,1,1,2025,2025
12386943,1,1,2023,2023
12399310,1,1,2025,2025
12402257,1,1,2022,2022
12405091,1,1,2022,2022
12412027,1,1,2025,2025
12415658,1,1,2024,2024
12430369,1,1,2025,2025
12437359,1,1,2021,2021
12437519,1,1,2023,2023
12447891,1,1,2025,2025
12457404,1,1,2025,2025
12463918,1,1,2024,2024
12464329,1,1,2022,2022
12478012,1,1,2025,2025
12491789,1,1,2021,2021
12494095,1,1,2021,2021
12495965,1,1,2023,2023
12497342,1,1,2024,2024
12523538,1,1,2026,2026
12539997,1,1,2022,2022
12540147,1,1,2024,2024
12547494,1,1,2022,2022
12554244,1,1,2022,2022
12554662,1,1,2021,2021
12556065,1,1,2025,2025
12556487,1,1,2025,2025
12576553,1,1,2022,2022
12581989,1,1,2021,2021
12586164,1,1,2023,2023
12589788,1,1,2023,2023
12591778,1,1,2021,2021
12592008,1,1,2024,2024
12596781,1,1,2024,2024
12600903,1,1,2024,2024
12604112,1,1,2023,2023
12604508,1,1,2022,2022
12620323,1,1,2026,2026
12623121,1,1,2025,2025
12636355,1,1,2021,2021
12637938,1,1,2023,2023
12652220,1,1,2022,2022
12653769,1,1,2025,2025
12656532,1,1,2020,2020
12658431,1,1,2022,2022
12665462,1,1,2024,2024
12667157,1,1,2022,2022
12669299,1,1,2021,2021
12676443,1,1,2025,2025
12677334,1,1,2023,2023
12682380,1,1,2022,2022
12686422,1,1,2021,2021
12687749,1,1,2022,2022
12691263,1,1,2025,2025
12708400,1,1,2022,2022
12710543,1,1,2022,2022
12713058,1,1,2021,2021
12713708,1,1,2023,2023
12716732,1,1,2025,2025
12723699,1,1,2025,2025
12740239,1,1,2022,2022
12745359,1,1,2025,2025
12746599,1,1,2022,2022
12747842,1,1,2022,2022
12749221,1,1,2021,2021
12749349,1,1,2022,2022
12749418,1,1,2021,2021
12749625,1,1,2021,2021
12749758,1,1,2020,2020
12749774,1,1,2022,2022
12764754,1,1,2024,2024
12767921,1,1,2023,2023
12769540,1,1,2024,2024
12777425,1,1,2021,2021
12779214,1,1,2025,2025
12783598,1,1,2022,2022
12783822,1,1,2024,2024
12791655,1,1,2024,2024
12792238,1,1,2022,2022
12795463,1,1,2021,2021
12800976,1,1,2022,2022
12801334,1,1,2023,2023
12801465,1,1,2023,2023
12804475,1,1,2025,2025
12807534,1,1,2021,2021
12808723,1,1,2025,2025
12814209,1,1,2024,2024
12816172,1,1,2024,2024
12819654,1,1,2024,2024
12825202,1,1,2023,2023
12851211,1,1,2024,2024
12852008,1,1,2022,2022
12868339,1,1,2023,2023
12874209,1,1,2025,2025
12880500,1,1,2021,2021
12897649,1,1,2022,2022
12903445,1,1,2023,2023
12916144,1,1,2021,2021
12916170,1,1,2024,2024
12916512,1,1,2024,2024
12917017,1,1,2022,2022
12917072,1,1,2023,2023
12919565,1,1,2022,2022
12921765,1,1,2023,2023
12931866,1,1,2023,2023
12932907,1,1,2024,2024
12933398,1,1,2024,2024
12934490,1,1,2021,2021
12940760,1,1,2021,2021
12948190,1,1,2020,2020
12965539,1,1,2022,2022
12969293,1,1,2025,2025
12977218,1,1,2023,2023
12978429,1,1,2022,2022
12978448,1,1,2023,2023
12979290,1,1,2022,2022
12983167,1,1,2024,2024
13001759,1,1,2023,2023
13001907,1,1,2023,2023
13004209,1,1,2021,2021
13007173,1,1,2023,2023
13037428,1,1,2021,2021
13056751,1,1,2024,2024
13067388,1,1,2023,2023
13077032,1,1,2022,2022
13096554,1,1,2022,2022
13103145,1,1,2021,2021
13103407,1,1,2025,2025
13115710,1,1,2024,2024
13127613,1,1,2026,2026
13163439,1,1,2023,2023
13166437,1,1,2025,2025
13178510,1,1,2022,2022
13182313,1,1,2025,2025
13184618,1,1,2022,2022
13191703,1,1,2023,2023
13207023,1,1,2024,2024
13213577,1,1,2022,2022
13217848,1,1,2024,2024
13217888,1,1,2023,2023
13217898,1,1,2020,2020
13218097,1,1,2021,2021
13218107,1,1,2022,2022
13218125,1,1,2021,2021
13218169,1,1,2025,2025
13218172,1,1,2023,2023
13218180,1,1,2020,2020
13220237,1,1,2025,2025
13227514,1,1,2025,2025
13228596,1,1,2022,2022
13236631,1,1,2024,2024
13246222,1,1,2020,2020
13251347,1,1,2024,2024
13256509,1,1,2025,2025
13257756,1,1,2025,2025
13261489,1,1,2024,2024
13276400,1,1,2021,2021
13292663,1,1,2024,2024
13302380,1,1,2021,2021
13311792,1,1,2022,2022
13318204,1,1,2024,2024
13342572,1,1,2022,2022
13344623,1,1,2023,2023
13350903,1,1,2024,2024
13354477,1,1,2025,2025
13356748,1,1,2025,2025
13369721,1,1,2024,2024
13375471,1,1,2025,2025
13377938,1,1,2024,2024
13390186,1,1,2023,2023
13397920,1,1,2024,2024
13406011,1,1,2023,2023
13429537,1,1,2024,2024
13433299,1,1,2024,2024
13436991,1,1,2024,2024
13437202,1,1,2025,2025
13444071,1,1,2021,2021
13475712,1,1,2023,2023
13476846,1,1,2023,2023
13486048,1,1,2024,2024
13493172,1,1,2023,2023
13500384,1,1,2023,2023
13504260,1,1,2022,2022
13507143,1,1,2024,2024
13514319,1,1,2023,2023
13514411,1,1,2022,2022
13514472,1,1,2022,2022
13523002,1,1,2023,2023
13523975,1,1,2026,2026
13529493,1,1,2022,2022
13536874,1,1,2022,2022
13550344,1,1,2023,2023
13554881,1,1,2021,2021
13555046,1,1,2021,2021
13569471,1,1,2025,2025
13578121,1,1,2023,2023
13580468,1,1,2024,2024
13581025,1,1,2024,2024
13630399,1,1,2023,2023
13658060,1,1,2023,2023
13677270,1,1,2022,2022
13680307,1,1,2021,2021
13681756,1,1,2023,2023
13684087,1,1,2021,2021
13693509,1,1,2022,2022
13706029,1,1,2022,2022
13709917,1,1,2024,2024
13720898,1,1,2021,2021
13721768,1,1,2025,2025
13729890,1,1,2022,2022
13737533,1,1,2022,2022
13742377,1,1,2024,2024
13747946,1,1,2022,2022
13752792,1,1,2021,2021
13768139,1,1,2021,2021
13768742,1,1,2025,2025
13769252,1,1,2023,2023
13769712,1,1,2024,2024
13775325,1,1,2021,2021
13781299,1,1,2020,2020
13781707,1,1,2021,2021
13782251,1,1,2024,2024
13793202,1,1,2024,2024
13796447,1,1,2021,2021
13798215,1,1,2024,2024
13807696,1,1,2025,2025
13811851,1,1,2025,2025
13814747,1,1,2024,2024
13819804,1,1,2023,2023
13831170,1,1,2025,2025
13833675,1,1,2024,2024
13836579,1,1,2023,2023
13840791,1,1,2023,2023
13843286,1,1,2024,2024
13845051,1,1,2021,2021
13848282,1,1,2026,2026
13850016,1,1,2024,2024
13850605,1,1,2023,2023
13851263,1,1,2021,2021
13851294,1,1,2024,2024
13851863,1,1,2021,2021
13856268,1,1,2024,2024
13856562,1,1,2023,2023
13858261,1,1,2024,2024
13861369,1,1,2023,2023
13862594,1,1,2024,2024
13864127,1,1,2025,2025
13869377,1,1,2021,2021
13873921,1,1,2021,2021
13877039,1,1,2022,2022
13880102,1,1,2024,2024
13880593,1,1,2021,2021
13886793,1,1,2025,2025
13894655,1,1,2024,2024
13941873,1,1,2022,2022
13952223,1,1,2024,2024
13974084,1,1,2023,2023
13989190,1,1,2026,2026
14018002,1,1,2025,2025
14024268,1,1,2024,2024
14026151,1,1,2024,2024
14050257,1,1,2024,2024
14050372,1,1,2025,2025
14065156,1,1,2021,2021
14069354,1,1,2024,2024
14075873,1,1,2023,2023
14078260,1,1,2024,2024
14082352,1,1,2025,2025
14089696,1,1,2023,2023
14090842,1,1,2022,2022
14097077,1,1,2022,2022
14110766,1,1,2026,2026
14129938,1,1,2022,2022
14135049,1,1,2024,2024
14155723,1,1,2025,2025
14170289,1,1,2025,2025
14171099,1,1,2024,2024
14178236,1,1,2022,2022
14183206,1,1,2024,2024
14191488,1,1,2020,2020
14193163,1,1,2024,2024
14195788,1,1,2025,2025
14196958,1,1,2024,2024
14198549,1,1,2022,2022
14198590,1,1,2021,2021
14203903,1,1,2023,2023
14212517,1,1,2024,2024
14217547,1,1,2022,2022
14220461,1,1,2025,2025
14226152,1,1,2022,2022
14227595,1,1,2024,2024
14228361,1,1,2023,2023
14231082,1,1,2021,2021
14231411,1,1,2023,2023
14232011,1,1,2022,2022
14238333,1,1,2022,2022
14238417,1,1,2024,2024
14243775,1,1,2022,2022
14252449,1,1,2022,2022
14255193,1,1,2026,2026
14256257,1,1,2024,2024
14256258,1,1,2024,2024
14263103,1,1,2023,2023
14291831,1,1,2023,2023
14308246,1,1,2024,2024
14310160,1,1,2026,2026
14311672,1,1,2024,2024
14317522,1,1,2025,2025
14325241,1,1,2025,2025
14341299,1,1,2024,2024
14350011,1,1,2021,2021
14351424,1,1,2022,2022
14353367,1,1,2023,2023
14354638,1,1,2021,2021
14358134,1,1,2026,2026
14366078,1,1,2024,2024
14373289,1,1,2022,2022
14374654,1,1,2024,2024
14376616,1,1,2023,2023
14392700,1,1,2022,2022
14401676,1,1,2022,2022
14402324,1,1,2021,2021
14402921,1,1,2021,2021
14416060,1,1,2022,2022
14417738,1,1,2022,2022
14419998,1,1,2025,2025
14422291,1,1,2022,2022
14428440,1,1,2023,2023
14428549,1,1,2025,2025
14436551,1,1,2024,2024
14444645,1,1,2023,2023
14444843,1,1,2024,2024
14444847,1,1,2025,2025
14444855,1,1,2020,2020
14449885,1,1,2023,2023
14462583,1,1,2026,2026
14468048,1,1,2022,2022
14469275,1,1,2024,2024
14486663,1,1,2022,2022
14491919,1,1,2023,2023
14505604,1,1,2022,2022
14507545,1,1,2023,2023
14520964,1,1,2023,2023
14527918,1,1,2024,2024
14533696,1,1,2023,2023
14537461,1,1,2021,2021
14539251,1,1,2022,2022
14540059,1,1,2024,2024
14541142,1,1,2023,2023
14563357,1,1,2023,2023
14574537,1,1,2024,2024
14576791,1,1,2022,2022
14599661,1,1,2025,2025
14600293,1,1,2022,2022
14600678,1,1,2021,2021
14600698,1,1,2026,2026
14604788,1,1,2021,2021
14614467,1,1,2021,2021
14616090,1,1,2023,2023
14627742,1,1,2024,2024
14628093,1,1,2025,2025
14652208,1,1,2023,2023
14668256,1,1,2022,2022
14669051,1,1,2023,2023
14670466,1,1,2024,2024
14672039,1,1,2021,2021
14686442,1,1,2021,2021
14687169,1,1,2022,2022
14694473,1,1,2022,2022
14718665,1,1,2025,2025
14722471,1,1,2021,2021
14722560,1,1,2023,2023
14724146,1,1,2021,2021
14746062,1,1,2021,2021
14747224,1,1,2025,2025
14749739,1,1,2022,2022
14750707,1,1,2023,2023
14760448,1,1,2021,2021
14777182,1,1,2022,2022
14784686,1,1,2023,2023
14789286,1,1,2023,2023
14789811,1,1,2024,2024
14810687,1,1,2023,2023
14813370,1,1,2023,2023
14831321,1,1,2023,2023
14846577,1,1,2020,2020
14847723,1,1,2023,2023
14848730,1,1,2024,2024
14850902,1,1,2024,2024
14852265,1,1,2023,2023
14874407,1,1,2025,2025
14884782,1,1,2022,2022
14887513,1,1,2022,2022
14889144,1,1,2021,2021
14892715,1,1,2020,2020
14915569,1,1,2022,2022
14928247,1,1,2025,2025
14929875,1,1,2023,2023
14957422,1,1,2025,2025
14961692,1,1,2025,2025
14964366,1,1,2025,2025
14989442,1,1,2023,2023
14990986,1,1,2022,2022
14997702,1,1,2022,2022
15000840,1,1,2021,2021
15003603,1,1,2023,2023
15014905,1,1,2023,2023
15037888,1,1,2023,2023
15047498,1,1,2022,2022
15065657,1,1,2023,2023
15068738,1,1,2023,2023
15070376,1,1,2024,2024
15073989,1,1,2022,2022
15076636,1,1,2025,2025
15091268,1,1,2022,2022
15095469,1,1,2024,2024
15105884,1,1,2024,2024
15106514,1,1,2023,2023
15113805,1,1,2021,2021
15120663,1,1,2025,2025
15124179,1,1,2024,2024
15125239,1,1,2024,2024
15128383,1,1,2024,2024
15139410,1,1,2023,2023
15144253,1,1,2025,2025
15150471,1,1,2023,2023
15150473,1,1,2022,2022
15162156,1,1,2026,2026
15166227,1,1,2024,2024
15178337,1,1,2026,2026
15178867,1,1,2024,2024
15182394,1,1,2025,2025
15183271,1,1,2023,2023
15183569,1,1,2022,2022
15185490,1,1,2025,2025
15186163,1,1,2024,2024
15186329,1,1,2025,2025
15190899,1,1,2021,2021
15202524,1,1,2023,2023
15204185,1,1,2021,2021
15212335,1,1,2024,2024
15215845,1,1,2025,2025
15230391,1,1,2021,2021
15245897,1,1,2022,2022
15251029,1,1,2023,2023
15273609,1,1,2025,2025
15276781,1,1,2023,2023
15277518,1,1,2021,2021
15282014,1,1,2020,2020
15287951,1,1,2024,2024
15300671,1,1,2024,2024
15309082,1,1,2021,2021
15326451,1,1,2024,2024
15334470,1,1,2023,2023
15340621,1,1,2024,2024
15344094,1,1,2021,2021
15344819,1,1,2024,2024
15346955,1,1,2021,2021
15347451,1,1,2023,2023
15351292,1,1,2025,2025
15356093,1,1,2023,2023
15362803,1,1,2021,2021
15376521,1,1,2023,2023
15378023,1,1,2024,2024
15378837,1,1,2021,2021
15378847,1,1,2022,2022
15383956,1,1,2025,2025
15384702,1,1,2026,2026
15388092,1,1,2025,2025
15393205,1,1,2023,2023
15402470,1,1,2022,2022
15406060,1,1,2025,2025
15409627,1,1,2025,2025
15417983,1,1,2021,2021
15436547,1,1,2021,2021
15441621,1,1,2023,2023
15442663,1,1,2023,2023
15443551,1,1,2023,2023
15443968,1,1,2023,2023
15446629,1,1,2024,2024
15451774,1,1,2024,2024
15459658,1,1,2024,2024
15465176,1,1,2022,2022
15466715,1,1,2022,2022
15475858,1,1,2022,2022
15480398,1,1,2022,2022
15489602,1,1,2024,2024
15498103,1,1,2024,2024
15509867,1,1,2022,2022
15511231,1,1,2023,2023
15534168,1,1,2024,2024
15536664,1,1,2021,2021
15538459,1,1,2023,2023
15542292,1,1,2023,2023
15544443,1,1,2024,2024
15561967,1,1,2025,2025
15563740,1,1,2024,2024
15569111,1,1,2024,2024
15569498,1,1,2024,2024
15572172,1,1,2023,2023
15575729,1,1,2024,2024
15578631,1,1,2025,2025
15581669,1,1,2024,2024
15588838,1,1,2025,2025
15589094,1,1,2024,2024
15600531,1,1,2024,2024
15600929,1,1,2021,2021
15601233,1,1,2022,2022
15603070,1,1,2023,2023
15610998,1,1,2024,2024
15637188,1,1,2025,2025
15637646,1,1,2024,2024
15646972,1,1,2024,2024
15647162,1,1,2022,2022
15668878,1,1,2022,2022
15673334,1,1,2023,2023
15677919,1,1,2022,2022
15679990,1,1,2024,2024
15705697,1,1,2025,2025
15709159,1,1,2025,2025
15731391,1,1,2023,2023
15736837,1,1,2025,2025
15737203,1,1,2024,2024
15737614,1,1,2022,2022
15743549,1,1,2022,2022
15765947,1,1,2024,2024
15772197,1,1,2024,2024
15776143,1,1,2021,2021
15787505,1,1,2023,2023
15808770,1,1,2024,2024
15811145,1,1,2020,2020
15812776,1,1,2021,2021
15814955,1,1,2024,2024
15818551,1,1,2021,2021
15823255,1,1,2025,2025
15824555,1,1,2022,2022
15824758,1,1,2023,2023
15826018,1,1,2022,2022
15826289,1,1,2025,2025
15828632,1,1,2024,2024
15828961,1,1,2024,2024
15831796,1,1,2024,2024
15831922,1,1,2021,2021
15832074,1,1,2022,2022
15832702,1,1,2022,2022
15833939,1,1,2021,2021
15840561,1,1,2025,2025
15847915,1,1,2022,2022
15853268,1,1,2025,2025
15853316,1,1,2023,2023
15853506,1,1,2023,2023
15853876,1,1,2025,2025
15863808,1,1,2025,2025
15870994,1,1,2022,2022
15872460,1,1,2024,2024
15874886,1,1,2025,2025
15884513,1,1,2025,2025
15890115,1,1,2026,2026
15897690,1,1,2023,2023
15901003,1,1,2025,2025
15902102,1,1,2022,2022
15905299,1,1,2022,2022
15905578,1,1,2023,2023
15908371,1,1,2025,2025
15913315,1,1,2021,2021
15915447,1,1,2023,2023
15924306,1,1,2023,2023
15932198,1,1,2021,2021
15936926,1,1,2022,2022
15937346,1,1,2024,2024
15937406,1,1,2023,2023
15938018,1,1,2024,2024
15938144,1,1,2021,2021
15939788,1,1,2025,2025
15944897,1,1,2023,2023
15945528,1,1,2021,2021
15948054,1,1,2023,2023
15950065,1,1,2025,2025
15950858,1,1,2021,2021
15959110,1,1,2025,2025
15959853,1,1,2025,2025
15961775,1,1,2021,2021
15976168,1,1,2022,2022
15977108,1,1,2021,2021
15977946,1,1,2024,2024
15983305,1,1,2022,2022
15983348,1,1,2023,2023
15993059,1,1,2022,2022
15993931,1,1,2023,2023
15995177,1,1,2025,2025
15999885,1,1,2025,2025
16006081,1,1,2025,2025
16008718,1,1,2023,2023
16036608,1,1,2025,2025
16036845,1,1,2021,2021
16038219,1,1,2021,2021
16049950,1,1,2024,2024
16050659,1,1,2021,2021
16052577,1,1,2022,2022
16061091,1,1,2022,2022
16070102,1,1,2024,2024
16074885,1,1,2022,2022
16091514,1,1,2021,2021
16092782,1,1,2023,2023
16093800,1,1,2024,2024
16110984,1,1,2025,2025
16111766,1,1,2025,2025
16117667,1,1,2025,2025
16124372,1,1,2024,2024
16126854,1,1,2025,2025
16133499,1,1,2024,2024
16135884,1,1,2022,2022
16139599,1,1,2025,2025
16146837,1,1,2025,2025
16168476,1,1,2021,2021
16195747,1,1,2022,2022
16205418,1,1,2025,2025
16209137,1,1,2020,2020
16209212,1,1,2022,2022
16211435,1,1,2024,2024
16212606,1,1,2022,2022
16220689,1,1,2024,2024
16228366,1,1,2025,2025
16232390,1,1,2024,2024
16241058,1,1,2025,2025
16241630,1,1,2023,2023
16246702,1,1,2022,2022
16250978,1,1,2024,2024
16254043,1,1,2022,2022
16259580,1,1,2022,2022
16261606,1,1,2025,2025
16262460,1,1,2022,2022
16262956,1,1,2022,2022
16264100,1,1,2022,2022
16264557,1,1,2021,2021
16265685,1,1,2025,2025
16269885,1,1,2025,2025
16278076,1,1,2024,2024
16278575,1,1,2021,2021
16282300,1,1,2021,2021
16289015,1,1,2022,2022
16300392,1,1,2021,2021
16301265,1,1,2022,2022
16304263,1,1,2025,2025
16305130,1,1,2021,2021
16305954,1,1,2025,2025
16308915,1,1,2020,2020
16324109,1,1,2023,2023
16324345,1,1,2023,2023
16327792,1,1,2023,2023
16327797,1,1,2021,2021
16328130,1,1,2023,2023
16335855,1,1,2025,2025
16337245,1,1,2022,2022
16341945,1,1,2021,2021
16344627,1,1,2022,2022
16345693,1,1,2024,2024
16349468,1,1,2024,2024
16355865,1,1,2023,2023
16356568,1,1,2024,2024
16366229,1,1,2025,2025
16373598,1,1,2021,2021
16379082,1,1,2025,2025
16390732,1,1,2024,2024
16400573,1,1,2023,2023
16416724,1,1,2024,2024
16423401,1,1,2021,2021
16432963,1,1,2023,2023
16435002,1,1,2025,2025
16438148,1,1,2023,2023
16440725,1,1,2023,2023
16444831,1,1,2024,2024
16453332,1,1,2025,2025
16453812,1,1,2023,2023
16472574,1,1,2023,2023
16480457,1,1,2024,2024
16493210,1,1,2021,2021
16493561,1,1,2024,2024
16493586,1,1,2023,2023
16494263,1,1,2022,2022
16494343,1,1,2024,2024
16497152,1,1,2024,2024
16497257,1,1,2026,2026
16497455,1,1,2023,2023
16497771,1,1,2024,2024
16500250,1,1,2023,2023
16513495,1,1,2025,2025
16520271,1,1,2023,2023
16530627,1,1,2020,2020
16534913,1,1,2025,2025
16547302,1,1,2023,2023
16559803,1,1,2020,2020
16563592,1,1,2024,2024
16583593,1,1,2024,2024
16583910,1,1,2025,2025
16584434,1,1,2023,2023
16586359,1,1,2024,2024
16606105,1,1,2024,2024
16609597,1,1,2024,2024
16609909,1,1,2021,2021
16626582,1,1,2021,2021
16627726,1,1,2023,2023
16637241,1,1,2024,2024
16640036,1,1,2022,2022
16641404,1,1,2022,2022
16644198,1,1,2022,2022
16645872,1,1,2025,2025
16646173,1,1,2023,2023
16648695,1,1,2025,2025
16665618,1,1,2022,2022
16669665,1,1,2023,2023
16670996,1,1,2022,2022
16690428,1,1,2024,2024
16690891,1,1,2024,2024
16691376,1,1,2022,2022
16692229,1,1,2024,2024
16692283,1,1,2024,2024
16702376,1,1,2025,2025
16708707,1,1,2025,2025
16709561,1,1,2025,2025
16712228,1,1,2022,2022
16712291,1,1,2024,2024
16712965,1,1,2024,2024
16715635,1,1,2021,2021
16728304,1,1,2025,2025
16743523,1,1,2023,2023
16754583,1,1,2024,2024
16758926,1,1,2020,2020
16759826,1,1,2023,2023
16763123,1,1,2022,2022
16763135,1,1,2023,2023
16766170,1,1,2023,2023
16768180,1,1,2021,2021
16772454,1,1,2022,2022
16773550,1,1,2024,2024
16785754,1,1,2024,2024
16786094,1,1,2025,2025
16786099,1,1,2024,2024
16793242,1,1,2025,2025
16797803,1,1,2021,2021
16798039,1,1,2023,2023
16805067,1,1,2024,2024
16807671,1,1,2022,2022
16810851,1,1,2025,2025
16811866,1,1,2025,2025
16812794,1,1,2023,2023
16827361,1,1,2024,2024
16831967,1,1,2026,2026
16834703,1,1,2021,2021
16836164,1,1,2024,2024
16837198,1,1,2024,2024
16842523,1,1,2025,2025
16844820,1,1,2024,2024
16845185,1,1,2023,2023
16849094,1,1,2023,2023
16849986,1,1,2022,2022
16875852,1,1,2024,2024
16892759,1,1,2025,2025
16903650,1,1,2023,2023
16917325,1,1,2025,2025
16933247,1,1,2021,2021
16948014,1,1,2022,2022
16951805,1,1,2021,2021
16954660,1,1,2022,2022
16971738,1,1,2022,2022
16975162,1,1,2023,2023
16982380,1,1,2024,2024
16983169,1,1,2023,2023
16983549,1,1,2025,2025
16984065,1,1,2025,2025
16992272,1,1,2024,2024
16999235,1,1,2025,2025
17001003,1,1,2024,2024
17001070,1,1,2023,2023
17007086,1,1,2023,2023
17008163,1,1,2024,2024
17010936,1,1,2022,2022
17016001,1,1,2024,2024
17021337,1,1,2021,2021
17024667,1,1,2024,2024
17025041,1,1,2022,2022
17025554,1,1,2021,2021
17026582,1,1,2025,2025
17028248,1,1,2024,2024
17029542,1,1,2022,2022
17043640,1,1,2022,2022
17047944,1,1,2025,2025
17050623,1,1,2022,2022
17051726,1,1,2021,2021
17056203,1,1,2022,2022
17056378,1,1,2024,2024
17060599,1,1,2024,2024
17062329,1,1,2023,2023
17063830,1,1,2026,2026
17071834,1,1,2021,2021
17078679,1,1,2024,2024
17091670,1,1,2025,2025
17098475,1,1,2025,2025
17105072,1,1,2025,2025
17111162,1,1,2025,2025
17118683,1,1,2023,2023
17124273,1,1,2021,2021
17135776,1,1,2023,2023
17143135,1,1,2023,2023
17166195,1,1,2021,2021
17201356,1,1,2025,2025
17206313,1,1,2021,2021
17219641,1,1,2022,2022
17228364,1,1,2025,2025
17244143,1,1,2023,2023
17254623,1,1,2025,2025
17262342,1,1,2025,2025
17264085,1,1,2023,2023
17265212,1,1,2023,2023
17284196,1,1,2023,2023
17291032,1,1,2023,2023
17300709,1,1,2023,2023
17322480,1,1,2024,2024
17323569,1,1,2024,2024
17327115,1,1,2021,2021
17342219,1,1,2022,2022
17342961,1,1,2022,2022
17344609,1,1,2024,2024
17345395,1,1,2024,2024
17351071,1,1,2025,2025
17351503,1,1,2023,2023
17353320,1,1,2022,2022
17355438,1,1,2023,2023
17361525,1,1,2021,2021
17361705,1,1,2025,2025
17371846,1,1,2025,2025
17380059,1,1,2020,2020
17387926,1,1,2021,2021
17388406,1,1,2022,2022
17408131,1,1,2023,2023
17418164,1,1,2021,2021
17424124,1,1,2025,2025
17424871,1,1,2021,2021
17426751,1,1,2021,2021
17427024,1,1,2020,2020
17429747,1,1,2020,2020
17446500,1,1,2026,2026
17452629,1,1,2023,2023
17458462,1,1,2023,2023
17463323,1,1,2021,2021
17470100,1,1,2022,2022
17479185,1,1,2025,2025
17479213,1,1,2023,2023
17488170,1,1,2020,2020
17508306,1,1,2025,2025
17517617,1,1,2024,2024
17524780,1,1,2023,2023
17527544,1,1,2024,2024
17528543,1,1,2022,2022
17535201,1,1,2025,2025
17542915,1,1,2021,2021
17550067,1,1,2025,2025
17550327,1,1,2021,2021
17564206,1,1,2026,2026
17566875,1,1,2022,2022
17592567,1,1,2023,2023
17599249,1,1,2023,2023
17606530,1,1,2024,2024
17622288,1,1,2022,2022
17622355,1,1,2023,2023
17632615,1,1,2020,2020
17632631,1,1,2024,2024
17649275,1,1,2022,2022
17649757,1,1,2023,2023
17651738,1,1,2022,2022
17670178,1,1,2023,2023
17697294,1,1,2022,2022
17699995,1,1,2024,2024
17726101,1,1,2026,2026
17730521,1,1,2022,2022
17732424,1,1,2022,2022
17733499,1,1,2024,2024
17734187,1,1,2022,2022
17755552,1,1,2025,2025
17759273,1,1,2023,2023
17772209,1,1,2024,2024
17773607,1,1,2026,2026
17780956,1,1,2024,2024
17783778,1,1,2025,2025
17784274,1,1,2024,2024
17794301,1,1,2023,2023
17797107,1,1,2021,2021
17810247,1,1,2022,2022
17818716,1,1,2023,2023
17818733,1,1,2023,2023
17858356,1,1,2023,2023
17858361,1,1,2021,2021
17865064,1,1,2018,2018
17868467,1,1,2025,2025
17894459,1,1,2022,2022
17895817,1,1,2023,2023
17916935,1,1,2024,2024
17925547,1,1,2023,2023
17934078,1,1,2025,2025
17947069,1,1,2022,2022
17955592,1,1,2020,2020
17957584,1,1,2025,2025
17959124,1,1,2023,2023
17960585,1,1,2024,2024
17965450,1,1,2021,2021
17971924,1,1,2024,2024
17981566,1,1,2022,2022
18004849,1,1,2024,2024
18004871,1,1,2022,2022
18006327,1,1,2021,2021
18006364,1,1,2021,2021
18006725,1,1,2022,2022
18009632,1,1,2022,2022
18018242,1,1,2023,2023
18024343,1,1,2022,2022
18056226,1,1,2024,2024
18065459,1,1,2022,2022
18066809,1,1,2023,2023
18116319,1,1,2024,2024
18138064,1,1,2026,2026
18146813,1,1,2021,2021
18157483,1,1,2026,2026
18169595,1,1,2021,2021
18188630,1,1,2023,2023
18189301,1,1,2025,2025
18201834,1,1,2022,2022
18207866,1,1,2022,2022
18224051,1,1,2024,2024
18224565,1,1,2024,2024
18224777,1,1,2025,2025
18244591,1,1,2023,2023
18250586,1,1,2024,2024
18265469,1,1,2023,2023
18277491,1,1,2024,2024
18277678,1,1,2025,2025
18296071,1,1,2025,2025
18305139,1,1,2023,2023
18311841,1,1,2024,2024
18316608,1,1,2024,2024
18320584,1,1,2023,2023
18322074,1,1,2023,2023
18323825,1,1,2023,2023
18323994,1,1,2023,2023
18325318,1,1,2023,2023
18347872,1,1,2022,2022
18358607,1,1,2024,2024
18363278,1,1,2020,2020
18384118,1,1,2021,2021
18384785,1,1,2020,2020
18385437,1,1,2022,2022
18398035,1,1,2024,2024
18398605,1,1,2024,2024
18409034,1,1,2022,2022
18409035,1,1,2022,2022
18409704,1,1,2024,2024
18416581,1,1,2026,2026
18419701,1,1,2022,2022
18432243,1,1,2025,2025
18436326,1,1,2023,2023
18436377,1,1,2022,2022
18438210,1,1,2024,2024
18444116,1,1,2020,2020
18444123,1,1,2023,2023
18459293,1,1,2022,2022
18461293,1,1,2023,2023
18467394,1,1,2022,2022
18482646,1,1,2022,2022
18482947,1,1,2024,2024
18494749,1,1,2023,2023
18495247,1,1,2022,2022
18500262,1,1,2023,2023
18519269,1,1,2025,2025
18521464,1,1,2022,2022
18525690,1,1,2024,2024
18525831,1,1,2023,2023
18531043,1,1,2021,2021
18531550,1,1,2024,2024
18531630,1,1,2025,2025
18536529,1,1,2024,2024
18550548,1,1,2021,2021
18552692,1,1,2026,2026
18555622,1,1,2022,2022
18556326,1,1,2024,2024
18557219,1,1,2021,2021
18573071,1,1,2021,2021
18596272,1,1,2024,2024
18597094,1,1,2025,2025
18598136,1,1,2024,2024
18610120,1,1,2022,2022
18612981,1,1,2022,2022
18613248,1,1,2023,2023
18614763,1,1,2025,2025
18615689,1,1,2018,2018
18617890,1,1,2021,2021
18626515,1,1,2024,2024
18626539,1,1,2024,2024
18648045,1,1,2022,2022
18649656,1,1,2022,2022
18665413,1,1,2021,2021
18697103,1,1,2024,2024
18698222,1,1,2021,2021
18705300,1,1,2025,2025
18705309,1,1,2023,2023
18708061,1,1,2023,2023
18709338,1,1,2024,2024
18716149,1,1,2022,2022
18722216,1,1,2022,2022
18740063,1,1,2024,2024
18758870,1,1,2023,2023
18767210,1,1,2024,2024
18789210,1,1,2022,2022
18795096,1,1,2023,2023
18809444,1,1,2024,2024
18812190,1,1,2023,2023
18817626,1,1,2022,2022
18848670,1,1,2024,2024
18849742,1,1,2025,2025
18855906,1,1,2023,2023
18857747,1,1,2023,2023
18863006,1,1,2022,2022
18863411,1,1,2022,2022
18870870,1,1,2025,2025
18871793,1,1,2023,2023
18873454,1,1,2021,2021
18879748,1,1,2025,2025
18884374,1,1,2023,2023
18889787,1,1,2024,2024
18890416,1,1,2021,2021
18892376,1,1,2023,2023
18905203,1,1,2022,2022
18907457,1,1,2022,2022
18910195,1,1,2021,2021
18917027,1,1,2025,2025
18919417,1,1,2025,2025
18927161,1,1,2023,2023
18932814,1,1,2024,2024
18934164,1,1,2022,2022
18936412,1,1,2021,2021
18945213,1,1,2023,2023
18946043,1,1,2022,2022
18963728,1,1,2025,2025
18968028,1,1,2025,2025
18982078,1,1,2022,2022
18983417,1,1,2024,2024
18983875,1,1,2022,2022
18983885,1,1,2022,2022
18986246,1,1,2024,2024
19003047,1,1,2023,2023
19007630,1,1,2025,2025
19015821,1,1,2022,2022
19018555,1,1,2020,2020
19019148,1,1,2023,2023
19019173,1,1,2026,2026
19023692,1,1,2023,2023
19026557,1,1,2021,2021
19026684,1,1,2023,2023
19028569,1,1,2023,2023
19028824,1,1,2025,2025
19028868,1,1,2022,2022
19030162,1,1,2024,2024
19030483,1,1,2020,2020
19030635,1,1,2025,2025
19035063,1,1,2025,2025
19043674,1,1,2023,2023
19051054,1,1,2025,2025
19057440,1,1,2025,2025
19061212,1,1,2021,2021
19070536,1,1,2025,2025
19074773,1,1,2023,2023
19082330,1,1,2024,2024
19084938,1,1,2023,2023
19086552,1,1,2024,2024
19092418,1,1,2022,2022
19093452,1,1,2024,2024
19098205,1,1,2025,2025
19098278,1,1,2021,2021
19099305,1,1,2022,2022
19099625,1,1,2025,2025
19107726,1,1,2022,2022
19109016,1,1,2025,2025
19109110,1,1,2023,2023
19110837,1,1,2024,2024
19113710,1,1,2025,2025
19113722,1,1,2023,2023
19120188,1,1,2024,2024
19135759,1,1,2021,2021
19138930,1,1,2022,2022
19152792,1,1,2023,2023
19154515,1,1,2024,2024
19158434,1,1,2024,2024
19164024,1,1,2024,2024
19177747,1,1,2020,2020
19180037,1,1,2023,2023
19190835,1,1,2022,2022
19214012,1,1,2023,2023
19244805,1,1,2025,2025
19252929,1,1,2025,2025
19267011,1,1,2021,2021
19270808,1,1,2026,2026
19295753,1,1,2023,2023
19297833,1,1,2022,2022
19306149,1,1,2020,2020
19307756,1,1,2021,2021
19312448,1,1,2023,2023
19314348,1,1,2025,2025
19315902,1,1,2023,2023
19319430,1,1,2026,2026
19319470,1,1,2020,2020
19320074,1,1,2025,2025
19328376,1,1,2021,2021
19330164,1,1,2023,2023
19331039,1,1,2022,2022
19332745,1,1,2022,2022
19333794,1,1,2021,2021
19335054,1,1,2021,2021
19344160,1,1,2025,2025
19344402,1,1,2022,2022
19362368,1,1,2024,2024
19362464,1,1,2022,2022
19368775,1,1,2024,2024
19369516,1,1,2023,2023
19390586,1,1,2023,2023
19394767,1,1,2022,2022
19413714,1,1,2024,2024
19417960,1,1,2024,2024
19429696,1,1,2022,2022
19437444,1,1,2025,2025
19442424,1,1,2024,2024
19458430,1,1,2022,2022
19462660,1,1,2023,2023
19465586,1,1,2024,2024
19473974,1,1,2025,2025
19484183,1,1,2023,2023
19487579,1,1,2021,2021
19489156,1,1,2024,2024
19497770,1,1,2023,2023
19500504,1,1,2023,2023
19501504,1,1,2021,2021
19502871,1,1,2023,2023
19515101,1,1,2024,2024
19523679,1,1,2021,2021
19527957,1,1,2024,2024
19546610,1,1,2022,2022
19547939,1,1,2024,2024
19548221,1,1,2024,2024
19550908,1,1,2024,2024
19561313,1,1,2024,2024
19571509,1,1,2021,2021
19571749,1,1,2025,2025
19582252,1,1,2025,2025
19585502,1,1,2022,2022
19586069,1,1,2025,2025
19598705,1,1,2024,2024
19613020,1,1,2025,2025
19613238,1,1,2021,2021
19613832,1,1,2022,2022
19614134,1,1,2021,2021
19622630,1,1,2025,2025
19622680,1,1,2023,2023
19622711,1,1,2022,2022
19626440,1,1,2021,2021
19633602,1,1,2023,2023
19664987,1,1,2021,2021
19674047,1,1,2025,2025
19681451,1,1,2020,2020
19696109,1,1,2024,2024
19706064,1,1,2023,2023
19711039,1,1,2026,2026
19721612,1,1,2025,2025
19723931,1,1,2024,2024
19727284,1,1,2024,2024
19759135,1,1,2023,2023
19765017,1,1,2023,2023
19769201,1,1,2024,2024
19769601,1,1,2022,2022
19788854,1,1,2024,2024
19803695,1,1,2022,2022
19814187,1,1,2023,2023
19815598,1,1,2021,2021
19816847,1,1,2021,2021
19820457,1,1,2025,2025
19830544,1,1,2024,2024
19855399,1,1,2024,2024
19856962,1,1,2025,2025
19859725,1,1,2023,2023
19866380,1,1,2024,2024
19866836,1,1,2022,2022
19877979,1,1,2024,2024
19878201,1,1,2024,2024
19887453,1,1,2022,2022
19887588,1,1,2023,2023
19893231,1,1,2024,2024
19896961,1,1,2024,2024
19898364,1,1,2021,2021
19900219,1,1,2022,2022
19900357,1,1,2023,2023
19908243,1,1,2023,2023
19910796,1,1,2021,2021
19921868,1,1,2025,2025
19930492,1,1,2024,2024
19932352,1,1,2022,2022
19939554,1,1,2022,2022
19957823,1,1,2020,2020
19961521,1,1,2023,2023
19971623,1,1,2026,2026
19975201,1,1,2023,2023
19990141,1,1,2025,2025
19996125,1,1,2024,2024
20017841,1,1,2021,2021
20023938,1,1,2020,2020
20034454,1,1,2023,2023
20038184,1,1,2023,2023
20042022,1,1,2023,2023
20047966,1,1,2025,2025
20050070,1,1,2020,2020
20050658,1,1,2025,2025
20051862,1,1,2023,2023
20055832,1,1,2021,2021
20064183,1,1,2025,2025
20067667,1,1,2021,2021
20072673,1,1,2023,2023
20073548,1,1,2023,2023
20087220,1,1,2022,2022
20091166,1,1,2023,2023
20094445,1,1,2025,2025
20100085,1,1,2025,2025
20107866,1,1,2021,2021
20124183,1,1,2023,2023
20125183,1,1,2023,2023
20136407,1,1,2025,2025
20136728,1,1,2024,2024
20145957,1,1,2024,2024
20147959,1,1,2023,2023
20148262,1,1,2025,2025
20156221,1,1,2022,2022
20156562,1,1,2024,2024
20157249,1,1,2023,2023
20159143,1,1,2020,2020
20160125,1,1,2021,2021
20162621,1,1,2021,2021
20163755,1,1,2021,2021
20167542,1,1,2021,2021
20171095,1,1,2022,2022
20173254,1,1,2024,2024
20173756,1,1,2022,2022
20177912,1,1,2021,2021
20241288,1,1,2024,2024
20245526,1,1,2024,2024
20246293,1,1,2023,2023
20294516,1,1,2022,2022
20294834,1,1,2024,2024
20307309,1,1,2023,2023
20313773,1,1,2023,2023
20322610,1,1,2022,2022
20339449,1,1,2023,2023
20344703,1,1,2025,2025
20345584,1,1,2024,2024
20348552,1,1,2023,2023
20350030,1,1,2023,2023
20371833,1,1,2023,2023
20380643,1,1,2026,2026
20385618,1,1,2024,2024
20396304,1,1,2024,2024
20398425,1,1,2026,2026
20400889,1,1,2023,2023
20401549,1,1,2022,2022
20407688,1,1,2023,2023
20418645,1,1,2025,2025
20430460,1,1,2022,2022
20435701,1,1,2023,2023
20436117,1,1,2024,2024
20441564,1,1,2022,2022
20453600,1,1,2024,2024
20454023,1,1,2022,2022
20463975,1,1,2022,2022
20464093,1,1,2023,2023
20470841,1,1,2022,2022
20471164,1,1,2020,2020
20473209,1,1,2025,2025
20474438,1,1,2022,2022
20480224,1,1,2021,2021
20490980,1,1,2022,2022
20503235,1,1,2022,2022
20508496,1,1,2023,2023
20513998,1,1,2023,2023
20520264,1,1,2025,2025
20523268,1,1,2022,2022
20524806,1,1,2022,2022
20530395,1,1,2022,2022
20533732,1,1,2024,2024
20535429,1,1,2025,2025
20539391,1,1,2025,2025
20546288,1,1,2023,2023
20546367,1,1,2024,2024
20552526,1,1,2022,2022
20571346,1,1,2021,2021
20571367,1,1,2022,2022
20571478,1,1,2021,2021
20571550,1,1,2021,2021
20571579,1,1,2021,2021
20571613,1,1,2022,2022
20571649,1,1,2022,2022
20578243,1,1,2023,2023
20602599,1,1,2023,2023
20632753,1,1,2023,2023
20771696,1,1,2017,2017
20811136,1,1,2025,2025
20914260,1,1,2022,2022
20923008,1,1,2026,2026
20924066,1,1,2023,2023
20926615,1,1,2025,2025
20927351,1,1,2022,2022
20927576,1,1,2022,2022
20934781,1,1,2024,2024
20938940,1,1,2021,2021
20942427,1,1,2025,2025
20944343,1,1,2023,2023
20944559,1,1,2021,2021
20951488,1,1,2020,2020
20954294,1,1,2022,2022
20954556,1,1,2025,2025
20957644,1,1,2022,2022
20958097,1,1,2023,2023
20960037,1,1,2024,2024
20960589,1,1,2023,2023
20962596,1,1,2021,2021
20963135,1,1,2020,2020
20966809,1,1,2021,2021
20967182,1,1,2025,2025
20984837,1,1,2026,2026
20992769,1,1,2022,2022
20994948,1,1,2022,2022
21001569,1,1,2023,2023
21007343,1,1,2026,2026
21008589,1,1,2025,2025
21010541,1,1,2022,2022
21013295,1,1,2026,2026
21017277,1,1,2024,2024
21017834,1,1,2022,2022
21020382,1,1,2024,2024
21036868,1,1,2025,2025
21037061,1,1,2022,2022
21042323,1,1,2024,2024
21042742,1,1,2021,2021
21044135,1,1,2022,2022
21047831,1,1,2026,2026
21073587,1,1,2024,2024
21078277,1,1,2024,2024
21089533,1,1,2023,2023
21094176,1,1,2024,2024
21098661,1,1,2021,2021
21099367,1,1,2018,2018
21118617,1,1,2022,2022
21119012,1,1,2025,2025
21131614,1,1,2023,2023
21136468,1,1,2024,2024
21162360,1,1,2024,2024
21190129,1,1,2025,2025
21190679,1,1,2022,2022
21199640,1,1,2024,2024
21203144,1,1,2023,2023
21208261,1,1,2022,2022
21211768,1,1,2024,2024
21218604,1,1,2024,2024
21242841,1,1,2022,2022
21250150,1,1,2022,2022
21252111,1,1,2025,2025
21253859,1,1,2026,2026
21257896,1,1,2025,2025
21257945,1,1,2021,2021
21258353,1,1,2022,2022
21267406,1,1,2023,2023
21274340,1,1,2025,2025
21277015,1,1,2026,2026
21280384,1,1,2022,2022
21283960,1,1,2022,2022
21299141,1,1,2025,2025
21314070,1,1,2025,2025
21319942,1,1,2023,2023
21325500,1,1,2022,2022
21327177,1,1,2022,2022
21353843,1,1,2023,2023
21354175,1,1,2023,2023
21375465,1,1,2025,2025
21387742,1,1,2022,2022
21388544,1,1,2024,2024
21390416,1,1,2025,2025
21395340,1,1,2026,2026
21409890,1,1,2024,2024
21414833,1,1,2025,2025
21425113,1,1,2020,2020
21427513,1,1,2025,2025
21429922,1,1,2023,2023
21430842,1,1,2023,2023
21444810,1,1,2024,2024
21473382,1,1,2024,2024
21473848,1,1,2025,2025
21509233,1,1,2021,2021
21510929,1,1,2022,2022
21514697,1,1,2023,2023
21516980,1,1,2025,2025
21523312,1,1,2024,2024
21535273,1,1,2024,2024
21536411,1,1,2022,2022
21545175,1,1,2024,2024
21545508,1,1,2021,2021
21547768,1,1,2022,2022
21549630,1,1,2024,2024
21550886,1,1,2026,2026
21560837,1,1,2021,2021
21568255,1,1,2024,2024
21600194,1,1,2022,2022
21607399,1,1,2022,2022
21626299,1,1,2024,2024
21626767,1,1,2024,2024
21629097,1,1,2025,2025
21636046,1,1,2025,2025
21639819,1,1,2021,2021
21644908,1,1,2023,2023
21656257,1,1,2022,2022
21665995,1,1,2025,2025
21667361,1,1,2025,2025
21673567,1,1,2025,2025
21674656,1,1,2021,2021
21692328,1,1,2025,2025
21694563,1,1,2024,2024
21696824,1,1,2023,2023
21700572,1,1,2022,2022
21700892,1,1,2025,2025
21708332,1,1,2023,2023
21710027,1,1,2021,2021
21719439,1,1,2023,2023
21724923,1,1,2025,2025
21730094,1,1,2025,2025
21736927,1,1,2026,2026
21744268,1,1,2023,2023
21747373,1,1,2023,2023
21761525,1,1,2024,2024
21763006,1,1,2023,2023
21765237,1,1,2021,2021
21767634,1,1,2024,2024
21767965,1,1,2021,2021
21774989,1,1,2020,2020
21786195,1,1,2022,2022
21791425,1,1,2026,2026
21793051,1,1,2023,2023
21793281,1,1,2024,2024
21822786,1,1,2023,2023
21830397,1,1,2023,2023
21830522,1,1,2024,2024
21831725,1,1,2022,2022
21842813,1,1,2024,2024
21856834,1,1,2022,2022
21888766,1,1,2022,2022
21894035,1,1,2023,2023
21899269,1,1,2024,2024
21924696,1,1,2022,2022
21930917,1,1,2023,2023
21931165,1,1,2023,2023
21940099,1,1,2024,2024
21952582,1,1,2023,2023
21953332,1,1,2025,2025
21977640,1,1,2024,2024
21980109,1,1,2025,2025
21989724,1,1,2016,2016
22005966,1,1,2022,2022
22008176,1,1,2024,2024
22038461,1,1,2024,2024
22047912,1,1,2023,2023
22049591,1,1,2024,2024
22056032,1,1,2024,2024
22061021,1,1,2022,2022
22064519,1,1,2025,2025
22065079,1,1,2025,2025
22065123,1,1,2023,2023
22078849,1,1,2025,2025
22081679,1,1,2023,2023
22122179,1,1,2020,2020
22124775,1,1,2023,2023
22142569,1,1,2024,2024
22142727,1,1,2025,2025
22142857,1,1,2024,2024
22143345,1,1,2025,2025
22143841,1,1,2021,2021
22145024,1,1,2025,2025
22145268,1,1,2024,2024
22145699,1,1,2023,2023
22146319,1,1,2021,2021
22147976,1,1,2024,2024
22150537,1,1,2024,2024
22150831,1,1,2023,2023
22151966,1,1,2025,2025
22152216,1,1,2025,2025
22152732,1,1,2024,2024
22154017,1,1,2025,2025
22154643,1,1,2025,2025
22155070,1,1,2025,2025
22155864,1,1,2025,2025
22156615,1,1,2024,2024
22158848,1,1,2024,2024
22159149,1,1,2024,2024
22160883,1,1,2025,2025
22161338,1,1,2025,2025
22161384,1,1,2022,2022
22162061,1,1,2023,2023
22162292,1,1,2021,2021
22162946,1,1,2022,2022
22165811,1,1,2023,2023
22166451,1,1,2025,2025
22167555,1,1,2021,2021
22170063,1,1,2022,2022
22170219,1,1,2025,2025
22172998,1,1,2024,2024
22173879,1,1,2026,2026
22174203,1,1,2024,2024
22174502,1,1,2022,2022
22175891,1,1,2021,2021
22176044,1,1,2023,2023
22177247,1,1,2026,2026
22177620,1,1,2025,2025
22181130,1,1,2024,2024
22184433,1,1,2025,2025
22185098,1,1,2024,2024
22186973,1,1,2024,2024
22188088,1,1,2025,2025
22188433,1,1,2025,2025
22189364,1,1,2024,2024
22196989,1,1,2024,2024
22197138,1,1,2022,2022
22198554,1,1,2024,2024
22200782,1,1,2024,2024
22202064,1,1,2023,2023
22202691,1,1,2022,2022
22207030,1,1,2023,2023
22208573,1,1,2020,2020
22209118,1,1,2025,2025
22209226,1,1,2026,2026
22209543,1,1,2025,2025
22209765,1,1,2024,2024
22210176,1,1,2022,2022
22211286,1,1,2025,2025
22212258,1,1,2023,2023
22215423,1,1,2025,2025
22215445,1,1,2022,2022
22216297,1,1,2022,2022
22216768,1,1,2023,2023
22217605,1,1,2021,2021
22218537,1,1,2025,2025
22219918,1,1,2023,2023
22220075,1,1,2025,2025
22223884,1,1,2025,2025
22225383,1,1,2023,2023
22227183,1,1,2024,2024
22228315,1,1,2023,2023
22229279,1,1,2024,2024
22230759,1,1,2024,2024
22231413,1,1,2025,2025
22232389,1,1,2025,2025
22233005,1,1,2021,2021
22234163,1,1,2023,2023
22235183,1,1,2025,2025
22236063,1,1,2023,2023
22237212,1,1,2024,2024
22238545,1,1,2025,2025
22239479,1,1,2023,2023
22241802,1,1,2022,2022
22243767,1,1,2025,2025
22244279,1,1,2026,2026
22244508,1,1,2025,2025
22247188,1,1,2021,2021
22248162,1,1,2024,2024
22249782,1,1,2021,2021
22252193,1,1,2026,2026
22254316,1,1,2021,2021
22256992,1,1,2023,2023
22260417,1,1,2026,2026
22260549,1,1,2022,2022
22261088,1,1,2022,2022
22261424,1,1,2023,2023
22262366,1,1,2023,2023
22268067,1,1,2022,2022
22268533,1,1,2024,2024
22268677,1,1,2023,2023
22270596,1,1,2025,2025
22270705,1,1,2025,2025
22270873,1,1,2024,2024
22270907,1,1,2021,2021
22272916,1,1,2022,2022
22275687,1,1,2023,2023
22298765,1,1,2023,2023
22304909,1,1,2025,2025
22315723,1,1,2025,2025
22319444,1,1,2025,2025
22325355,1,1,2022,2022
22325573,1,1,2021,2021
22333284,1,1,2023,2023
22391476,1,1,2024,2024
22395502,1,1,2024,2024
22404966,1,1,2023,2023
22434902,1,1,2024,2024
22456669,1,1,2024,2024
22460537,1,1,2023,2023
22485364,1,1,2025,2025
22516492,1,1,2025,2025
22525662,1,1,2025,2025
22530624,1,1,2025,2025
22540259,1,1,2021,2021
22551216,1,1,2021,2021
22553816,1,1,2023,2023
22572589,1,1,2024,2024
22582004,1,1,2025,2025
22596234,1,1,2023,2023
22596706,1,1,2025,2025
22606414,1,1,2025,2025
22626641,1,1,2024,2024
22678007,1,1,2023,2023
22696536,1,1,2023,2023
22729121,1,1,2024,2024
22747142,1,1,2025,2025
22760126,1,1,2025,2025
22787859,1,1,2023,2023
22788221,1,1,2025,2025
22789308,1,1,2022,2022
22804348,1,1,2024,2024
22834921,1,1,2024,2024
22835009,1,1,2020,2020
22858959,1,1,2026,2026
22866382,1,1,2026,2026
22873824,1,1,2025,2025
22883760,1,1,2021,2021
22902138,1,1,2023,2023
22911945,1,1,2024,2024
22918570,1,1,2021,2021
22924607,1,1,2023,2023
22924728,1,1,2024,2024
22930633,1,1,2022,2022
22945932,1,1,2023,2023
22958580,1,1,2023,2023
22959723,1,1,2023,2023
22960361,1,1,2026,2026
22961923,1,1,2024,2024
22972163,1,1,2022,2022
22982181,1,1,2024,2024
22983713,1,1,2023,2023
22990585,1,1,2024,2024
22996263,1,1,2024,2024
22997661,1,1,2023,2023
23006632,1,1,2023,2023
23012432,1,1,2021,2021
23022688,1,1,2025,2025
23023387,1,1,2025,2025
23030025,1,1,2025,2025
23034251,1,1,2023,2023
23038183,1,1,2024,2024
23041564,1,1,2021,2021
23055288,1,1,2022,2022
23055753,1,1,2025,2025
23069919,1,1,2025,2025
23074286,1,1,2024,2024
23077071,1,1,2025,2025
23079259,1,1,2023,2023
23117746,1,1,2025,2025
23119762,1,1,2025,2025
23121982,1,1,2023,2023
23123293,1,1,2025,2025
23138879,1,1,2023,2023
23141322,1,1,2025,2025
23169319,1,1,2025,2025
23201985,1,1,2025,2025
23208159,1,1,2023,2023
23218001,1,1,2021,2021
23221800,1,1,2021,2021
23236331,1,1,2023,2023
23239748,1,1,2025,2025
23263703,1,1,2024,2024
23275084,1,1,2024,2024
23289027,1,1,2025,2025
23299191,1,1,2023,2023
23303924,1,1,2025,2025
23308602,1,1,2024,2024
23313553,1,1,2022,2022
23314041,1,1,2025,2025
23316892,1,1,2023,2023
23322078,1,1,2024,2024
23322286,1,1,2024,2024
23324261,1,1,2024,2024
23326807,1,1,2023,2023
23342446,1,1,2021,2021
23356844,1,1,2025,2025
23357557,1,1,2022,2022
23358391,1,1,2024,2024
23371162,1,1,2022,2022
23402349,1,1,2022,2022
23404256,1,1,2023,2023
23405503,1,1,2024,2024
23417048,1,1,2025,2025
23417923,1,1,2025,2025
23421715,1,1,2025,2025
23425344,1,1,2023,2023
23444938,1,1,2023,2023
23455004,1,1,2023,2023
23455253,1,1,2025,2025
23456285,1,1,2025,2025
23457546,1,1,2021,2021
23462827,1,1,2023,2023
23465413,1,1,2022,2022
23470886,1,1,2025,2025
23474548,1,1,2023,2023
23475042,1,1,2024,2024
23475448,1,1,2022,2022
23475703,1,1,2022,2022
23476372,1,1,2022,2022
23480534,1,1,2023,2023
23482299,1,1,2025,2025
23500290,1,1,2023,2023
23505075,1,1,2024,2024
23506781,1,1,2023,2023
23513614,1,1,2020,2020
23520417,1,1,2023,2023
23520668,1,1,2026,2026
23542250,1,1,2022,2022
23544446,1,1,2024,2024
23559177,1,1,2022,2022
23563905,1,1,2024,2024
23569621,1,1,2022,2022
23571843,1,1,2022,2022
23574638,1,1,2025,2025
23576033,1,1,2023,2023
23599182,1,1,2024,2024
23599468,1,1,2025,2025
23599575,1,1,2024,2024
23609399,1,1,2024,2024
23615078,1,1,2024,2024
23615470,1,1,2026,2026
23619892,1,1,2024,2024
23631286,1,1,2023,2023
23635981,1,1,2022,2022
23644816,1,1,2023,2023
23649034,1,1,2024,2024
23651242,1,1,2024,2024
23668632,1,1,2023,2023
23679550,1,1,2023,2023
23689903,1,1,2025,2025
23697297,1,1,2025,2025
23738303,1,1,2023,2023
23740212,1,1,2025,2025
23745170,1,1,2024,2024
23759104,1,1,2022,2022
23772939,1,1,2025,2025
23783255,1,1,2024,2024
23784404,1,1,2022,2022
23802770,1,1,2025,2025
23804242,1,1,2023,2023
23807226,1,1,2025,2025
23810429,1,1,2022,2022
23829685,1,1,2024,2024
23832980,1,1,2022,2022
23836982,1,1,2023,2023
23842867,1,1,2022,2022
23852084,1,1,2022,2022
23853743,1,1,2023,2023
23856226,1,1,2021,2021
23863655,1,1,2024,2024
23865829,1,1,2023,2023
23868578,1,1,2024,2024
23869470,1,1,2023,2023
23872667,1,1,2024,2024
23873927,1,1,2021,2021
23876435,1,1,2024,2024
23895101,1,1,2021,2021
23912556,1,1,2025,2025
23935010,1,1,2024,2024
23944881,1,1,2025,2025
23954804,1,1,2024,2024
23961415,1,1,2022,2022
23966056,1,1,2024,2024
23968788,1,1,2023,2023
23969800,1,1,2021,2021
23973784,1,1,2025,2025
23975324,1,1,2025,2025
23979517,1,1,2021,2021
23990304,1,1,2024,2024
23992201,1,1,2023,2023
23993494,1,1,2025,2025
24005307,1,1,2026,2026
24030060,1,1,2025,2025
24041028,1,1,2023,2023
24047714,1,1,2026,2026
24058299,1,1,2022,2022
24059790,1,1,2025,2025
24060919,1,1,2024,2024
24072559,1,1,2022,2022
24072600,1,1,2022,2022
24073128,1,1,2023,2023
24108979,1,1,2025,2025
24110941,1,1,2024,2024
24111010,1,1,2023,2023
24111330,1,1,2024,2024
24113126,1,1,2026,2026
24118887,1,1,2024,2024
24121793,1,1,2023,2023
24123759,1,1,2024,2024
24125557,1,1,2023,2023
24125971,1,1,2024,2024
24126781,1,1,2022,2022
24127403,1,1,2023,2023
24128921,1,1,2024,2024
24136505,1,1,2023,2023
24137904,1,1,2023,2023
24141527,1,1,2021,2021
24142959,1,1,2024,2024
24143143,1,1,2023,2023
24148473,1,1,2022,2022
24152333,1,1,2020,2020
24152859,1,1,2023,2023
24172951,1,1,2023,2023
24180872,1,1,2023,2023
24184273,1,1,2022,2022
24187111,1,1,2022,2022
24189055,1,1,2024,2024
24189949,1,1,2021,2021
24189968,1,1,2025,2025
24207487,1,1,2022,2022
24249567,1,1,2026,2026
24250544,1,1,2021,2021
24253308,1,1,2023,2023
24256711,1,1,2023,2023
24256773,1,1,2025,2025
24258252,1,1,2025,2025
24259382,1,1,2024,2024
24277357,1,1,2022,2022
24286476,1,1,2023,2023
24294504,1,1,2023,2023
24300046,1,1,2024,2024
24300143,1,1,2022,2022
24302670,1,1,2023,2023
24303556,1,1,2023,2023
24318506,1,1,2021,2021
24320363,1,1,2022,2022
24326377,1,1,2024,2024
24332249,1,1,2021,2021
24356702,1,1,2023,2023
24374744,1,1,2024,2024
24381850,1,1,2022,2022
24400597,1,1,2024,2024
24402272,1,1,2025,2025
24409055,1,1,2024,2024
24410100,1,1,2025,2025
24420761,1,1,2024,2024
24431806,1,1,2021,2021
24447407,1,1,2022,2022
24461388,1,1,2021,2021
24475688,1,1,2024,2024
24487483,1,1,2023,2023
24500405,1,1,2025,2025
24503087,1,1,2025,2025
24538221,1,1,2021,2021
24539901,1,1,2024,2024
24557097,1,1,2025,2025
24560786,1,1,2023,2023
24562546,1,1,2023,2023
24568789,1,1,2022,2022
24569548,1,1,2024,2024
24573120,1,1,2022,2022
24581239,1,1,2023,2023
24584750,1,1,2024,2024
24587460,1,1,2023,2023
24597769,1,1,2021,2021
24598246,1,1,2023,2023
24601751,1,1,2023,2023
24615560,1,1,2020,2020
24616678,1,1,2024,2024
24620592,1,1,2023,2023
24632460,1,1,2025,2025
24657559,1,1,2025,2025
24672295,1,1,2023,2023
24686909,1,1,2025,2025
24701669,1,1,2024,2024
24728785,1,1,2025,2025
24736877,1,1,2025,2025
24739818,1,1,2022,2022
24740387,1,1,2023,2023
24748178,1,1,2026,2026
24753821,1,1,2025,2025
24762972,1,1,2024,2024
24769717,1,1,2025,2025
24784742,1,1,2024,2024
24792850,1,1,2024,2024
24812961,1,1,2022,2022
24816923,1,1,2025,2025
24817275,1,1,2023,2023
24827086,1,1,2020,2020
24835984,1,1,2025,2025
24860278,1,1,2023,2023
24862494,1,1,2025,2025
24866317,1,1,2024,2024
24866595,1,1,2024,2024
24898303,1,1,2024,2024
24898841,1,1,2023,2023
24899233,1,1,2021,2021
24902055,1,1,2025,2025
24902889,1,1,2025,2025
24905417,1,1,2022,2022
24916309,1,1,2024,2024
24918612,1,1,2025,2025
24919625,1,1,2021,2021
24923702,1,1,2024,2024
24929939,1,1,2023,2023
24929987,1,1,2020,2020
24937101,1,1,2023,2023
24957787,1,1,2025,2025
24961745,1,1,2025,2025
24970707,1,1,2024,2024
24981208,1,1,2023,2023
24981992,1,1,2024,2024
24985801,1,1,2022,2022
24990117,1,1,2023,2023
25000411,1,1,2021,2021
25002594,1,1,2021,2021
25003685,1,1,2025,2025
25010002,1,1,2025,2025
25014664,1,1,2023,2023
25017275,1,1,2021,2021
25059633,1,1,2025,2025
25099037,1,1,2017,2017
25114943,1,1,2024,2024
25130838,1,1,2023,2023
25147832,1,1,2023,2023
25156016,1,1,2017,2017
25181511,1,1,2025,2025
26410494,1,1,2025,2025
26413595,1,1,2024,2024
26414301,1,1,2024,2024
26416218,1,1,2023,2023
26420149,1,1,2024,2024
26420653,1,1,2022,2022
26424834,1,1,2024,2024
26424897,1,1,2020,2020
26432552,1,1,2024,2024
26438022,1,1,2023,2023
26441034,1,1,2023,2023
26449100,1,1,2022,2022
26449636,1,1,2025,2025
26449807,1,1,2023,2023
26451607,1,1,2025,2025
26455394,1,1,2024,2024
26457332,1,1,2024,2024
26459067,1,1,2025,2025
26461354,1,1,2024,2024
26462138,1,1,2023,2023
26469854,1,1,2025,2025
26470239,1,1,2024,2024
26479302,1,1,2024,2024
26484480,1,1,2023,2023
26484761,1,1,2024,2024
26485033,1,1,2021,2021
26487477,1,1,2023,2023
26491176,1,1,2023,2023
26492190,1,1,2023,2023
26495887,1,1,2024,2024
26501412,1,1,2024,2024
26502757,1,1,2021,2021
26502928,1,1,2024,2024
26503731,1,1,2023,2023
26508713,1,1,2023,2023
26512517,1,1,2025,2025
26515443,1,1,2023,2023
26519320,1,1,2023,2023
26523121,1,1,2022,2022
26527137,1,1,2024,2024
26529521,1,1,2024,2024
26530669,1,1,2023,2023
26530939,1,1,2024,2024
26531574,1,1,2025,2025
26542595,1,1,2023,2023
26561413,1,1,2024,2024
26567899,1,1,2023,2023
26568049,1,1,2023,2023
26571222,1,1,2023,2023
26583044,1,1,2021,2021
26584187,1,1,2023,2023
26590769,1,1,2025,2025
26596071,1,1,2024,2024
26608626,1,1,2023,2023
26611613,1,1,2022,2022
26612887,1,1,2024,2024
26613439,1,1,2023,2023
26621059,1,1,2023,2023
26631710,1,1,2023,2023
26634190,1,1,2021,2021
26656302,1,1,2024,2024
26663778,1,1,2024,2024
26670328,1,1,2025,2025
26670424,1,1,2025,2025
26671054,1,1,2023,2023
26675192,1,1,2023,2023
26677107,1,1,2025,2025
26682211,1,1,2022,2022
26690881,1,1,2023,2023
26693776,1,1,2025,2025
26698848,1,1,2021,2021
26701134,1,1,2023,2023
26701272,1,1,2024,2024
26718756,1,1,2021,2021
26721334,1,1,2022,2022
26725587,1,1,2021,2021
26762253,1,1,2023,2023
26766734,1,1,2023,2023
26771941,1,1,2024,2024
26787111,1,1,2022,2022
26797402,1,1,2022,2022
26805036,1,1,2024,2024
26816908,1,1,2024,2024
26818823,1,1,2020,2020
26819231,1,1,2023,2023
26821296,1,1,2022,2022
26823161,1,1,2024,2024
26833224,1,1,2025,2025
26841834,1,1,2024,2024
26845740,1,1,2024,2024
26853636,1,1,2021,2021
26864155,1,1,2023,2023
26870126,1,1,2024,2024
26883667,1,1,2025,2025
26883772,1,1,2023,2023
26886634,1,1,2024,2024
26891366,1,1,2021,2021
26907536,1,1,2025,2025
26911016,1,1,2024,2024
26926963,1,1,2023,2023
26928462,1,1,2023,2023
26930444,1,1,2021,2021
26930966,1,1,2022,2022
26932291,1,1,2023,2023
26956282,1,1,2020,2020
26963243,1,1,2023,2023
26968993,1,1,2023,2023
26976111,1,1,2023,2023
26976190,1,1,2025,2025
26983262,1,1,2025,2025
26984229,1,1,2020,2020
26995351,1,1,2025,2025
26999164,1,1,2025,2025
27004294,1,1,2022,2022
27005080,1,1,2025,2025
27005266,1,1,2026,2026
27693659,1,1,2024,2024
27698701,1,1,2023,2023
27703862,1,1,2021,2021
27714035,1,1,2023,2023
27723052,1,1,2021,2021
27738516,1,1,2021,2021
27747441,1,1,2021,2021
27747627,1,1,2024,2024
27805650,1,1,2021,2021
27810984,1,1,2023,2023
27811325,1,1,2021,2021
27819311,1,1,2023,2023
27831768,1,1,2023,2023
27863262,1,1,2023,2023
27865758,1,1,2025,2025
27867556,1,1,2021,2021
27876959,1,1,2021,2021
27881317,1,1,2024,2024
27893423,1,1,2025,2025
27896964,1,1,2021,2021
27897905,1,1,2023,2023
27899500,1,1,2025,2025
27906536,1,1,2021,2021
27908156,1,1,2023,2023
27909829,1,1,2024,2024
27924231,1,1,2025,2025
30129491,1,1,2025,2025
30140119,1,1,2025,2025
30154529,1,1,2025,2025
31653558,1,1,2022,2022
33946489,1,1,2023,2023
33948731,1,1,2023,2023
35484256,1,1,2024,2024
35493262,1,1,2025,2025
35494671,1,1,2023,2023
35496748,1,1,2024,2024
35501686,1,1,2025,2025
35504048,1,1,2025,2025
35507973,1,1,2024,2024
35511764,1,1,2025,2025
35512193,1,1,2024,2024
35519141,1,1,2024,2024
37042961,1,1,2023,2023
40103183,1,1,2024,2024
40836061,1,1,2024,2024
40836874,1,1,2025,2025
40837402,1,1,2023,2023
40838383,1,1,2025,2025
40838675,1,1,2025,2025
40839930,1,1,2023,2023
40841612,1,1,2024,2024
40843774,1,1,2023,2023
40844522,1,1,2025,2025
40849361,1,1,2023,2023
40857409,1,1,2025,2025
40858197,1,1,2023,2023
40873000,1,1,2023,2023
44610357,1,1,2024,2024
45366447,1,1,2025,2025
47685235,1,1,2024,2024
47685574,1,1,2023,2023
47686156,1,1,2024,2024
48479943,1,1,2022,2022
48492981,1,1,2024,2024
48494125,1,1,2024,2024
48494247,1,1,2021,2021
48496964,1,1,2020,2020
48500962,1,1,2025,2025
48502399,1,1,2023,2023
48505935,1,1,2025,2025
48509025,1,1,2025,2025
48515037,1,1,2024,2024
48515122,1,1,2023,2023
48518424,1,1,2022,2022
48523132,1,1,2025,2025
48523768,1,1,2024,2024
48524150,1,1,2025,2025
48524296,1,1,2022,2022
48526187,1,1,2022,2022
49744517,1,1,2024,2024
49747690,1,1,2024,2024
49748348,1,1,2024,2024
49750044,1,1,2022,2022
49764561,1,1,2024,2024
49766042,1,1,2023,2023
49779169,1,1,2024,2024
51762360,1,1,2024,2024
51765707,1,1,2025,2025
53734310,1,1,2024,2024
53735885,1,1,2024,2024
53737144,1,1,2025,2025
53739598,1,1,2024,2024
53745428,1,1,2024,2024
64588423,1,1,2024,2024
67108129,1,1,2024,2024
72166844,1,1,2023,2023
81390158,1,1,2022,2022
81395919,1,1,2024,2024
81399888,1,1,2025,2025
81399951,1,1,2023,2023
81400092,1,1,2022,2022
81405062,1,1,2022,2022
81407509,1,1,2025,2025
81408804,1,1,2024,2024
81411924,1,1,2025,2025
81415712,1,1,2024,2024
81420384,1,1,2023,2023
81420873,1,1,2024,2024
81424769,1,1,2023,2023
81425335,1,1,2025,2025
90521875,1,1,2025,2025
90532114,1,1,2025,2025
90532443,1,1,2024,2024
90538762,1,1,2023,2023
90549337,1,1,2024,2024
90561112,1,1,2025,2025
90561403,1,1,2024,2024
90561560,1,1,2024,2024
90565392,1,1,2023,2023
90567934,1,1,2023,2023
90572971,1,1,2024,2024
90576857,1,1,2023,2023
90577343,1,1,2025,2025
90581273,1,1,2023,2023
90581531,1,1,2025,2025
92767608,1,1,2020,2020
92768257,1,1,2023,2023
92768265,1,1,2023,2023
92769920,1,1,2021,2021
92770333,1,1,2021,2021
92771043,1,1,2025,2025
92771186,1,1,2025,2025
92771558,1,1,2026,2026
92771954,1,1,2024,2024
92773663,1,1,2023,2023
92773664,1,1,2023,2023
92773669,1,1,2023,2023
92773691,1,1,2022,2022
92774101,1,1,2022,2022
92774253,1,1,2024,2024
92777661,1,1,2026,2026
92779715,1,1,2023,2023
92779915,1,1,2025,2025
92780173,1,1,2023,2023
92780783,1,1,2022,2022
92781662,1,1,2024,2024
92782409,1,1,2025,2025
92782448,1,1,2023,2023
92782451,1,1,2023,2023
92782458,1,1,2024,2024
92784955,1,1,2023,2023
92785284,1,1,2022,2022
92786179,1,1,2024,2024
92786452,1,1,2024,2024
92786885,1,1,2024,2024
92789790,1,1,2025,2025
92792424,1,1,2024,2024
92794175,1,1,2018,2018
92795151,1,1,2024,2024
92795987,1,1,2023,2023
92796248,1,1,2024,2024
92801834,1,1,2022,2022
92801843,1,1,2024,2024
92803368,1,1,2022,2022
92804382,1,1,2025,2025
92804614,1,1,2025,2025
92806193,1,1,2024,2024
92807177,1,1,2023,2023
92807366,1,1,2024,2024
92809742,1,1,2021,2021
92810142,1,1,2021,2021
92810269,1,1,2025,2025
92810942,1,1,2024,2024
92816147,1,1,2025,2025
92818070,1,1,2021,2021
92819411,1,1,2024,2024
92821212,1,1,2022,2022
92822096,1,1,2024,2024
92824531,1,1,2024,2024
92825360,1,1,2023,2023
92831869,1,1,2023,2023
92832636,1,1,2024,2024
92838308,1,1,2025,2025
92838340,1,1,2025,2025
92845083,1,1,2024,2024
92845124,1,1,2023,2023
92846055,1,1,2023,2023
92846476,1,1,2023,2023
92846773,1,1,2023,2023
92851361,1,1,2026,2026
92852027,1,1,2023,2023
92858764,1,1,2024,2024
92863513,1,1,2022,2022
92868407,1,1,2023,2023
92871611,1,1,2023,2023
92875869,1,1,2023,2023
92875982,1,1,2022,2022
92876953,1,1,2024,2024
92878426,1,1,2023,2023
92878961,1,1,2022,2022
92879149,1,1,2022,2022
92879913,1,1,2024,2024
92879952,1,1,2024,2024
92880168,1,1,2021,2021
92883301,1,1,2021,2021
92883864,1,1,2022,2022
92888343,1,1,2025,2025
92888724,1,1,2023,2023
92888842,1,1,2023,2023
92888869,1,1,2023,2023
92889311,1,1,2025,2025
92891156,1,1,2025,2025
92892821,1,1,2025,2025
92895805,1,1,2023,2023
92896007,1,1,2026,2026
92896057,1,1,2025,2025
92901570,1,1,2025,2025
92902014,1,1,2022,2022
92903419,1,1,2026,2026
92903887,1,1,2024,2024
92905889,1,1,2024,2024
92907252,1,1,2025,2025
92909999,1,1,2024,2024
92910909,1,1,2023,2023
92911851,1,1,2024,2024
92912363,1,1,2022,2022
92913891,1,1,2025,2025
92914205,1,1,2025,2025
92914377,1,1,2025,2025
92918470,1,1,2022,2022
92918477,1,1,2023,2023
92918561,1,1,2023,2023
92918594,1,1,2023,2023
92919717,1,1,2022,2022
92922700,1,1,2025,2025
92923833,1,1,2021,2021
92929015,1,1,2025,2025
92930437,1,1,2024,2024
92930547,1,1,2022,2022
92930614,1,1,2023,2023
92931174,1,1,2025,2025
92931517,1,1,2023,2023
92936018,1,1,2023,2023
92936964,1,1,2024,2024
92937501,1,1,2021,2021
92938804,1,1,2024,2024
92944442,1,1,2024,2024
92946066,1,1,2021,2021
92949702,1,1,2022,2022
92949796,1,1,2024,2024
92950024,1,1,2023,2023
92951743,1,1,2024,2024
92952128,1,1,2023,2023
92956787,1,1,2023,2023
92961542,1,1,2024,2024
92963561,1,1,2024,2024
92964387,1,1,2025,2025
92964390,1,1,2025,2025
92964638,1,1,2025,2025
92965102,1,1,2023,2023
92966087,1,1,2025,2025
92969164,1,1,2023,2023
92971433,1,1,2025,2025
92977565,1,1,2026,2026
92979697,1,1,2025,2025
92979702,1,1,2025,2025
92986923,1,1,2024,2024
92987300,1,1,2024,2024
92987399,1,1,2025,2025
92990139,1,1,2021,2021
92991018,1,1,2025,2025
92994457,1,1,2025,2025
92997409,1,1,2025,2025
93000966,1,1,2025,2025
93001858,1,1,2025,2025
93002224,1,1,2024,2024
93004434,1,1,2023,2023
93005008,1,1,2024,2024
93012340,1,1,2025,2025
93012509,1,1,2024,2024
93012802,1,1,2022,2022
93016322,1,1,2024,2024
93016592,1,1,2023,2023
93021857,1,1,2023,2023
93022782,1,1,2025,2025
93023491,1,1,2020,2020
93024240,1,1,2023,2023
93026035,1,1,2025,2025
93037938,1,1,2021,2021
93039868,1,1,2025,2025
93040991,1,1,2022,2022
93042797,1,1,2025,2025
93042840,1,1,2023,2023
93047322,1,1,2025,2025
93048093,1,1,2025,2025
93048235,1,1,2023,2023
93051835,1,1,2023,2023
93052832,1,1,2026,2026
93053345,1,1,2025,2025
93058774,1,1,2024,2024
93060304,1,1,2021,2021
93064162,1,1,2023,2023
93067727,1,1,2023,2023
93071780,1,1,2023,2023
93071799,1,1,2023,2023
93072725,1,1,2023,2023
93076321,1,1,2023,2023
93078694,1,1,2024,2024
93080478,1,1,2022,2022
93080566,1,1,2021,2021
93082948,1,1,2023,2023
93084667,1,1,2023,2023
93086118,1,1,2022,2022
93087357,1,1,2020,2020
93089559,1,1,2021,2021
93093662,1,1,2023,2023
93094251,1,1,2026,2026
93095066,1,1,2021,2021
93096566,1,1,2024,2024
93096850,1,1,2024,2024
93097765,1,1,2025,2025
93100783,1,1,2025,2025
93101791,1,1,2022,2022
93101800,1,1,2025,2025
93101865,1,1,2022,2022
93102050,1,1,2023,2023
93102173,1,1,2025,2025
93111723,1,1,2024,2024
93112664,1,1,2025,2025
93113906,1,1,2025,2025
93115740,1,1,2022,2022
93117594,1,1,2022,2022
93118055,1,1,2024,2024
93123184,1,1,2025,2025
93126003,1,1,2023,2023
93127102,1,1,2021,2021
93127996,1,1,2025,2025
93128059,1,1,2023,2023
93129526,1,1,2024,2024
93130135,1,1,2024,2024
93133791,1,1,2025,2025
93135023,1,1,2023,2023
93135535,1,1,2023,2023
93135565,1,1,2020,2020
93135990,1,1,2024,2024
93139809,1,1,2024,2024
93140831,1,1,2024,2024
93140843,1,1,2022,2022
93143430,1,1,2022,2022
93144644,1,1,2025,2025
93145358,1,1,2025,2025
93146027,1,1,2025,2025
93148429,1,1,2024,2024
93152825,1,1,2025,2025
93153172,1,1,2026,2026
93156529,1,1,2023,2023
93161579,1,1,2023,2023
93165335,1,1,2024,2024
93169278,1,1,2023,2023
93169804,1,1,2025,2025
93170137,1,1,2024,2024
93174252,1,1,2026,2026
93176454,1,1,2023,2023
93180041,1,1,2023,2023
93181101,1,1,2024,2024
93182838,1,1,2024,2024
93182899,1,1,2025,2025
93182991,1,1,2023,2023
93183978,1,1,2023,2023
93188223,1,1,2024,2024
93191956,1,1,2023,2023
93192939,1,1,2025,2025
93193477,1,1,2024,2024
93193635,1,1,2023,2023
93199136,1,1,2025,2025
93210392,1,1,2025,2025
93210510,1,1,2023,2023
93226848,1,1,2026,2026
93228077,1,1,2023,2023
93229397,1,1,2023,2023
93229586,1,1,2022,2022
93230062,1,1,2024,2024
93230966,1,1,2026,2026
93232651,1,1,2023,2023
93232756,1,1,2024,2024
93233123,1,1,2023,2023
93233558,1,1,2022,2022
93236759,1,1,2026,2026
93238199,1,1,2025,2025
93243707,1,1,2023,2023
93250055,1,1,2024,2024
93253718,1,1,2024,2024
93258691,1,1,2023,2023
93261211,1,1,2022,2022
93265174,1,1,2025,2025
93267247,1,1,2024,2024
93269037,1,1,2025,2025
93269865,1,1,2024,2024
93269889,1,1,2025,2025
93270464,1,1,2022,2022
93273755,1,1,2021,2021
93273926,1,1,2023,2023
93275019,1,1,2026,2026
93276034,1,1,2021,2021
93277965,1,1,2024,2024
93278760,1,1,2024,2024
93281823,1,1,2026,2026
93282432,1,1,2025,2025
93286252,1,1,2021,2021
93287348,1,1,2021,2021
93287546,1,1,2022,2022
93287707,1,1,2022,2022
93288482,1,1,2021,2021
93289379,1,1,2026,2026
93298597,1,1,2022,2022
93298934,1,1,2023,2023
93299016,1,1,2022,2022
93300261,1,1,2026,2026
93301861,1,1,2026,2026
93307525,1,1,2024,2024
93308283,1,1,2024,2024
93309029,1,1,2025,2025
93310783,1,1,2022,2022
93312582,1,1,2026,2026
93319796,1,1,2023,2023
93320657,1,1,2024,2024
93322193,1,1,2024,2024
93322681,1,1,2022,2022
93322809,1,1,2022,2022
93324694,1,1,2025,2025
93325550,1,1,2024,2024
93326318,1,1,2024,2024
93326557,1,1,2024,2024
93327030,1,1,2022,2022
93327772,1,1,2022,2022
93329473,1,1,2023,2023
93329560,1,1,2021,2021
93335030,1,1,2023,2023
93335163,1,1,2022,2022
93335268,1,1,2025,2025
93335418,1,1,2023,2023
93338260,1,1,2026,2026
93340591,1,1,2025,2025
93340811,1,1,2023,2023
93341292,1,1,2025,2025
93345409,1,1,2024,2024
93350377,1,1,2021,2021
93356640,1,1,2024,2024
93360116,1,1,2026,2026
93360129,1,1,2024,2024
93360722,1,1,2025,2025
93360925,1,1,2022,2022
93363272,1,1,2024,2024
93363746,1,1,2023,2023
93365094,1,1,2024,2024
93366441,1,1,2020,2020
93369192,1,1,2024,2024
93370374,1,1,2022,2022
93370857,1,1,2022,2022
93371880,1,1,2023,2023
93373775,1,1,2023,2023
93375331,1,1,2023,2023
93377670,1,1,2023,2023
93384169,1,1,2024,2024
93384789,1,1,2024,2024
93388252,1,1,2024,2024
93396464,1,1,2021,2021
93401553,1,1,2021,2021
93401732,1,1,2024,2024
93405932,1,1,2025,2025
93407062,1,1,2024,2024
93409323,1,1,2023,2023
93409374,1,1,2023,2023
93414551,1,1,2024,2024
93415728,1,1,2023,2023
93416875,1,1,2024,2024
93419179,1,1,2025,2025
93419644,1,1,2021,2021
93420481,1,1,2024,2024
93434335,1,1,2024,2024
93437532,1,1,2025,2025
93438300,1,1,2023,2023
93439898,1,1,2026,2026
93445622,1,1,2025,2025
93446548,1,1,2024,2024
93452992,1,1,2023,2023
93454145,1,1,2025,2025
93454683,1,1,2025,2025
93454808,1,1,2024,2024
93455268,1,1,2025,2025
93457647,1,1,2025,2025
93457905,1,1,2026,2026
93458906,1,1,2024,2024
93458926,1,1,2026,2026
93463539,1,1,2026,2026
93463858,1,1,2021,2021
93465888,1,1,2024,2024
93468762,1,1,2024,2024
93470251,1,1,2022,2022
93470341,1,1,2025,2025
93470363,1,1,2025,2025
93470660,1,1,2023,2023
93475484,1,1,2024,2024
93475671,1,1,2024,2024
93480387,1,1,2024,2024
93480448,1,1,2025,2025
93480485,1,1,2025,2025
93481742,1,1,2022,2022
93482890,1,1,2024,2024
93484466,1,1,2025,2025
93488983,1,1,2024,2024
93489261,1,1,2023,2023
93492911,1,1,2022,2022
93494686,1,1,2026,2026
93494897,1,1,2024,2024
93494950,1,1,2022,2022
93496349,1,1,2023,2023
93498009,1,1,2020,2020
93498127,1,1,2023,2023
93498169,1,1,2024,2024
93499392,1,1,2021,2021
93500090,1,1,2024,2024
93504102,1,1,2024,2024
93505761,1,1,2024,2024
93509618,1,1,2023,2023
93510643,1,1,2024,2024
93514134,1,1,2025,2025
93514724,1,1,2024,2024
93515593,1,1,2023,2023
93516373,1,1,2024,2024
93518779,1,1,2024,2024
93522283,1,1,2024,2024
93522621,1,1,2025,2025
93523707,1,1,2023,2023
93525150,1,1,2021,2021
93525690,1,1,2023,2023
93527960,1,1,2022,2022
93529995,1,1,2025,2025
93530602,1,1,2026,2026
93532297,1,1,2024,2024
93532722,1,1,2025,2025
93534972,1,1,2024,2024
93538567,1,1,2025,2025
93538693,1,1,2021,2021
93539185,1,1,2024,2024
93539407,1,1,2021,2021
93542430,1,1,2023,2023
93543515,1,1,2021,2021
93549096,1,1,2022,2022
93552572,1,1,2025,2025
93552854,1,1,2024,2024
93553724,1,1,2023,2023
93554150,1,1,2025,2025
93564990,1,1,2024,2024
93569943,1,1,2025,2025
93584269,1,1,2023,2023
93586229,1,1,2022,2022
93588085,1,1,2025,2025
93588610,1,1,2021,2021
93590453,1,1,2022,2022
93590463,1,1,2022,2022
93593396,1,1,2021,2021
93593582,1,1,2021,2021
93598137,1,1,2025,2025
93604585,1,1,2025,2025
93605693,1,1,2024,2024
93608800,1,1,2022,2022
93609821,1,1,2023,2023
93615418,1,1,2023,2023
93624760,1,1,2021,2021
93631411,1,1,2020,2020
93632588,1,1,2023,2023
93633408,1,1,2024,2024
93637407,1,1,2023,2023
93639725,1,1,2024,2024
93640875,1,1,2022,2022
93646713,1,1,2025,2025
93656775,1,1,2023,2023
93658862,1,1,2025,2025
93661896,1,1,2025,2025
93664300,1,1,2022,2022
93666161,1,1,2024,2024
93667644,1,1,2023,2023
93672333,1,1,2023,2023
93674350,1,1,2021,2021
93680300,1,1,2022,2022
93685325,1,1,2021,2021
93688129,1,1,2023,2023
93699952,1,1,2025,2025
93705622,1,1,2025,2025
93707480,1,1,2024,2024
93710159,1,1,2025,2025
93713980,1,1,2025,2025
93716679,1,1,2023,2023
93717196,1,1,2022,2022
93729968,1,1,2021,2021
93730554,1,1,2022,2022
93734885,1,1,2024,2024
93735256,1,1,2024,2024
93739476,1,1,2024,2024
93740120,1,1,2025,2025
93742035,1,1,2021,2021
93742159,1,1,2025,2025
93752430,1,1,2021,2021
93756315,1,1,2025,2025
93762535,1,1,2022,2022
93763137,1,1,2024,2024
93773261,1,1,2022,2022
93785272,1,1,2021,2021
93785564,1,1,2021,2021
93786143,1,1,2024,2024
93788260,1,1,2023,2023
93795934,1,1,2025,2025
93800083,1,1,2023,2023
93802031,1,1,2021,2021
93803183,1,1,2023,2023
93803351,1,1,2023,2023
93803593,1,1,2025,2025
93804981,1,1,2024,2024
93810103,1,1,2023,2023
93813869,1,1,2024,2024
93814904,1,1,2024,2024
93815843,1,1,2025,2025
93819108,1,1,2022,2022
93826541,1,1,2025,2025
93831415,1,1,2023,2023
93838907,1,1,2023,2023
93849519,1,1,2024,2024
93859321,1,1,2021,2021
93864331,1,1,2024,2024
93865885,1,1,2023,2023
93877817,1,1,2024,2024
93884267,1,1,2024,2024
93886474,1,1,2024,2024
93887264,1,1,2022,2022
93889180,1,1,2025,2025
93889591,1,1,2023,2023
93898125,1,1,2025,2025
93902365,1,1,2023,2023
93902451,1,1,2024,2024
93903702,1,1,2025,2025
93907168,1,1,2024,2024
93910417,1,1,2023,2023
93911555,1,1,2024,2024
93916374,1,1,2025,2025
93916883,1,1,2024,2024
93917361,1,1,2023,2023
93918705,1,1,2023,2023
93923115,1,1,2025,2025
93925497,1,1,2025,2025
93928695,1,1,2023,2023
93929650,1,1,2023,2023
93930928,1,1,2023,2023
93936884,1,1,2025,2025
93939016,1,1,2023,2023
93939756,1,1,2023,2023
93942383,1,1,2026,2026
93942896,1,1,2023,2023
93946211,1,1,2023,2023
93953037,1,1,2024,2024
93953866,1,1,2023,2023
93954202,1,1,2026,2026
93957919,1,1,2023,2023
93960147,1,1,2023,2023
93960650,1,1,2024,2024
93961139,1,1,2025,2025
93967946,1,1,2024,2024
93971387,1,1,2025,2025
93974822,1,1,2025,2025
93974823,1,1,2025,2025
93975719,1,1,2023,2023
93999217,1,1,2024,2024
93999406,1,1,2022,2022
94002071,1,1,2023,2023
94009262,1,1,2025,2025
94009788,1,1,2024,2024
94009923,1,1,2023,2023
94012640,1,1,2025,2025
94013662,1,1,2024,2024
94014774,1,1,2024,2024
94022059,1,1,2024,2024
94022926,1,1,2022,2022
94052797,1,1,2024,2024
94057004,1,1,2025,2025
94059330,1,1,2026,2026
94061582,1,1,2023,2023
94070621,1,1,2025,2025
94075118,1,1,2025,2025
94079309,1,1,2024,2024
94079987,1,1,2024,2024
94086640,1,1,2025,2025
94090677,1,1,2021,2021
94092213,1,1,2024,2024
94099009,1,1,2022,2022
94103747,1,1,2023,2023
94105548,1,1,2023,2023
94108376,1,1,2024,2024
94109979,1,1,2023,2023
94112193,1,1,2023,2023
94114988,1,1,2024,2024
94116532,1,1,2024,2024
94122020,1,1,2024,2024
94123096,1,1,2024,2024
94133483,1,1,2023,2023
94134243,1,1,2023,2023
94147501,1,1,2023,2023
94148465,1,1,2025,2025
94161797,1,1,2024,2024
94198721,1,1,2024,2024
94201371,1,1,2023,2023
94223900,1,1,2023,2023
94230933,1,1,2024,2024
94231675,1,1,2023,2023
94237583,1,1,2025,2025
94245521,1,1,2025,2025
94247054,1,1,2024,2024
94247172,1,1,2024,2024
94248796,1,1,2024,2024
94256999,1,1,2025,2025
94266304,1,1,2024,2024
94268569,1,1,2024,2024
94283069,1,1,2024,2024
94284806,1,1,2023,2023
94294274,1,1,2024,2024
94311731,1,1,2026,2026
94317795,1,1,2023,2023
94325951,1,1,2024,2024
94326274,1,1,2025,2025
94331599,1,1,2023,2023
94339111,1,1,2023,2023
94340737,1,1,2025,2025
94353281,1,1,2023,2023
94364798,1,1,2025,2025
94365550,1,1,2024,2024
94373558,1,1,2025,2025
94380860,1,1,2025,2025
94383018,1,1,2023,2023
94383375,1,1,2023,2023
94391325,1,1,2023,2023
94406088,1,1,2025,2025
94416096,1,1,2025,2025
94418345,1,1,2023,2023
94427005,1,1,2023,2023
94427111,1,1,2024,2024
94428316,1,1,2025,2025
94429527,1,1,2023,2023
94435354,1,1,2023,2023
94435911,1,1,2025,2025
94440985,1,1,2024,2024
94447668,1,1,2023,2023
94456172,1,1,2024,2024
94470334,1,1,2025,2025
94473589,1,1,2023,2023
94483572,1,1,2025,2025
94484366,1,1,2023,2023
94489503,1,1,2023,2023
94489771,1,1,2025,2025
94490097,1,1,2025,2025
94491139,1,1,2025,2025
94492590,1,1,2025,2025
94497796,1,1,2025,2025
94504373,1,1,2024,2024
94504413,1,1,2024,2024
94506243,1,1,2024,2024
94519106,1,1,2023,2023
94528519,1,1,2023,2023
94539126,1,1,2025,2025
94541511,1,1,2025,2025
94557721,1,1,2023,2023
94567117,1,1,2023,2023
94569941,1,1,2025,2025
94569954,1,1,2022,2022
94571609,1,1,2024,2024
94574710,1,1,2025,2025
94588553,1,1,2023,2023
94591774,1,1,2025,2025
94596684,1,1,2023,2023
94603794,1,1,2024,2024
94605099,1,1,2025,2025
94605867,1,1,2024,2024
94619918,1,1,2024,2024
94620338,1,1,2025,2025
94625500,1,1,2024,2024
94626257,1,1,2024,2024
94634624,1,1,2024,2024
94635490,1,1,2021,2021
94636226,1,1,2024,2024
94636433,1,1,2026,2026
94636930,1,1,2025,2025
94637382,1,1,2024,2024
94649261,1,1,2023,2023
94657135,1,1,2024,2024
94660261,1,1,2024,2024
94695141,1,1,2026,2026
94699238,1,1,2026,2026
94709546,1,1,2023,2023
94713710,1,1,2025,2025
94714021,1,1,2021,2021
94732867,1,1,2024,2024
94743135,1,1,2024,2024
94750454,1,1,2024,2024
94751297,1,1,2024,2024
94753556,1,1,2023,2023
94755367,1,1,2022,2022
94758964,1,1,2025,2025
94767062,1,1,2023,2023
94768994,1,1,2023,2023
94775064,1,1,2025,2025
94779647,1,1,2026,2026
94782761,1,1,2024,2024
94789908,1,1,2023,2023
94790741,1,1,2024,2024
94793463,1,1,2025,2025
94794634,1,1,2024,2024
94795253,1,1,2023,2023
94801482,1,1,2023,2023
94802246,1,1,2024,2024
94804667,1,1,2025,2025
94807683,1,1,2025,2025
94814005,1,1,2023,2023
94828202,1,1,2024,2024
94845176,1,1,2024,2024
94849794,1,1,2024,2024
94851919,1,1,2023,2023
94871739,1,1,2025,2025
94872630,1,1,2025,2025
94876022,1,1,2025,2025
94883461,1,1,2024,2024
94883704,1,1,2024,2024
94890942,1,1,2023,2023
94894166,1,1,2021,2021
94894463,1,1,2025,2025
94895015,1,1,2024,2024
94895367,1,1,2025,2025
94906874,1,1,2024,2024
94911150,1,1,2026,2026
94928176,1,1,2024,2024
94940370,1,1,2021,2021
94943154,1,1,2024,2024
94944235,1,1,2024,2024
94945129,1,1,2023,2023
94949077,1,1,2025,2025
94955488,1,1,2023,2023
94957646,1,1,2024,2024
94959102,1,1,2024,2024
94961757,1,1,2024,2024
94962308,1,1,2026,2026
94963323,1,1,2022,2022
94964093,1,1,2025,2025
94979136,1,1,2025,2025
94991999,1,1,2023,2023
95013089,1,1,2024,2024
95015661,1,1,2025,2025
95018028,1,1,2025,2025
95023391,1,1,2025,2025
95028761,1,1,2024,2024
95033848,1,1,2025,2025
95038212,1,1,2022,2022
95047231,1,1,2025,2025
95047845,1,1,2025,2025
95056953,1,1,2023,2023
95070583,1,1,2024,2024
95074294,1,1,2023,2023
95091246,1,1,2024,2024
95092781,1,1,2024,2024
95101145,1,1,2025,2025
95105429,1,1,2025,2025
95107663,1,1,2022,2022
95107666,1,1,2023,2023
95108615,1,1,2023,2023
95121990,1,1,2024,2024
95124141,1,1,2025,2025
95128264,1,1,2021,2021
95146205,1,1,2024,2024
95148964,1,1,2024,2024
95151661,1,1,2024,2024
95153962,1,1,2023,2023
95154923,1,1,2025,2025
95170122,1,1,2024,2024
95176240,1,1,2025,2025
95186471,1,1,2025,2025
95188562,1,1,2024,2024
95191580,1,1,2023,2023
95211549,1,1,2023,2023
95213058,1,1,2024,2024
95216999,1,1,2024,2024
95218247,1,1,2024,2024
95224289,1,1,2024,2024
95233471,1,1,2025,2025
95242158,1,1,2025,2025
95243699,1,1,2025,2025
95245135,1,1,2024,2024
95254152,1,1,2023,2023
95256497,1,1,2025,2025
95257463,1,1,2024,2024
95257648,1,1,2025,2025
95258737,1,1,2022,2022
95260179,1,1,2025,2025
95263377,1,1,2023,2023
95265368,1,1,2024,2024
95266495,1,1,2024,2024
95284038,1,1,2025,2025
95288295,1,1,2025,2025
95291208,1,1,2024,2024
95295401,1,1,2025,2025
95299243,1,1,2024,2024
95300217,1,1,2026,2026
95300471,1,1,2022,2022
95302952,1,1,2025,2025
95303185,1,1,2024,2024
95307814,1,1,2025,2025
95314506,1,1,2024,2024
95315684,1,1,2025,2025
95320966,1,1,2026,2026
95333305,1,1,2020,2020
95336369,1,1,2024,2024
95337371,1,1,2024,2024
95340502,1,1,2024,2024
95341111,1,1,2024,2024
95344760,1,1,2024,2024
95345860,1,1,2023,2023
95352712,1,1,2025,2025
95353667,1,1,2023,2023
95354244,1,1,2025,2025
95355206,1,1,2025,2025
95362758,1,1,2025,2025
95362822,1,1,2025,2025
95366118,1,1,2025,2025
95381019,1,1,2024,2024
95383841,1,1,2023,2023
95401770,1,1,2024,2024
95406073,1,1,2025,2025
95410025,1,1,2025,2025
95411159,1,1,2024,2024
95415288,1,1,2023,2023
95419317,1,1,2024,2024
95419488,1,1,2024,2024
95440588,1,1,2024,2024
95442127,1,1,2024,2024
95449098,1,1,2025,2025
95449968,1,1,2025,2025
95458120,1,1,2024,2024
95471399,1,1,2023,2023
95473084,1,1,2023,2023
95478147,1,1,2025,2025
95482406,1,1,2025,2025
95485115,1,1,2025,2025
95485787,1,1,2024,2024
95493235,1,1,2025,2025
95502506,1,1,2026,2026
95505494,1,1,2025,2025
95507991,1,1,2024,2024
95508166,1,1,2024,2024
95510147,1,1,2023,2023
95522652,1,1,2026,2026
95525014,1,1,2024,2024
95528494,1,1,2025,2025
95534845,1,1,2024,2024
95559268,1,1,2025,2025
95559586,1,1,2024,2024
95569648,1,1,2023,2023
95571547,1,1,2023,2023
95574668,1,1,2025,2025
95577004,1,1,2025,2025
95581462,1,1,2024,2024
95583186,1,1,2024,2024
95585977,1,1,2025,2025
95587696,1,1,2024,2024
95587963,1,1,2024,2024
95588374,1,1,2025,2025
95594762,1,1,2025,2025
95604043,1,1,2024,2024
95606980,1,1,2023,2023
95613103,1,1,2024,2024
95622043,1,1,2023,2023
95624977,1,1,2024,2024
95626849,1,1,2024,2024
95627530,1,1,2024,2024
95634189,1,1,2024,2024
95637122,1,1,2023,2023
95637777,1,1,2024,2024
95639799,1,1,2024,2024
95640018,1,1,2023,2023
95642289,1,1,2023,2023
95642888,1,1,2024,2024
95646604,1,1,2025,2025
95648601,1,1,2026,2026
95660807,1,1,2024,2024
95662000,1,1,2024,2024
95662775,1,1,2024,2024
95663327,1,1,2024,2024
95669565,1,1,2024,2024
95670754,1,1,2024,2024
95676989,1,1,2023,2023
95681023,1,1,2025,2025
95681055,1,1,2024,2024
95682232,1,1,2025,2025
95698558,1,1,2024,2024
95704891,1,1,2023,2023
95717048,1,1,2024,2024
95717130,1,1,2025,2025
95719309,1,1,2025,2025
95727288,1,1,2025,2025
95732897,1,1,2025,2025
95733317,1,1,2025,2025
95734307,1,1,2023,2023
95734852,1,1,2024,2024
95735193,1,1,2025,2025
95739398,1,1,2026,2026
95745691,1,1,2025,2025
95753694,1,1,2024,2024
95755534,1,1,2023,2023
95758053,1,1,2025,2025
95767430,1,1,2025,2025
95772631,1,1,2024,2024
95777997,1,1,2023,2023
95784707,1,1,2023,2023
95800057,1,1,2025,2025
95802154,1,1,2024,2024
95803067,1,1,2024,2024
95803150,1,1,2024,2024
95811876,1,1,2024,2024
95812120,1,1,2025,2025
95812133,1,1,2024,2024
95812140,1,1,2024,2024
95821552,1,1,2024,2024
95823677,1,1,2024,2024
95828216,1,1,2024,2024
95830082,1,1,2025,2025
95832821,1,1,2025,2025
95850567,1,1,2024,2024
95850631,1,1,2025,2025
95851733,1,1,2024,2024
95855730,1,1,2025,2025
95864967,1,1,2024,2024
95871041,1,1,2024,2024
95874554,1,1,2024,2024
95875125,1,1,2024,2024
95875159,1,1,2025,2025
95876265,1,1,2023,2023
95879495,1,1,2026,2026
95883935,1,1,2023,2023
95883991,1,1,2023,2023
95886296,1,1,2024,2024
95894842,1,1,2024,2024
95913491,1,1,2024,2024
95933202,1,1,2025,2025
95933989,1,1,2023,2023
95941715,1,1,2024,2024
95947881,1,1,2023,2023
95957537,1,1,2024,2024
95960290,1,1,2024,2024
95961259,1,1,2024,2024
95965243,1,1,2025,2025
95965907,1,1,2024,2024
95968121,1,1,2024,2024
95971806,1,1,2024,2024
95977772,1,1,2025,2025
95990356,1,1,2024,2024
96013601,1,1,2024,2024
96024254,1,1,2024,2024
96029074,1,1,2024,2024
96049611,1,1,2023,2023
96052115,1,1,2024,2024
96060614,1,1,2023,2023
96065771,1,1,2025,2025
96068600,1,1,2024,2024
96077825,1,1,2024,2024
96081981,1,1,2024,2024
96082336,1,1,2025,2025
96085075,1,1,2025,2025
96095359,1,1,2025,2025
96107316,1,1,2023,2023
96113832,1,1,2025,2025
96114724,1,1,2025,2025
96115234,1,1,2025,2025
96117505,1,1,2023,2023
96122035,1,1,2024,2024
96127749,1,1,2024,2024
96135889,1,1,2025,2025
96144834,1,1,2022,2022
96144873,1,1,2024,2024
96145540,1,1,2025,2025
96147190,1,1,2024,2024
96147989,1,1,2025,2025
96160811,1,1,2024,2024
96163299,1,1,2025,2025
96167354,1,1,2024,2024
96170534,1,1,2024,2024
96170758,1,1,2024,2024
96171973,1,1,2024,2024
96172770,1,1,2026,2026
96173675,1,1,2025,2025
96179248,1,1,2022,2022
96180398,1,1,2026,2026
96180403,1,1,2024,2024
96184876,1,1,2025,2025
96189791,1,1,2024,2024
96196958,1,1,2024,2024
96203666,1,1,2023,2023
96204266,1,1,2024,2024
96204881,1,1,2024,2024
96205885,1,1,2024,2024
96210641,1,1,2025,2025
96212799,1,1,2025,2025
96212857,1,1,2022,2022
96214342,1,1,2022,2022
96215733,1,1,2023,2023
96219322,1,1,2024,2024
96220790,1,1,2026,2026
96221612,1,1,2024,2024
96222434,1,1,2024,2024
96222490,1,1,2024,2024
96223540,1,1,2025,2025
96223571,1,1,2021,2021
96227893,1,1,2023,2023
96233710,1,1,2023,2023
96237214,1,1,2024,2024
96247820,1,1,2023,2023
96254743,1,1,2024,2024
96255051,1,1,2024,2024
96263867,1,1,2021,2021
96265934,1,1,2024,2024
96271963,1,1,2024,2024
96277817,1,1,2022,2022
96279847,1,1,2024,2024
96282407,1,1,2023,2023
96282572,1,1,2023,2023
96305275,1,1,2020,2020
96308867,1,1,2025,2025
96312494,1,1,2025,2025
96315621,1,1,2024,2024
96316032,1,1,2023,2023
96318164,1,1,2021,2021
96319404,1,1,2023,2023
96322789,1,1,2025,2025
96323574,1,1,2023,2023
96324886,1,1,2021,2021
96327659,1,1,2023,2023
96332093,1,1,2023,2023
96336124,1,1,2024,2024
96340491,1,1,2024,2024
96342928,1,1,2025,2025
96344768,1,1,2022,2022
96345567,1,1,2024,2024
96345603,1,1,2025,2025
96351221,1,1,2024,2024
96351659,1,1,2025,2025
96352666,1,1,2024,2024
96355055,1,1,2025,2025
96366469,1,1,2024,2024
96368307,1,1,2026,2026
96368414,1,1,2024,2024
96374937,1,1,2025,2025
96375591,1,1,2024,2024
96378290,1,1,2023,2023
96379701,1,1,2023,2023
96381346,1,1,2023,2023
96404163,1,1,2024,2024
96406483,1,1,2024,2024
96423808,1,1,2025,2025
96434590,1,1,2023,2023
96435823,1,1,2023,2023
96456849,1,1,2026,2026
96461458,1,1,2023,2023
96492239,1,1,2023,2023
96502305,1,1,2024,2024
96503066,1,1,2024,2024
96510971,1,1,2025,2025
96512764,1,1,2025,2025
96517161,1,1,2024,2024
96517627,1,1,2022,2022
96520068,1,1,2024,2024
96520366,1,1,2024,2024
96523311,1,1,2025,2025
96524581,1,1,2025,2025
96526467,1,1,2024,2024
96530953,1,1,2024,2024
96531490,1,1,2024,2024
96534639,1,1,2024,2024
96535751,1,1,2024,2024
96545696,1,1,2024,2024
96554809,1,1,2025,2025
96559740,1,1,2023,2023
96562447,1,1,2026,2026
96563125,1,1,2024,2024
96563744,1,1,2025,2025
96564667,1,1,2024,2024
96566810,1,1,2024,2024
96572565,1,1,2024,2024
96576485,1,1,2024,2024
96576858,1,1,2021,2021
96593835,1,1,2025,2025
96616097,1,1,2025,2025
96616896,1,1,2025,2025
96619091,1,1,2025,2025
96623830,1,1,2025,2025
96632510,1,1,2025,2025
96632814,1,1,2024,2024
96636004,1,1,2025,2025
96646908,1,1,2025,2025
96652628,1,1,2024,2024
96674797,1,1,2024,2024
96679548,1,1,2024,2024
96684297,1,1,2025,2025
96684722,1,1,2025,2025
96685314,1,1,2025,2025
96688298,1,1,2022,2022
96697666,1,1,2025,2025
96701202,1,1,2025,2025
96703714,1,1,2024,2024
96703937,1,1,2024,2024
96706553,1,1,2025,2025
96707182,1,1,2025,2025
96709482,1,1,2023,2023
96710729,1,1,2023,2023
96711167,1,1,2025,2025
96712434,1,1,2025,2025
96715388,1,1,2024,2024
96718682,1,1,2023,2023
96719291,1,1,2024,2024
96721509,1,1,2024,2024
96728460,1,1,2023,2023
96729152,1,1,2025,2025
96729441,1,1,2023,2023
96732284,1,1,2025,2025
96743869,1,1,2024,2024
96746282,1,1,2024,2024
96746572,1,1,2025,2025
96753928,1,1,2025,2025
96754621,1,1,2024,2024
96759019,1,1,2024,2024
96761654,1,1,2025,2025
96768814,1,1,2024,2024
96770101,1,1,2024,2024
96773376,1,1,2024,2024
96775940,1,1,2025,2025
96779590,1,1,2024,2024
96787972,1,1,2025,2025
96791512,1,1,2024,2024
96791948,1,1,2024,2024
96797846,1,1,2025,2025
96809888,1,1,2024,2024
96811041,1,1,2024,2024
96811792,1,1,2024,2024
96812888,1,1,2023,2023
96817363,1,1,2024,2024
96820309,1,1,2024,2024
96824057,1,1,2025,2025
96824599,1,1,2025,2025
96831009,1,1,2024,2024
96834885,1,1,2024,2024
96838400,1,1,2025,2025
96843023,1,1,2026,2026
96843231,1,1,2024,2024
96845790,1,1,2024,2024
96848156,1,1,2025,2025
96852122,1,1,2024,2024
96857733,1,1,2024,2024
96860864,1,1,2025,2025
96861504,1,1,2024,2024
96867022,1,1,2024,2024
96867142,1,1,2025,2025
96874382,1,1,2024,2024
96889255,1,1,2024,2024
96895422,1,1,2024,2024
96899385,1,1,2025,2025
96917748,1,1,2024,2024
96918196,1,1,2024,2024
96918216,1,1,2024,2024
96918934,1,1,2024,2024
96919181,1,1,2025,2025
96928845,1,1,2024,2024
96931104,1,1,2024,2024
96936147,1,1,2025,2025
96938249,1,1,2024,2024
96939204,1,1,2024,2024
96939956,1,1,2025,2025
96944803,1,1,2024,2024
96946215,1,1,2024,2024
96948823,1,1,2022,2022
96949085,1,1,2024,2024
96949089,1,1,2024,2024
96949115,1,1,2024,2024
96954142,1,1,2024,2024
96960008,1,1,2024,2024
96962221,1,1,2024,2024
96965625,1,1,2025,2025
96971146,1,1,2023,2023
96972469,1,1,2026,2026
96976596,1,1,2024,2024
96991984,1,1,2026,2026
97001410,1,1,2024,2024
97002360,1,1,2024,2024
97005219,1,1,2022,2022
97007099,1,1,2025,2025
97008404,1,1,2024,2024
97018198,1,1,2024,2024
97026490,1,1,2022,2022
97032547,1,1,2024,2024
97035508,1,1,2025,2025
97039351,1,1,2024,2024
97044524,1,1,2025,2025
97045211,1,1,2025,2025
97049033,1,1,2025,2025
97049097,1,1,2025,2025
97051438,1,1,2023,2023
97053349,1,1,2025,2025
97056404,1,1,2025,2025
97060392,1,1,2024,2024
97062792,1,1,2023,2023
97068384,1,1,2024,2024
97074349,1,1,2024,2024
97077493,1,1,2025,2025
97077712,1,1,2024,2024
97078973,1,1,2025,2025
97079525,1,1,2024,2024
97084090,1,1,2023,2023
97085292,1,1,2022,2022
97091071,1,1,2025,2025
97095051,1,1,2024,2024
97101137,1,1,2024,2024
97112432,1,1,2024,2024
97113266,1,1,2025,2025
97114225,1,1,2026,2026
97118498,1,1,2025,2025
97118693,1,1,2024,2024
97120492,1,1,2025,2025
97122905,1,1,2023,2023
97126473,1,1,2024,2024
97128099,1,1,2024,2024
97130790,1,1,2026,2026
97143969,1,1,2024,2024
97144419,1,1,2025,2025
97145517,1,1,2024,2024
97152413,1,1,2025,2025
97153573,1,1,2025,2025
97157677,1,1,2024,2024
97161770,1,1,2024,2024
97166448,1,1,2025,2025
97167322,1,1,2024,2024
97172224,1,1,2025,2025
97175753,1,1,2024,2024
97177889,1,1,2024,2024
97180039,1,1,2025,2025
97182687,1,1,2024,2024
97191900,1,1,2024,2024
97205922,1,1,2024,2024
97206667,1,1,2024,2024
97215762,1,1,2024,2024
97218683,1,1,2024,2024
97221185,1,1,2025,2025
97227251,1,1,2024,2024
97228060,1,1,2025,2025
97240306,1,1,2025,2025
97240852,1,1,2024,2024
97250523,1,1,2023,2023
97254527,1,1,2025,2025
97264197,1,1,2024,2024
97278444,1,1,2024,2024
97280281,1,1,2024,2024
97280311,1,1,2024,2024
97289190,1,1,2024,2024
97289419,1,1,2024,2024
97289604,1,1,2024,2024
97298095,1,1,2026,2026
97298690,1,1,2024,2024
97312500,1,1,2023,2023
97315037,1,1,2025,2025
97320485,1,1,2025,2025
97324722,1,1,2024,2024
97334384,1,1,2024,2024
97336632,1,1,2025,2025
97352385,1,1,2025,2025
97354693,1,1,2021,2021
97357340,1,1,2024,2024
97361180,1,1,2025,2025
97362380,1,1,2025,2025
97367739,1,1,2025,2025
97374997,1,1,2025,2025
97375597,1,1,2024,2024
97376431,1,1,2025,2025
97382398,1,1,2022,2022
97392914,1,1,2024,2024
97393232,1,1,2023,2023
97404562,1,1,2021,2021
97413347,1,1,2024,2024
97416880,1,1,2023,2023
97431568,1,1,2025,2025
97431656,1,1,2024,2024
97432331,1,1,2025,2025
97436527,1,1,2025,2025
97437433,1,1,2025,2025
97440875,1,1,2026,2026
97446185,1,1,2023,2023
97453356,1,1,2024,2024
97458019,1,1,2025,2025
97466547,1,1,2025,2025
97472035,1,1,2024,2024
97482916,1,1,2025,2025
97488396,1,1,2025,2025
97489827,1,1,2024,2024
97497066,1,1,2025,2025
97505204,1,1,2024,2024
97505276,1,1,2024,2024
97523243,1,1,2025,2025
97524365,1,1,2025,2025
97529904,1,1,2024,2024
97533325,1,1,2024,2024
97541778,1,1,2025,2025
97542799,1,1,2023,2023
97547418,1,1,2024,2024
97552164,1,1,2025,2025
97554636,1,1,2024,2024
97560053,1,1,2025,2025
97560448,1,1,2024,2024
97569580,1,1,2024,2024
97577737,1,1,2025,2025
97592930,1,1,2025,2025
97597001,1,1,2026,2026
97604235,1,1,2024,2024
97605243,1,1,2024,2024
97605833,1,1,2024,2024
97606605,1,1,2024,2024
97609486,1,1,2025,2025
97627718,1,1,2025,2025
97628628,1,1,2023,2023
97631370,1,1,2025,2025
97635235,1,1,2025,2025
97637478,1,1,2024,2024
97641448,1,1,2024,2024
97642791,1,1,2024,2024
97643617,1,1,2024,2024
97648512,1,1,2024,2024
97651324,1,1,2024,2024
97661503,1,1,2025,2025
97663563,1,1,2024,2024
97663652,1,1,2024,2024
97664415,1,1,2024,2024
97664754,1,1,2024,2024
97666055,1,1,2024,2024
97670101,1,1,2025,2025
97684214,1,1,2025,2025
97685589,1,1,2024,2024
97686758,1,1,2024,2024
97687985,1,1,2024,2024
97695566,1,1,2025,2025
97696031,1,1,2024,2024
97696865,1,1,2025,2025
97707245,1,1,2025,2025
97707418,1,1,2025,2025
97709105,1,1,2023,2023
97711620,1,1,2024,2024
97712088,1,1,2024,2024
97712105,1,1,2024,2024
97719089,1,1,2024,2024
97721767,1,1,2025,2025
97736869,1,1,2025,2025
97743814,1,1,2025,2025
97754328,1,1,2024,2024
97755892,1,1,2024,2024
97756208,1,1,2024,2024
97762340,1,1,2025,2025
97762924,1,1,2023,2023
97770002,1,1,2024,2024
97773743,1,1,2025,2025
97778000,1,1,2023,2023
97779574,1,1,2024,2024
97782096,1,1,2025,2025
97788589,1,1,2025,2025
97789223,1,1,2024,2024
97791478,1,1,2025,2025
97796016,1,1,2024,2024
97810565,1,1,2025,2025
97811088,1,1,2024,2024
97822251,1,1,2025,2025
97826080,1,1,2025,2025
97843429,1,1,2024,2024
97844890,1,1,2025,2025
97854892,1,1,2024,2024
97867332,1,1,2023,2023
97872391,1,1,2024,2024
97873539,1,1,2025,2025
97875531,1,1,2024,2024
97879475,1,1,2024,2024
97882033,1,1,2025,2025
97883568,1,1,2025,2025
97884619,1,1,2024,2024
97890093,1,1,2025,2025
97894767,1,1,2024,2024
97900625,1,1,2024,2024
97915817,1,1,2022,2022
97922066,1,1,2025,2025
97925936,1,1,2025,2025
97943458,1,1,2025,2025
97948361,1,1,2024,2024
97952159,1,1,2025,2025
97953070,1,1,2022,2022
97967901,1,1,2024,2024
97970013,1,1,2024,2024
97975597,1,1,2025,2025
97987230,1,1,2026,2026
97989193,1,1,2020,2020
97989534,1,1,2023,2023
98006960,1,1,2024,2024
98023111,1,1,2025,2025
98025036,1,1,2025,2025
98043312,1,1,2025,2025
98043925,1,1,2025,2025
98044889,1,1,2024,2024
98049499,1,1,2025,2025
98052690,1,1,2024,2024
98057333,1,1,2024,2024
98060408,1,1,2024,2024
98061549,1,1,2024,2024
98071739,1,1,2025,2025
98094836,1,1,2025,2025
98097097,1,1,2025,2025
98099403,1,1,2025,2025
98100280,1,1,2022,2022
98112869,1,1,2023,2023
98113770,1,1,2024,2024
98121539,1,1,2025,2025
98121860,1,1,2025,2025
98129262,1,1,2025,2025
98132740,1,1,2024,2024
98133713,1,1,2024,2024
98138195,1,1,2025,2025
98146766,1,1,2024,2024
98147208,1,1,2024,2024
98151410,1,1,2025,2025
98177495,1,1,2024,2024
98178684,1,1,2025,2025
98182406,1,1,2025,2025
98192941,1,1,2024,2024
98194861,1,1,2025,2025
98197361,1,1,2024,2024
98201877,1,1,2025,2025
98213379,1,1,2022,2022
98222736,1,1,2025,2025
98227082,1,1,2024,2024
98229008,1,1,2024,2024
98230385,1,1,2022,2022
98238470,1,1,2024,2024
98238671,1,1,2024,2024
98240779,1,1,2024,2024
98252533,1,1,2025,2025
98258284,1,1,2025,2025
98275285,1,1,2024,2024
98282756,1,1,2025,2025
98284245,1,1,2025,2025
98284481,1,1,2024,2024
98301172,1,1,2024,2024
98302890,1,1,2021,2021
98311912,1,1,2025,2025
98312629,1,1,2023,2023
98317224,1,1,2023,2023
98317923,1,1,2024,2024
98319521,1,1,2025,2025
98320210,1,1,2024,2024
98325230,1,1,2022,2022
98328054,1,1,2024,2024
98329364,1,1,2024,2024
98335644,1,1,2024,2024
98348932,1,1,2025,2025
98357397,1,1,2024,2024
98368049,1,1,2025,2025
98369831,1,1,2025,2025
98371795,1,1,2023,2023
98373513,1,1,2025,2025
98378881,1,1,2025,2025
98380847,1,1,2024,2024
98386944,1,1,2024,2024
98388344,1,1,2021,2021
98402079,1,1,2023,2023
98409490,1,1,2024,2024
98419911,1,1,2025,2025
98432167,1,1,2025,2025
98437442,1,1,2025,2025
98451979,1,1,2025,2025
98455083,1,1,2024,2024
98462720,1,1,2025,2025
98466834,1,1,2025,2025
98470746,1,1,2025,2025
98470976,1,1,2024,2024
98473917,1,1,2024,2024
98474634,1,1,2022,2022
98478971,1,1,2024,2024
98481880,1,1,2024,2024
98485147,1,1,2024,2024
98489138,1,1,2025,2025
98491671,1,1,2024,2024
98511974,1,1,2024,2024
98520475,1,1,2025,2025
98520543,1,1,2026,2026
98521983,1,1,2025,2025
98525749,1,1,2024,2024
98526688,1,1,2021,2021
98529447,1,1,2024,2024
98530686,1,1,2025,2025
98540683,1,1,2025,2025
98541163,1,1,2024,2024
98552675,1,1,2025,2025
98559904,1,1,2025,2025
98577383,1,1,2026,2026
98579929,1,1,2025,2025
98583309,1,1,2024,2024
98587230,1,1,2025,2025
98591124,1,1,2025,2025
98598132,1,1,2026,2026
98602282,1,1,2024,2024
98605516,1,1,2025,2025
98608486,1,1,2024,2024
98610511,1,1,2024,2024
98623842,1,1,2023,2023
98639163,1,1,2025,2025
98649087,1,1,2024,2024
98676388,1,1,2024,2024
98676719,1,1,2025,2025
98678799,1,1,2025,2025
98686512,1,1,2024,2024
98687146,1,1,2024,2024
98692523,1,1,2026,2026
98694052,1,1,2024,2024
98700544,1,1,2024,2024
98701655,1,1,2024,2024
98709375,1,1,2025,2025
98717285,1,1,2024,2024
98724771,1,1,2024,2024
98730341,1,1,2025,2025
98731580,1,1,2025,2025
98737698,1,1,2025,2025
98738132,1,1,2024,2024
98751001,1,1,2023,2023
98751148,1,1,2024,2024
98751515,1,1,2025,2025
98751931,1,1,2024,2024
98752003,1,1,2024,2024
98753467,1,1,2021,2021
98755340,1,1,2026,2026
98763765,1,1,2023,2023
98764634,1,1,2024,2024
98778958,1,1,2025,2025
98783571,1,1,2024,2024
98801004,1,1,2026,2026
98803165,1,1,2024,2024
98805697,1,1,2024,2024
98809439,1,1,2025,2025
98812869,1,1,2024,2024
98816261,1,1,2021,2021
98855333,1,1,2025,2025
98898173,1,1,2024,2024
98907854,1,1,2020,2020
98925325,1,1,2023,2023
98925979,1,1,2021,2021
98971948,1,1,2025,2025
99019357,1,1,2021,2021
99032783,1,1,2025,2025
99034824,1,1,2025,2025
99042171,1,1,2025,2025
99046160,1,1,2024,2024
99057474,1,1,2025,2025
99061891,1,1,2024,2024
99062328,1,1,2025,2025
99064979,1,1,2025,2025
99065325,1,1,2024,2024
99068841,1,1,2024,2024
99087529,1,1,2024,2024
99088819,1,1,2025,2025
99140290,1,1,2024,2024
99179635,1,1,2023,2023
99188788,1,1,2023,2023
99192537,1,1,2025,2025
99192830,1,1,2025,2025
99198840,1,1,2024,2024
99227148,1,1,2021,2021
99229032,1,1,2023,2023
99235599,1,1,2025,2025
99238669,1,1,2025,2025
99247462,1,1,2025,2025
99248121,1,1,2025,2025
99262943,1,1,2025,2025
99283988,1,1,2025,2025
99288967,1,1,2024,2024
99290146,1,1,2023,2023
99300973,1,1,2024,2024
99302906,1,1,2024,2024
99308968,1,1,2024,2024
99328220,1,1,2025,2025
99329385,1,1,2024,2024
99333806,1,1,2025,2025
99345689,1,1,2023,2023
99345703,1,1,2025,2025
99349483,1,1,2024,2024
99359294,1,1,2024,2024
99362030,1,1,2024,2024
99363790,1,1,2024,2024
99370196,1,1,2024,2024
99370862,1,1,2025,2025
99370944,1,1,2024,2024
99373060,1,1,2024,2024
99388354,1,1,2024,2024
99393528,1,1,2025,2025
99394157,1,1,2024,2024
99396404,1,1,2024,2024
99409927,1,1,2025,2025
99420000,1,1,2025,2025
99422283,1,1,2024,2024
99426591,1,1,2024,2024
99427982,1,1,2025,2025
99428778,1,1,2024,2024
99429526,1,1,2024,2024
99431707,1,1,2021,2021
99433958,1,1,2025,2025
99435142,1,1,2025,2025
99445363,1,1,2025,2025
99455677,1,1,2024,2024
99456937,1,1,2025,2025
99459471,1,1,2025,2025
99464180,1,1,2024,2024
99473879,1,1,2024,2024
99479104,1,1,2025,2025
99480971,1,1,2025,2025
99485241,1,1,2026,2026
99487024,1,1,2025,2025
99501841,1,1,2024,2024
99517830,1,1,2024,2024
99547124,1,1,2025,2025
99547438,1,1,2024,2024
99550359,1,1,2025,2025
99559901,1,1,2024,2024
99561363,1,1,2025,2025
99564928,1,1,2024,2024
99578404,1,1,2023,2023
99584398,1,1,2026,2026
99587282,1,1,2024,2024
99587594,1,1,2024,2024
99587919,1,1,2025,2025
99589120,1,1,2024,2024
99589143,1,1,2024,2024
99591942,1,1,2025,2025
99597036,1,1,2026,2026
99600896,1,1,2024,2024
99610322,1,1,2024,2024
99610509,1,1,2025,2025
99616798,1,1,2025,2025
99617639,1,1,2024,2024
99620177,1,1,2025,2025
99624526,1,1,2024,2024
99628001,1,1,2024,2024
99628713,1,1,2024,2024
99630168,1,1,2024,2024
99630477,1,1,2025,2025
99633976,1,1,2024,2024
99636392,1,1,2024,2024
99641003,1,1,2024,2024
99642360,1,1,2025,2025
99650022,1,1,2025,2025
99655034,1,1,2024,2024
99655635,1,1,2025,2025
99687541,1,1,2023,2023
99689012,1,1,2025,2025
99696306,1,1,2025,2025
99717076,1,1,2025,2025
99725904,1,1,2024,2024
99761726,1,1,2026,2026
99771946,1,1,2022,2022
99776849,1,1,2023,2023
99779510,1,1,2025,2025
99797966,1,1,2023,2023
99809877,1,1,2024,2024
99819098,1,1,2024,2024
99820563,1,1,2025,2025
99820627,1,1,2025,2025
99827464,1,1,2025,2025
99832698,1,1,2024,2024
99834618,1,1,2025,2025
99837631,1,1,2024,2024
99840410,1,1,2024,2024
99850281,1,1,2024,2024
99852028,1,1,2024,2024
99854012,1,1,2024,2024
99854887,1,1,2024,2024
99860547,1,1,2024,2024
99871890,1,1,2025,2025
99892714,1,1,2025,2025
99899943,1,1,2024,2024
99922402,1,1,2025,2025
99925827,1,1,2025,2025
99932195,1,1,2025,2025
99949866,1,1,2024,2024
99949963,1,1,2025,2025
99952264,1,1,2025,2025
99952545,1,1,2025,2025
99956807,1,1,2024,2024
99960915,1,1,2025,2025
99961332,1,1,2026,2026
99965701,1,1,2024,2024
99966685,1,1,2024,2024
99969399,1,1,2025,2025
99970263,1,1,2025,2025
99974328,1,1,2024,2024
99974796,1,1,2025,2025
99978767,1,1,2024,2024
99987090,1,1,2024,2024
99989359,1,1,2024,2024
100009771,1,1,2024,2024
100020846,1,1,2025,2025
100029063,1,1,2024,2024
100052918,1,1,2025,2025
100055589,1,1,2025,2025
100059553,1,1,2025,2025
100069445,1,1,2025,2025
100074017,1,1,2025,2025
100087679,1,1,2024,2024
100089885,1,1,2024,2024
100091163,1,1,2024,2024
100093326,1,1,2024,2024
100093525,1,1,2024,2024
100093790,1,1,2024,2024
100109178,1,1,2024,2024
100128473,1,1,2024,2024
100147584,1,1,2024,2024
100148196,1,1,2021,2021
100163822,1,1,2025,2025
100166561,1,1,2025,2025
100172743,1,1,2025,2025
100186768,1,1,2024,2024
100198948,1,1,2025,2025
100206674,1,1,2021,2021
100206965,1,1,2025,2025
100210629,1,1,2023,2023
100210878,1,1,2024,2024
100211168,1,1,2024,2024
100214145,1,1,2024,2024
100220072,1,1,2024,2024
100225922,1,1,2025,2025
100231963,1,1,2024,2024
100240354,1,1,2025,2025
100262409,1,1,2023,2023
100269165,1,1,2024,2024
100272818,1,1,2025,2025
100274903,1,1,2024,2024
100281089,1,1,2025,2025
100298750,1,1,2025,2025
100299552,1,1,2025,2025
100301000,1,1,2025,2025
100305237,1,1,2024,2024
100316510,1,1,2025,2025
100323643,1,1,2023,2023
100324402,1,1,2024,2024
100326191,1,1,2025,2025
100331935,1,1,2025,2025
100346260,1,1,2025,2025
100361524,1,1,2021,2021
100367649,1,1,2021,2021
100384620,1,1,2024,2024
100384626,1,1,2025,2025
100400952,1,1,2024,2024
100411364,1,1,2023,2023
100423239,1,1,2025,2025
100431198,1,1,2025,2025
100439450,1,1,2025,2025
100446643,1,1,2024,2024
100446744,1,1,2023,2023
100450545,1,1,2024,2024
100450901,1,1,2025,2025
100454737,1,1,2021,2021
100455876,1,1,2024,2024
100456505,1,1,2025,2025
100457411,1,1,2023,2023
100458602,1,1,2020,2020
100481475,1,1,2024,2024
100485664,1,1,2024,2024
100494547,1,1,2025,2025
100496165,1,1,2025,2025
100496429,1,1,2021,2021
100496632,1,1,2024,2024
100497827,1,1,2025,2025
100515360,1,1,2025,2025
100515891,1,1,2024,2024
100520132,1,1,2025,2025
100521349,1,1,2025,2025
100534133,1,1,2025,2025
100543095,1,1,2025,2025
100545297,1,1,2025,2025
100561401,1,1,2025,2025
100561637,1,1,2024,2024
100562993,1,1,2025,2025
100563691,1,1,2025,2025
100566091,1,1,2025,2025
100576045,1,1,2024,2024
100581863,1,1,2025,2025
100589735,1,1,2024,2024
100589747,1,1,2025,2025
100590324,1,1,2025,2025
100590920,1,1,2024,2024
100592901,1,1,2025,2025
100594491,1,1,2025,2025
100600223,1,1,2025,2025
100603929,1,1,2025,2025
100618910,1,1,2025,2025
100619176,1,1,2025,2025
100626418,1,1,2025,2025
100629790,1,1,2025,2025
100631373,1,1,2025,2025
100643988,1,1,2025,2025
100654226,1,1,2025,2025
100667263,1,1,2025,2025
100668488,1,1,2024,2024
100685524,1,1,2025,2025
100702840,1,1,2025,2025
100707214,1,1,2025,2025
100715324,1,1,2025,2025
100715426,1,1,2024,2024
100720024,1,1,2025,2025
100720518,1,1,2025,2025
100723528,1,1,2025,2025
100733708,1,1,2023,2023
100739165,1,1,2025,2025
100741673,1,1,2025,2025
100745015,1,1,2025,2025
100746431,1,1,2025,2025
100746774,1,1,2025,2025
100757747,1,1,2025,2025
100758985,1,1,2025,2025
100759469,1,1,2025,2025
100760213,1,1,2025,2025
100770188,1,1,2025,2025
100799145,1,1,2025,2025
100817973,1,1,2025,2025
100820715,1,1,2025,2025
100822082,1,1,2022,2022
100828965,1,1,2015,2015
100834384,1,1,2023,2023
100835065,1,1,2025,2025
100844395,1,1,2024,2024
100860827,1,1,2024,2024
100865687,1,1,2025,2025
100866441,1,1,2025,2025
100866936,1,1,2024,2024
100882964,1,1,2025,2025
100904234,1,1,2025,2025
100913859,1,1,2025,2025
100920960,1,1,2024,2024
100941891,1,1,2025,2025
100941923,1,1,2025,2025
100942609,1,1,2025,2025
100950156,1,1,2024,2024
100962583,1,1,2025,2025
100964251,1,1,2024,2024
100966775,1,1,2025,2025
100971093,1,1,2025,2025
100985416,1,1,2025,2025
100992907,1,1,2025,2025
100995150,1,1,2025,2025
100997873,1,1,2025,2025
101000818,1,1,2024,2024
101000905,1,1,2025,2025
101010633,1,1,2025,2025
101011836,1,1,2024,2024
101014814,1,1,2024,2024
101017005,1,1,2024,2024
101024218,1,1,2024,2024
101025932,1,1,2025,2025
101039999,1,1,2025,2025
101041319,1,1,2025,2025
101064242,1,1,2025,2025
101069113,1,1,2025,2025
101071171,1,1,2025,2025
101071651,1,1,2025,2025
101079615,1,1,2025,2025
101090503,1,1,2025,2025
101090717,1,1,2025,2025
101093919,1,1,2025,2025
101097852,1,1,2025,2025
101115084,1,1,2025,2025
101121066,1,1,2025,2025
101126072,1,1,2022,2022
101135656,1,1,2024,2024
101140117,1,1,2025,2025
101141262,1,1,2024,2024
101141368,1,1,2024,2024
101144254,1,1,2025,2025
101146057,1,1,2025,2025
101175294,1,1,2025,2025
101203943,1,1,2023,2023
101210786,1,1,2020,2020
101213964,1,1,2025,2025
101227824,1,1,2025,2025
101229771,1,1,2025,2025
101242774,1,1,2025,2025
101249364,1,1,2024,2024
101251828,1,1,2024,2024
101252436,1,1,2025,2025
101252820,1,1,2025,2025
101255153,1,1,2025,2025
101258939,1,1,2025,2025
101262376,1,1,2025,2025
101263014,1,1,2025,2025
101276912,1,1,2025,2025
101293166,1,1,2025,2025
101306194,1,1,2025,2025
101312567,1,1,2025,2025
101317842,1,1,2025,2025
101323974,1,1,2025,2025
101326070,1,1,2024,2024
101350115,1,1,2025,2025
101371550,1,1,2025,2025
101376391,1,1,2024,2024
101379347,1,1,2025,2025
101379659,1,1,2026,2026
101385188,1,1,2026,2026
101385393,1,1,2025,2025
101398274,1,1,2025,2025
101402239,1,1,2025,2025
101406517,1,1,2025,2025
101427731,1,1,2025,2025
101430015,1,1,2025,2025
101431942,1,1,2025,2025
101433020,1,1,2025,2025
101433880,1,1,2025,2025
101441192,1,1,2025,2025
101448009,1,1,2025,2025
101458253,1,1,2025,2025
101499127,1,1,2025,2025
101507623,1,1,2025,2025
101508529,1,1,2025,2025
101536184,1,1,2025,2025
101548968,1,1,2023,2023
101588011,1,1,2023,2023
101599859,1,1,2025,2025
101608221,1,1,2023,2023
101613819,1,1,2023,2023
101625971,1,1,2025,2025
101629857,1,1,2025,2025
101633863,1,1,2026,2026
101685408,1,1,2025,2025
101690185,1,1,2025,2025
101692037,1,1,2025,2025
101697428,1,1,2025,2025
101705548,1,1,2025,2025
101707383,1,1,2025,2025
101737771,1,1,2024,2024
101746606,1,1,2025,2025
101774790,1,1,2025,2025
101782428,1,1,2025,2025
101791213,1,1,2025,2025
101800550,1,1,2025,2025
101865092,1,1,2025,2025
101866437,1,1,2025,2025
101871003,1,1,2025,2025
101871158,1,1,2025,2025
101871526,1,1,2025,2025
101874170,1,1,2025,2025
101910368,1,1,2025,2025
101913501,1,1,2025,2025
101915542,1,1,2025,2025
101964633,1,1,2025,2025
101965060,1,1,2025,2025
101969148,1,1,2025,2025
101976741,1,1,2020,2020
101981116,1,1,2025,2025
101982406,1,1,2025,2025
101985320,1,1,2025,2025
102027053,1,1,2025,2025
102027328,1,1,2025,2025
102030994,1,1,2025,2025
102035898,1,1,2025,2025
102063397,1,1,2025,2025
102073497,1,1,2025,2025
102087854,1,1,2025,2025
102093363,1,1,2025,2025
102094628,1,1,2025,2025
102099750,1,1,2025,2025
102110654,1,1,2025,2025
102115407,1,1,2024,2024
102117226,1,1,2025,2025
102146078,1,1,2025,2025
102150915,1,1,2024,2024
102160552,1,1,2025,2025
102161521,1,1,2025,2025
102167187,1,1,2025,2025
102167543,1,1,2025,2025
102172890,1,1,2025,2025
102178884,1,1,2025,2025
102186717,1,1,2024,2024
102188603,1,1,2025,2025
102211225,1,1,2025,2025
102217232,1,1,2025,2025
102217492,1,1,2024,2024
102232945,1,1,2025,2025
102236839,1,1,2025,2025
102242594,1,1,2023,2023
102243077,1,1,2025,2025
102245593,1,1,2024,2024
102250113,1,1,2023,2023
102256895,1,1,2024,2024
102265519,1,1,2025,2025
102275941,1,1,2025,2025
102278646,1,1,2025,2025
102284171,1,1,2024,2024
102289958,1,1,2025,2025
102303523,1,1,2025,2025
102304732,1,1,2025,2025
102310868,1,1,2025,2025
102313467,1,1,2025,2025
102329963,1,1,2024,2024
102350768,1,1,2025,2025
102367858,1,1,2025,2025
102372449,1,1,2025,2025
102378847,1,1,2025,2025
102402593,1,1,2026,2026
102429715,1,1,2025,2025
102464965,1,1,2025,2025
102492721,1,1,2025,2025
102528107,1,1,2026,2026
102746821,1,1,2025,2025
